,PlanningArea,Subzone,PlanningRegion,Total,young,old,EconomicallyActive,Young,Old,EconomicallyActive,Year
1,Ang Mo Kio,Ang Mo Kio Town Centre,North East Region,4940,1350,720,2870,27.3278799,14.57486928,58.09704839,2017
2,Ang Mo Kio,Cheng San,North East Region,28350,6080,5130,17140,21.44620055,18.09523171,60.45853247,2017
3,Ang Mo Kio,Chong Boon,North East Region,26740,5500,5540,15720,20.55305659,20.70253337,58.74437267,2017
4,Ang Mo Kio,Kebun Bahru,North East Region,22620,4870,4610,13140,21.52961029,20.38018551,58.09016,2017
5,Ang Mo Kio,Sembawang Hills,North East Region,6800,2000,1180,3630,29.3685325,17.32743417,53.30388648,2017
6,Ang Mo Kio,Shangri-La,North East Region,16800,3800,3240,9780,22.59213877,19.26277095,58.14503083,2017
7,Ang Mo Kio,Tagore,North East Region,8130,2230,1210,4680,27.46302037,14.90145948,57.635397,2017
8,Ang Mo Kio,Townsville,North East Region,22690,4910,4660,13140,21.62042201,20.51958586,57.8599481,2017
9,Ang Mo Kio,Yio Chu Kang,North East Region,40,0,0,0,0,0,0,2017
10,Ang Mo Kio,Yio Chu Kang East,North East Region,4030,1100,640,2300,27.22765538,15.84154495,56.93055215,2017
11,Ang Mo Kio,Yio Chu Kang North,North East Region,0,0,0,0,0,0,0,2017
12,Ang Mo Kio,Yio Chu Kang West,North East Region,25690,6470,4060,15160,25.18488704,15.80380856,59.01126547,2017
13,Bedok,Bayshore,East Region,7310,2100,780,4440,28.6884854,10.65572315,60.65565484,2017
14,Bedok,Bedok North,East Region,83810,20080,14510,49230,23.95609354,17.31090225,58.73299228,2017
15,Bedok,Bedok Reservoir,East Region,26190,7370,2970,15850,28.1405009,11.34020186,60.51925906,2017
16,Bedok,Bedok South,East Region,48990,11830,9170,27990,24.14778033,18.71810192,57.13409734,2017
17,Bedok,Frankel,East Region,33900,9320,5240,19340,27.49261726,15.45722258,57.05013066,2017
18,Bedok,Kaki Bukit,East Region,39430,10070,5490,23890,25.52597579,13.91634628,60.55765258,2017
19,Bedok,Kembangan,East Region,38690,8960,6800,22940,23.1524488,17.57105489,59.27647047,2017
20,Bedok,Siglap,East Region,6620,1460,1550,3620,22.02108292,23.37854694,54.60021931,2017
21,Bishan,Bishan East,Central Region,28970,6780,4590,17600,23.40351281,15.84397106,60.75248162,2017
22,Bishan,Marymount,Central Region,30680,8720,3720,18230,28.43168294,12.12911245,59.43917201,2017
23,Bishan,Upper Thomson,Central Region,30630,7670,5440,17540,25.02446166,17.74877072,57.226735,2017
24,Boon Lay,Liu Fang,NA,10,0,0,0,0,0,0,2017
25,Boon Lay,Samulun,NA,20,0,0,0,0,0,0,2017
26,Boon Lay,Shipyard,NA,10,0,0,0,0,0,0,2017
27,Boon Lay,Tukang,NA,10,0,0,0,0,0,0,2017
28,Bukit Batok,Brickworks,West Region,0,0,0,0,0,0,0,2017
29,Bukit Batok,Bukit Batok Central,West Region,25120,6390,3310,15420,25.43788796,13.17674635,61.38532588,2017
30,Bukit Batok,Bukit Batok East,West Region,13820,3250,1850,8740,23.48264199,13.36704236,63.15024339,2017
31,Bukit Batok,Bukit Batok South,West Region,14020,4120,1190,8710,29.38656962,8.487868411,62.12549064,2017
32,Bukit Batok,Bukit Batok West,West Region,15730,4170,1910,9660,26.4929946,12.13468098,61.37226088,2017
33,Bukit Batok,Gombak,West Region,10110,2830,1330,5950,27.99205936,13.15527878,58.85256295,2017
34,Bukit Batok,Guilin,West Region,13290,3590,1550,8180,26.95193172,11.6366279,61.41136531,2017
35,Bukit Batok,Hillview,West Region,18780,5580,2000,11200,29.71244424,10.64962159,59.63788092,2017
36,Bukit Batok,Hong Kah North,West Region,27420,7210,3120,17120,26.2659285,11.36611608,62.36791899,2017
37,Bukit Merah,Alexandra Hill,Central Region,14830,3420,3180,8240,23.04580657,21.42855699,55.52556905,2017
38,Bukit Merah,Alexandra North,Central Region,1060,290,80,670,27.88434727,7.692233729,64.42245748,2017
39,Bukit Merah,Bukit Ho Swee,Central Region,15650,3170,3440,9060,20.22972544,21.952762,57.81744874,2017
40,Bukit Merah,Bukit Merah,Central Region,1150,290,260,640,24.36954311,21.84855589,53.78106066,2017
41,Bukit Merah,City Terminals,Central Region,40,0,0,0,0,0,0,2017
42,Bukit Merah,Depot Road,Central Region,5900,1540,910,3470,26.01346957,15.37159566,58.61476585,2017
43,Bukit Merah,Everton Park,Central Region,8750,1850,1820,5090,21.11869735,20.77623199,58.1049565,2017
44,Bukit Merah,Henderson Hill,Central Region,11870,2640,2710,6530,22.22220352,22.81142861,54.9662837,2017
45,Bukit Merah,Kampong Tiong Bahru,Central Region,9810,1970,2240,5630,20.02030486,22.76420451,57.21538901,2017
46,Bukit Merah,Maritime Square,Central Region,2770,750,220,1810,26.97832022,7.913640598,65.10767947,2017
47,Bukit Merah,Redhill,Central Region,12190,3100,1950,7140,25.43066002,15.9967055,58.57255244,2017
48,Bukit Merah,Singapore General Hospital,Central Region,10,0,0,0,0,0,0,2017
49,Bukit Merah,Telok Blangah Drive,Central Region,16490,3600,3290,9610,21.8181686,19.93938185,58.24238894,2017
50,Bukit Merah,Telok Blangah Rise,Central Region,13080,2640,3020,7420,20.18347081,23.08866736,56.72778538,2017
51,Bukit Merah,Telok Blangah Way,Central Region,10160,2110,2210,5840,20.76769609,21.75194709,57.48025839,2017
52,Bukit Merah,Tiong Bahru,Central Region,12860,2820,2390,7650,21.92844329,18.58474449,59.48673446,2017
53,Bukit Merah,Tiong Bahru Station,Central Region,16200,4060,2690,9440,25.07719266,16.6151843,58.30756127,2017
54,Bukit Panjang,Bangkit,West Region,23240,5960,3110,14180,25.63439758,13.37633833,60.98922108,2017
55,Bukit Panjang,Dairy Farm,West Region,6520,2000,590,3930,30.67479958,9.049065876,60.27598117,2017
56,Bukit Panjang,Fajar,West Region,28770,8990,2610,17180,31.23695926,9.068794625,59.69421136,2017
57,Bukit Panjang,Jelebu,West Region,32130,8920,3720,19500,27.75356946,11.57435856,60.67204086,2017
58,Bukit Panjang,Nature Reserve,West Region,3870,1160,410,2300,29.97408275,10.59428787,59.43137098,2017
59,Bukit Panjang,Saujana,West Region,26390,8350,2050,15980,31.65275525,7.77103572,60.57617112,2017
60,Bukit Panjang,Senja,West Region,21020,6840,1750,12440,32.52494887,8.321441597,59.15356198,2017
61,Bukit Timah,Anak Bukit,Central Region,21970,6080,3420,12480,27.66149788,15.55959256,56.77886407,2017
62,Bukit Timah,Coronation Road,Central Region,6260,1880,1050,3330,30.03190091,16.77313615,53.1948032,2017
63,Bukit Timah,Farrer Court,Central Region,6000,1760,860,3400,29.23583183,14.28569056,56.4783115,2017
64,Bukit Timah,Hillcrest,Central Region,8980,2780,1310,4910,30.88885457,14.55553938,54.55549494,2017
65,Bukit Timah,Holland Road,Central Region,10440,3370,1320,5770,32.21794243,12.6194908,55.16247116,2017
66,Bukit Timah,Leedon Park,Central Region,6400,1730,1000,3650,27.11594496,15.67395662,57.20994168,2017
67,Bukit Timah,Swiss Club,Central Region,5580,1650,830,3110,29.51694183,14.84791619,55.63496309,2017
68,Bukit Timah,Ulu Pandan,Central Region,10750,3030,1790,5930,28.18602029,16.6511473,55.16273938,2017
69,Central Water Catchment,Central Water Catchment,NA,0,0,0,0,0,0,0,2017
70,Changi,Changi Airport,East Region,0,0,0,0,0,0,0,2017
71,Changi,Changi Point,East Region,740,140,170,430,18.91866326,22.97266253,58.10732287,2017
72,Changi,Changi West,East Region,1480,620,70,790,41.89160884,4.729697772,53.37801772,2017
73,Changi Bay,Changi Bay,NA,0,0,0,0,0,0,0,2017
74,Choa Chu Kang,Choa Chu Kang Central,West Region,21430,6670,1910,12850,31.12457717,8.912734992,59.96264117,2017
75,Choa Chu Kang,Choa Chu Kang North,West Region,33490,11620,2530,19340,34.69691409,7.554491623,57.74856442,2017
76,Choa Chu Kang,Keat Hong,West Region,29340,9740,1920,17690,33.18567864,6.54173542,60.27255187,2017
77,Choa Chu Kang,Peng Siang,West Region,34170,10450,3110,20620,30.57342581,9.098885577,60.32765935,2017
78,Choa Chu Kang,Teck Whye,West Region,25880,7110,3320,15460,27.46233006,12.82347902,59.71415229,2017
79,Choa Chu Kang,Yew Tee,West Region,42280,13570,3090,25640,32.08037067,7.304962812,60.61464288,2017
80,Clementi,Clementi Central,West Region,13100,3100,2470,7550,23.62803077,18.82620516,57.54568785,2017
81,Clementi,Clementi North,West Region,30360,6500,6140,17710,21.4167969,20.23063584,58.35253432,2017
82,Clementi,Clementi West,West Region,16180,3820,2650,9730,23.58023236,16.35801459,60.06169132,2017
83,Clementi,Clementi Woods,West Region,16160,4040,2810,9330,24.96908222,17.36710917,57.66374681,2017
84,Clementi,Faber,West Region,4620,1400,590,2640,30.23751569,12.74295304,57.01931529,2017
85,Clementi,Pandan,West Region,10,0,0,0,0,0,0,2017
86,Clementi,Sunset Way,West Region,6120,1470,1150,3500,24.0195686,18.79081897,57.18944904,2017
87,Clementi,Toh Tuck,West Region,30,0,0,0,0,0,0,2017
88,Clementi,West Coast,West Region,6010,1920,720,3390,31.84074322,11.94027871,56.21881224,2017
89,Downtown Core,Anson,Central Region,90,0,0,0,0,0,0,2017
90,Downtown Core,Bayfront Subzone,Central Region,0,0,0,0,0,0,0,2017
91,Downtown Core,Bugis,Central Region,840,120,210,490,14.63396788,25.60944379,59.75536884,2017
92,Downtown Core,Cecil,Central Region,220,60,10,160,26.08582236,4.347637059,69.56219295,2017
93,Downtown Core,Central Subzone,Central Region,610,120,30,470,19.35452654,4.838631635,75.80522895,2017
94,Downtown Core,City Hall,Central Region,70,0,0,0,0,0,0,2017
95,Downtown Core,Clifford Pier,Central Region,0,0,0,0,0,0,0,2017
96,Downtown Core,Marina Centre,Central Region,10,0,0,0,0,0,0,2017
97,Downtown Core,Maxwell,Central Region,0,0,0,0,0,0,0,2017
98,Downtown Core,Phillip,Central Region,0,0,0,0,0,0,0,2017
99,Downtown Core,Raffles Place,Central Region,40,0,0,0,0,0,0,2017
100,Downtown Core,Tanjong Pagar,Central Region,580,80,80,440,13.33311111,13.33311111,73.33211113,2017
101,Geylang,Aljunied,Central Region,40010,8770,6930,24290,21.93047714,17.329328,60.74016986,2017
102,Geylang,Geylang East,Central Region,32140,7780,5470,18890,24.20658861,17.01928531,58.77409497,2017
103,Geylang,Kallang Way,Central Region,40,0,0,0,0,0,0,2017
104,Geylang,Kampong Ubi,Central Region,12600,3200,1490,7910,25.39680524,11.82538744,62.77772795,2017
105,Geylang,Macpherson,Central Region,28680,6750,5060,16870,23.53555665,17.64295061,58.82145787,2017
106,Hougang,Defu Industrial Park,North East Region,30,0,0,0,0,0,0,2017
107,Hougang,Hougang Central,North East Region,4760,1240,660,2860,26.05036544,13.86551709,60.08390739,2017
108,Hougang,Hougang East,North East Region,24820,6650,2600,15600,26.76055261,10.46277245,62.7766347,2017
109,Hougang,Hougang West,North East Region,47350,11160,6630,29570,23.56418421,13.99915245,62.43664222,2017
110,Hougang,Kangkar,North East Region,30180,7870,4000,18340,26.05096787,13.24064441,60.70835461,2017
111,Hougang,Kovan,North East Region,25900,7000,3630,15260,27.03745576,14.02085206,58.94165356,2017
112,Hougang,Lorong Ah Soo,North East Region,32970,7760,5650,19580,23.52227235,17.12639675,59.35130059,2017
113,Hougang,Lorong Halus,North East Region,0,0,0,0,0,0,0,2017
114,Hougang,Tai Seng,North East Region,14290,3790,2340,8180,26.48495703,16.35218983,57.16278325,2017
115,Hougang,Trafalgar,North East Region,44110,12550,5050,26520,28.44514314,11.44605362,60.10878057,2017
116,Jurong East,International Business Park,West Region,10,0,0,0,0,0,0,2017
117,Jurong East,Jurong Gateway,West Region,250,70,0,170,29.16545144,0,70.83038207,2017
118,Jurong East,Jurong Port,West Region,0,0,0,0,0,0,0,2017
119,Jurong East,Jurong River,West Region,10,0,0,0,0,0,0,2017
120,Jurong East,Lakeside,West Region,910,170,220,550,18.08491399,23.40400634,58.51001585,2017
121,Jurong East,Penjuru Crescent,West Region,10,0,0,0,0,0,0,2017
122,Jurong East,Teban Gardens,West Region,19780,5090,3170,11510,25.7460669,16.03438744,58.21949508,2017
123,Jurong East,Toh Guan,West Region,15870,4290,1650,9930,27.03211907,10.39696887,62.57084904,2017
124,Jurong East,Yuhua East,West Region,26330,6070,4320,15940,23.05354233,16.40713391,60.53928578,2017
125,Jurong East,Yuhua West,West Region,20420,5240,2950,12230,25.66110399,14.44661389,59.89223316,2017
126,Jurong West,Boon Lay Place,West Region,30090,9040,3300,17770,30.02323812,10.95981038,59.01691829,2017
127,Jurong West,Boon Lay Place,North Region,30090,9040,3300,17770,30.02323812,10.95981038,59.01691829,2017
128,Jurong West,Chin Bee,West Region,10,0,0,0,0,0,0,2017
129,Jurong West,Chin Bee,North Region,10,0,0,0,0,0,0,2017
130,Jurong West,Hong Kah,West Region,55420,14170,7680,33590,25.55915845,13.85281135,60.58801216,2017
131,Jurong West,Hong Kah,North Region,55420,14170,7680,33590,25.55915845,13.85281135,60.58801216,2017
132,Jurong West,Jurong West Central,West Region,67630,20330,5240,42060,30.06061954,7.748039665,62.19132601,2017
133,Jurong West,Jurong West Central,North Region,67630,20330,5240,42060,30.06061954,7.748039665,62.19132601,2017
134,Jurong West,Kian Teck,West Region,50,0,0,0,0,0,0,2017
135,Jurong West,Kian Teck,North Region,50,0,0,0,0,0,0,2017
136,Jurong West,Safti,West Region,0,0,0,0,0,0,0,2017
137,Jurong West,Safti,North Region,0,0,0,0,0,0,0,2017
138,Jurong West,Taman Jurong,West Region,37400,11340,3820,22240,30.32084751,10.21390101,59.46522474,2017
139,Jurong West,Taman Jurong,North Region,37400,11340,3820,22240,30.32084751,10.21390101,59.46522474,2017
140,Jurong West,Wenya,West Region,8560,2760,680,5140,32.16779468,7.925398688,59.90669009,2017
141,Jurong West,Wenya,North Region,8560,2760,680,5140,32.16779468,7.925398688,59.90669009,2017
142,Jurong West,Yunnan,West Region,68700,20850,6540,41350,30.3316802,9.514109759,60.1541955,2017
143,Jurong West,Yunnan,North Region,68700,20850,6540,41350,30.3316802,9.514109759,60.1541955,2017
144,Kallang,Bendemeer,Central Region,34860,7710,6120,21040,22.11069053,17.55089832,60.33838247,2017
145,Kallang,Boon Keng,Central Region,12300,2600,2470,7260,21.08676311,20.03242495,58.88073083,2017
146,Kallang,Crawford,Central Region,9350,1630,2570,5150,17.43313644,27.48660162,55.08015499,2017
147,Kallang,Geylang Bahru,Central Region,12320,2680,2430,7220,21.73558659,19.70801321,58.55631909,2017
148,Kallang,Kallang Bahru,Central Region,30,0,0,0,0,0,0,2017
149,Kallang,Kampong Bugis,Central Region,860,170,140,550,19.76721201,16.27888048,63.95274474,2017
150,Kallang,Kampong Java,Central Region,10850,2410,2120,6330,22.19150811,19.52116066,58.28723915,2017
151,Kallang,Lavender,Central Region,9990,2230,1810,5950,22.32229998,18.11809998,59.55949994,2017
152,Kallang,Tanjong Rhu,Central Region,11060,2930,1370,6770,26.46790744,12.37577925,61.15622298,2017
153,Lim Chu Kang,Lim Chu Kang,NA,110,40,20,60,33.33055579,16.66527789,49.99583368,2017
154,Mandai,Mandai East,North Region,0,0,0,0,0,0,0,2017
155,Mandai,Mandai Estate,North Region,2130,670,220,1220,31.75340401,10.42649087,57.81963119,2017
156,Mandai,Mandai West,North Region,0,0,0,0,0,0,0,2017
157,Marina East,Marina East,NA,0,0,0,0,0,0,0,2017
158,Marina South,Marina South,NA,0,0,0,0,0,0,0,2017
159,Marine Parade,East Coast,Central Region,0,0,0,0,0,0,0,2017
160,Marine Parade,Katong,Central Region,9430,2460,1430,5550,26.05929443,15.14828904,58.7923106,2017
161,Marine Parade,Marina East (Mp),Central Region,0,0,0,0,0,0,0,2017
162,Marine Parade,Marine Parade,Central Region,28080,6990,5660,15450,24.87543599,20.14234159,54.98218684,2017
163,Marine Parade,Mountbatten,Central Region,10380,2860,1520,6010,27.52644126,14.62943732,57.84402517,2017
164,Museum,Bras Basah,Central Region,10,0,0,0,0,0,0,2017
165,Museum,Dhoby Ghaut,Central Region,220,20,10,160,10.5257618,5.262880901,84.20609442,2017
166,Museum,Fort Canning,Central Region,180,50,10,120,27.77623465,5.555246931,66.66296317,2017
167,Newton,Cairnhill,Central Region,3520,940,500,2100,26.55359731,14.12425389,59.32186632,2017
168,Newton,Goodwood Park,Central Region,1060,340,110,620,31.77540397,10.28027775,57.94338371,2017
169,Newton,Istana Negara,Central Region,50,0,0,0,0,0,0,2017
170,Newton,Monk's Hill,Central Region,930,250,140,540,26.88143138,15.05360157,58.06389179,2017
171,Newton,Newton Circus,Central Region,230,70,30,150,27.99888004,11.99952002,59.9976001,2017
172,Newton,Orange Grove,Central Region,1480,340,260,920,22.36827389,17.10515062,60.52591759,2017
173,North-Eastern Islands,North-Eastern Islands,NA,50,0,0,0,0,0,0,2017
174,Novena,Balestier,Central Region,32470,7580,5680,19210,23.34461862,17.49306514,59.16228544,2017
175,Novena,Dunearn,Central Region,3890,1130,720,2070,28.82645708,18.36730008,52.80598774,2017
176,Novena,Malcolm,Central Region,2690,800,450,1460,29.52018627,16.60510478,53.87433995,2017
177,Novena,Moulmein,Central Region,8870,2740,920,5210,30.89060779,10.37202889,58.73725058,2017
178,Novena,Mount Pleasant,Central Region,680,180,110,370,27.27231406,16.66641415,56.05975667,2017
179,Orchard,Boulevard,Central Region,440,90,80,280,19.99955557,17.77738272,62.22083954,2017
180,Orchard,Somerset,Central Region,110,30,10,70,27.27024816,9.09008272,63.63057904,2017
181,Orchard,Tanglin,Central Region,410,110,70,240,26.18985262,16.66626985,57.14149663,2017
182,Outram,China Square,Central Region,1500,210,430,880,13.81569858,28.28928757,57.89435596,2017
183,Outram,Chinatown,Central Region,11320,2600,2040,6680,22.96817759,18.02118549,59.01054858,2017
184,Outram,Pearl's Hill,Central Region,7710,1330,2160,4200,17.29516607,28.08839,54.61631389,2017
185,Outram,People's Park,Central Region,320,30,60,230,9.37470704,18.74941408,71.87275398,2017
186,Pasir Ris,Flora Drive,East Region,14510,4340,1460,8740,29.84867273,10.04125857,60.10999992,2017
187,Pasir Ris,Loyang East,East Region,2150,590,290,1270,27.44173283,13.48830936,59.0694927,2017
188,Pasir Ris,Loyang West,East Region,210,0,180,20,0,89.99550022,9.999500025,2017
189,Pasir Ris,Pasir Ris Central,East Region,28670,9040,2330,17310,31.52021216,8.12412548,60.35562749,2017
190,Pasir Ris,Pasir Ris Drive,East Region,56970,17860,5650,33450,31.35533157,9.919239832,58.72541104,2017
191,Pasir Ris,Pasir Ris Park,East Region,6680,2260,290,4130,33.83228468,4.341310866,61.82625475,2017
192,Pasir Ris,Pasir Ris Wafer Fab Park,East Region,30,0,0,0,0,0,0,2017
193,Pasir Ris,Pasir Ris West,East Region,35750,12060,2780,20920,33.72482278,7.774047043,58.50110221,2017
194,Paya Lebar,Airport Road,NA,0,0,0,0,0,0,0,2017
195,Paya Lebar,Paya Lebar East,NA,10,0,0,0,0,0,0,2017
196,Paya Lebar,Paya Lebar North,NA,30,0,0,0,0,0,0,2017
197,Paya Lebar,Paya Lebar West,NA,0,0,0,0,0,0,0,2017
198,Paya Lebar,Plab,NA,0,0,0,0,0,0,0,2017
199,Pioneer,Benoi Sector,NA,10,0,0,0,0,0,0,2017
200,Pioneer,Gul Basin,NA,20,0,0,0,0,0,0,2017
201,Pioneer,Gul Circle,NA,40,0,0,0,0,0,0,2017
202,Pioneer,Joo Koon,NA,30,0,0,0,0,0,0,2017
203,Pioneer,Pioneer Sector,NA,0,0,0,0,0,0,0,2017
204,Punggol,Coney Island,North East Region,0,0,0,0,0,0,0,2017
205,Punggol,Matilda,North East Region,42490,14400,2400,25710,33.87437453,5.645729088,60.47987286,2017
206,Punggol,Northshore,North East Region,290,90,40,170,29.99900003,13.3328889,56.66477784,2017
207,Punggol,Punggol Canal,North East Region,0,0,0,0,0,0,0,2017
208,Punggol,Punggol Field,North East Region,48440,16070,3890,28470,33.18190519,8.032209781,58.78586438,2017
209,Punggol,Punggol Town Centre,North East Region,14560,4800,650,9120,32.9443837,4.461218626,62.59432904,2017
210,Punggol,Waterway East,North East Region,40860,13620,2460,24790,33.32516924,6.019083431,60.65572286,2017
211,Queenstown,Commonwealth,Central Region,7710,1480,1760,4470,19.19582465,22.82746715,57.9765785,2017
212,Queenstown,Dover,Central Region,11710,3090,2000,6640,26.34268854,17.05028384,56.60694236,2017
213,Queenstown,Ghim Moh,Central Region,11730,2690,2740,6310,22.91309803,23.33899205,53.74782475,2017
214,Queenstown,Holland Drive,Central Region,13610,2500,3380,7710,18.39586579,24.87121054,56.73285009,2017
215,Queenstown,Kent Ridge,Central Region,940,210,150,600,21.87477214,15.62483724,62.49934897,2017
216,Queenstown,Margaret Drive,Central Region,14320,3900,1870,8560,27.21561255,13.0495373,59.73478037,2017
217,Queenstown,Mei Chin,Central Region,16250,3870,2990,9400,23.80072337,18.38867258,57.81054255,2017
218,Queenstown,National University Of S'pore,Central Region,230,100,0,130,43.47637059,0,56.51928177,2017
219,Queenstown,One North,Central Region,610,160,30,410,26.66622223,4.999916668,68.33219446,2017
220,Queenstown,Pasir Panjang 1,Central Region,4250,1120,500,2640,26.2910181,11.73706165,61.97168551,2017
221,Queenstown,Pasir Panjang 2,Central Region,3330,850,470,2020,25.4490256,14.07181416,60.47886084,2017
222,Queenstown,Port,Central Region,120,20,20,80,16.66527789,16.66527789,66.66111157,2017
223,Queenstown,Queensway,Central Region,280,60,40,180,21.42780615,14.2852041,64.28341845,2017
224,Queenstown,Singapore Polytechnic,Central Region,130,50,0,100,33.33111126,0,66.66222252,2017
225,Queenstown,Tanglin Halt,Central Region,12370,2450,2750,7160,19.82199044,22.24917294,57.92875572,2017
226,River Valley,Institution Hill,Central Region,3460,950,380,2140,27.37744272,10.95097709,61.67129201,2017
227,River Valley,Leonie Hill,Central Region,2740,710,280,1780,25.63167642,10.10826676,64.25969581,2017
228,River Valley,One Tree Hill,Central Region,1880,480,320,1100,25.26302493,16.84201662,57.89443213,2017
229,River Valley,Oxley,Central Region,1440,310,270,850,21.67817008,18.88098685,59.44014378,2017
230,River Valley,Paterson,Central Region,210,60,20,150,26.08582236,8.695274119,65.21455589,2017
231,Rochor,Bencoolen,Central Region,1380,250,300,840,17.98548212,21.58257854,60.43121992,2017
232,Rochor,Farrer Park,Central Region,2950,630,530,1780,21.42849854,18.02714957,60.54401176,2017
233,Rochor,Kampong Glam,Central Region,180,40,60,90,21.0515236,31.57728541,47.36592811,2017
234,Rochor,Little India,Central Region,3620,700,820,2110,19.28369343,22.58946945,58.12656163,2017
235,Rochor,Mackenzie,Central Region,130,40,0,100,28.5693879,0,71.42346975,2017
236,Rochor,Mount Emily,Central Region,1190,260,110,830,21.66648611,9.166590278,69.16609028,2017
237,Rochor,Rochor Canal,Central Region,10,0,0,0,0,0,0,2017
238,Rochor,Selegie,Central Region,230,50,50,150,19.99920003,19.99920003,59.9976001,2017
239,Rochor,Sungei Road,Central Region,2240,510,520,1220,22.66656593,23.1110084,54.22198124,2017
240,Rochor,Victoria,Central Region,1980,290,520,1170,14.64639067,26.26249362,59.09061065,2017
241,Seletar,Pulau Punggol Barat,NA,0,0,0,0,0,0,0,2017
242,Seletar,Pulau Punggol Timor,NA,0,0,0,0,0,0,0,2017
243,Seletar,Seletar,NA,190,60,0,130,31.57728541,0,68.41745171,2017
244,Seletar,Seletar Aerospace Park,NA,20,0,0,0,0,0,0,2017
245,Sembawang,Admiralty,North Region,14480,4580,1230,8670,31.62981241,8.494469272,59.87564926,2017
246,Sembawang,Sembawang Central,North Region,29810,9280,2290,18230,31.14092915,7.68456118,61.17447612,2017
247,Sembawang,Sembawang East,North Region,1580,480,100,1020,29.9998125,6.249960938,63.74960156,2017
248,Sembawang,Sembawang North,North Region,26970,8600,2010,16380,31.8636414,7.447199908,60.68912164,2017
249,Sembawang,Sembawang Springs,North Region,5100,1570,650,2870,30.84473311,12.77011244,56.38495799,2017
250,Sembawang,Sembawang Straits,North Region,1760,560,190,1010,31.81800103,10.79539321,57.38603758,2017
251,Sembawang,Senoko North,North Region,20,0,0,0,0,0,0,2017
252,Sembawang,Senoko South,North Region,20,0,0,0,0,0,0,2017
253,Sembawang,The Wharves,North Region,0,0,0,0,0,0,0,2017
254,Sengkang,Anchorvale,North East Region,39370,12720,2910,23760,32.29245182,7.387659968,60.31986283,2017
255,Sengkang,Compassvale,North East Region,20810,6530,1470,12810,31.37912956,7.063908186,61.5569142,2017
256,Sengkang,Fernvale,North East Region,49770,16430,3740,29600,33.0118479,7.514565498,59.47356651,2017
257,Sengkang,Lorong Halus North,North East Region,0,0,0,0,0,0,0,2017
258,Sengkang,Rivervale,North East Region,61380,18920,5550,36940,30.80930943,9.037614552,60.15305974,2017
259,Sengkang,Sengkang Town Centre,North East Region,60770,18570,5000,37220,30.54778244,8.22503566,61.22716545,2017
260,Sengkang,Sengkang West,North East Region,10,0,0,0,0,0,0,2017
261,Serangoon,Lorong Chuan,North East Region,8430,2510,1130,4800,29.73930126,13.38860973,56.87197053,2017
262,Serangoon,Seletar Hills,North East Region,14030,3870,2290,7870,27.58372945,16.32215515,56.09404412,2017
263,Serangoon,Serangoon Central,North East Region,25640,5610,4250,15800,21.86281299,16.56273712,61.57441092,2017
264,Serangoon,Serangoon Garden,North East Region,38120,8980,7080,22070,23.55100353,18.56805178,57.88091847,2017
265,Serangoon,Serangoon North,North East Region,16660,4910,1790,9970,29.45409151,10.73784599,59.80800251,2017
266,Serangoon,Serangoon North Ind Estate,North East Region,20,0,0,0,0,0,0,2017
267,Serangoon,Upper Paya Lebar,North East Region,16240,3940,2510,9790,24.2610688,15.45565551,60.28321411,2017
268,Simpang,Pulau Seletar,NA,0,0,0,0,0,0,0,2017
269,Simpang,Simpang North,NA,0,0,0,0,0,0,0,2017
270,Simpang,Simpang South,NA,0,0,0,0,0,0,0,2017
271,Simpang,Tanjong Irau,NA,0,0,0,0,0,0,0,2017
272,Singapore River,Boat Quay,Central Region,140,20,40,80,14.28469395,28.5693879,57.1387758,2017
273,Singapore River,Clarke Quay,Central Region,120,20,10,90,16.66527789,8.332638947,74.99375052,2017
274,Singapore River,Robertson Quay,Central Region,2640,720,190,1730,27.27262397,7.196942436,65.53005481,2017
275,Southern Islands,Sentosa,Central Region,1690,480,90,1120,28.4021988,5.325412276,66.27179721,2017
276,Southern Islands,Southern Group,Central Region,0,0,0,0,0,0,0,2017
277,Straits View,Straits View,NA,0,0,0,0,0,0,0,2017
278,Sungei Kadut,Gali Batu,North Region,30,0,0,0,0,0,0,2017
279,Sungei Kadut,Kranji,North Region,20,0,0,0,0,0,0,2017
280,Sungei Kadut,Pang Sua,North Region,20,0,0,0,0,0,0,2017
281,Sungei Kadut,Reservoir View,North Region,20,0,0,0,0,0,0,2017
282,Sungei Kadut,Turf Club,North Region,680,170,140,370,24.99963236,20.58793253,54.41096454,2017
283,Tampines,Simei,East Region,41190,11400,4830,24960,27.67661382,11.72614428,60.59721763,2017
284,Tampines,Tampines East,East Region,136050,37340,16400,82300,27.44780745,12.05527697,60.49690823,2017
285,Tampines,Tampines North,East Region,0,0,0,0,0,0,0,2017
286,Tampines,Tampines West,East Region,79280,22330,8860,48090,28.16599039,11.17557881,60.65841818,2017
287,Tampines,Xilin,East Region,1790,520,170,1110,28.8887284,9.444391976,61.66632408,2017
288,Tanglin,Chatsworth,Central Region,6280,1630,760,3910,25.8729748,12.06347292,62.06339355,2017
289,Tanglin,Nassim,Central Region,9120,2750,1190,5180,30.15347571,13.04823131,56.79818334,2017
290,Tanglin,Ridout,Central Region,1370,370,230,760,27.20568231,16.91164036,55.88194204,2017
291,Tanglin,Tyersall,Central Region,3600,980,550,2070,27.22214661,15.27773534,57.49984028,2017
292,Tengah,Tengah,NA,10,0,0,0,0,0,0,2017
293,Toa Payoh,Bidadari,Central Region,0,0,0,0,0,0,0,2017
294,Toa Payoh,Boon Teck,Central Region,14340,3360,3110,7870,23.430946,21.68757204,54.88141222,2017
295,Toa Payoh,Braddell,Central Region,10400,2550,1970,5890,24.4956537,18.92409325,56.58015698,2017
296,Toa Payoh,Joo Seng,Central Region,7550,1790,1250,4510,23.70857787,16.55626946,59.73502022,2017
297,Toa Payoh,Kim Keat,Central Region,8450,1780,1660,5020,21.04016426,19.62172622,59.33799133,2017
298,Toa Payoh,Lorong 8 Toa Payoh,Central Region,7760,1640,1760,4380,21.07966442,22.62207889,56.29812815,2017
299,Toa Payoh,Pei Chun,Central Region,11250,2600,2200,6450,23.11109057,19.55553817,57.33328237,2017
300,Toa Payoh,Potong Pasir,Central Region,12030,2470,2320,7270,20.48091171,19.23713164,60.28187373,2017
301,Toa Payoh,Sennett,Central Region,4960,1230,990,2740,24.7983371,19.95963718,55.24182411,2017
302,Toa Payoh,Toa Payoh Central,Central Region,29700,7650,4810,17250,25.74889743,16.18982962,58.06123929,2017
303,Toa Payoh,Toa Payoh West,Central Region,12910,2540,2930,7460,19.64422301,22.66046198,57.69523767,2017
304,Toa Payoh,Woodleigh,Central Region,2420,730,230,1470,30.04102864,9.464981626,60.49357822,2017
305,Tuas,Tengeh,NA,0,0,0,0,0,0,0,2017
306,Tuas,Tuas Bay,NA,20,0,0,0,0,0,0,2017
307,Tuas,Tuas North,NA,20,0,0,0,0,0,0,2017
308,Tuas,Tuas Promenade,NA,10,0,0,0,0,0,0,2017
309,Tuas,Tuas View,NA,10,0,0,0,0,0,0,2017
310,Tuas,Tuas View Extension,NA,10,0,0,0,0,0,0,2017
311,Western Islands,Jurong Island And Bukom,NA,10,0,0,0,0,0,0,2017
312,Western Islands,Semakau,NA,0,0,0,0,0,0,0,2017
313,Western Islands,Sudong,NA,0,0,0,0,0,0,0,2017
314,Western Water Catchment,Western Water Catchment,NA,710,200,60,470,27.39688497,8.219065492,64.38267969,2017
315,Woodlands,Greenwood Park,North Region,60,0,0,0,0,0,0,2017
316,Woodlands,Midview,North Region,36790,12710,2670,21430,34.52865131,7.253461762,58.21785976,2017
317,Woodlands,North Coast,North Region,13440,3480,1960,8010,25.87358671,14.57247987,59.55385907,2017
318,Woodlands,Senoko West,North Region,10,0,0,0,0,0,0,2017
319,Woodlands,Woodgrove,North Region,35550,11500,2880,21190,32.3306066,8.096708435,59.57265685,2017
320,Woodlands,Woodlands East,North Region,93370,31090,6160,56110,33.30119609,6.598114118,60.10067908,2017
321,Woodlands,Woodlands Regional Centre,North Region,10,0,0,0,0,0,0,2017
322,Woodlands,Woodlands South,North Region,38800,13440,2770,22600,34.63024101,7.137333899,58.23239932,2017
323,Woodlands,Woodlands West,North Region,32150,9110,3920,19120,28.33591654,12.19284224,59.47121012,2017
324,Yishun,Khatib,North Region,10570,2450,1440,6700,23.1350112,13.59772087,63.2671735,2017
325,Yishun,Lower Seletar,North Region,10330,3650,440,6250,35.29977244,4.255315034,60.44481582,2017
326,Yishun,Nee Soon,North Region,890,240,120,550,26.37333656,13.18666828,60.43889628,2017
327,Yishun,Northland,North Region,29920,8010,3350,18570,26.76243676,11.19277942,62.0447504,2017
328,Yishun,Springleaf,North Region,4070,1170,650,2260,28.6764003,15.9313335,55.3920211,2017
329,Yishun,Yishun Central,North Region,1420,360,200,870,25.17464913,13.98591618,60.83873539,2017
330,Yishun,Yishun East,North Region,57540,18070,4390,35100,31.39332325,7.626822858,60.97983652,2017
331,Yishun,Yishun South,North Region,38240,9640,4800,23810,25.20260779,12.54901633,62.24834974,2017
332,Yishun,Yishun West,North Region,57470,14420,7400,35650,25.09134764,12.87628104,62.03235392,2017
333,Ang Mo Kio,Ang Mo Kio Town Centre,North East Region,4940,1350,720,2870,27.3278799,14.57486928,58.09704839,2016
334,Ang Mo Kio,Cheng San,North East Region,28350,6080,5130,17140,21.44620055,18.09523171,60.45853247,2016
335,Ang Mo Kio,Chong Boon,North East Region,26740,5500,5540,15720,20.55305659,20.70253337,58.74437267,2016
336,Ang Mo Kio,Kebun Bahru,North East Region,22620,4870,4610,13140,21.52961029,20.38018551,58.09016,2016
337,Ang Mo Kio,Sembawang Hills,North East Region,6800,2000,1180,3630,29.3685325,17.32743417,53.30388648,2016
338,Ang Mo Kio,Shangri-La,North East Region,16800,3800,3240,9780,22.59213877,19.26277095,58.14503083,2016
339,Ang Mo Kio,Tagore,North East Region,8130,2230,1210,4680,27.46302037,14.90145948,57.635397,2016
340,Ang Mo Kio,Townsville,North East Region,22690,4910,4660,13140,21.62042201,20.51958586,57.8599481,2016
341,Ang Mo Kio,Yio Chu Kang,North East Region,40,0,0,0,0,0,0,2016
342,Ang Mo Kio,Yio Chu Kang East,North East Region,4030,1100,640,2300,27.22765538,15.84154495,56.93055215,2016
343,Ang Mo Kio,Yio Chu Kang North,North East Region,0,0,0,0,0,0,0,2016
344,Ang Mo Kio,Yio Chu Kang West,North East Region,25690,6470,4060,15160,25.18488704,15.80380856,59.01126547,2016
345,Bedok,Bayshore,East Region,7310,2100,780,4440,28.6884854,10.65572315,60.65565484,2016
346,Bedok,Bedok North,East Region,83810,20080,14510,49230,23.95609354,17.31090225,58.73299228,2016
347,Bedok,Bedok Reservoir,East Region,26190,7370,2970,15850,28.1405009,11.34020186,60.51925906,2016
348,Bedok,Bedok South,East Region,48990,11830,9170,27990,24.14778033,18.71810192,57.13409734,2016
349,Bedok,Frankel,East Region,33900,9320,5240,19340,27.49261726,15.45722258,57.05013066,2016
350,Bedok,Kaki Bukit,East Region,39430,10070,5490,23890,25.52597579,13.91634628,60.55765258,2016
351,Bedok,Kembangan,East Region,38690,8960,6800,22940,23.1524488,17.57105489,59.27647047,2016
352,Bedok,Siglap,East Region,6620,1460,1550,3620,22.02108292,23.37854694,54.60021931,2016
353,Bishan,Bishan East,Central Region,28970,6780,4590,17600,23.40351281,15.84397106,60.75248162,2016
354,Bishan,Marymount,Central Region,30680,8720,3720,18230,28.43168294,12.12911245,59.43917201,2016
355,Bishan,Upper Thomson,Central Region,30630,7670,5440,17540,25.02446166,17.74877072,57.226735,2016
356,Boon Lay,Liu Fang,NA,10,0,0,0,0,0,0,2016
357,Boon Lay,Samulun,NA,20,0,0,0,0,0,0,2016
358,Boon Lay,Shipyard,NA,10,0,0,0,0,0,0,2016
359,Boon Lay,Tukang,NA,10,0,0,0,0,0,0,2016
360,Bukit Batok,Brickworks,West Region,0,0,0,0,0,0,0,2016
361,Bukit Batok,Bukit Batok Central,West Region,25120,6390,3310,15420,25.43788796,13.17674635,61.38532588,2016
362,Bukit Batok,Bukit Batok East,West Region,13820,3250,1850,8740,23.48264199,13.36704236,63.15024339,2016
363,Bukit Batok,Bukit Batok South,West Region,14020,4120,1190,8710,29.38656962,8.487868411,62.12549064,2016
364,Bukit Batok,Bukit Batok West,West Region,15730,4170,1910,9660,26.4929946,12.13468098,61.37226088,2016
365,Bukit Batok,Gombak,West Region,10110,2830,1330,5950,27.99205936,13.15527878,58.85256295,2016
366,Bukit Batok,Guilin,West Region,13290,3590,1550,8180,26.95193172,11.6366279,61.41136531,2016
367,Bukit Batok,Hillview,West Region,18780,5580,2000,11200,29.71244424,10.64962159,59.63788092,2016
368,Bukit Batok,Hong Kah North,West Region,27420,7210,3120,17120,26.2659285,11.36611608,62.36791899,2016
369,Bukit Merah,Alexandra Hill,Central Region,14830,3420,3180,8240,23.04580657,21.42855699,55.52556905,2016
370,Bukit Merah,Alexandra North,Central Region,1060,290,80,670,27.88434727,7.692233729,64.42245748,2016
371,Bukit Merah,Bukit Ho Swee,Central Region,15650,3170,3440,9060,20.22972544,21.952762,57.81744874,2016
372,Bukit Merah,Bukit Merah,Central Region,1150,290,260,640,24.36954311,21.84855589,53.78106066,2016
373,Bukit Merah,City Terminals,Central Region,40,0,0,0,0,0,0,2016
374,Bukit Merah,Depot Road,Central Region,5900,1540,910,3470,26.01346957,15.37159566,58.61476585,2016
375,Bukit Merah,Everton Park,Central Region,8750,1850,1820,5090,21.11869735,20.77623199,58.1049565,2016
376,Bukit Merah,Henderson Hill,Central Region,11870,2640,2710,6530,22.22220352,22.81142861,54.9662837,2016
377,Bukit Merah,Kampong Tiong Bahru,Central Region,9810,1970,2240,5630,20.02030486,22.76420451,57.21538901,2016
378,Bukit Merah,Maritime Square,Central Region,2770,750,220,1810,26.97832022,7.913640598,65.10767947,2016
379,Bukit Merah,Redhill,Central Region,12190,3100,1950,7140,25.43066002,15.9967055,58.57255244,2016
380,Bukit Merah,Singapore General Hospital,Central Region,10,0,0,0,0,0,0,2016
381,Bukit Merah,Telok Blangah Drive,Central Region,16490,3600,3290,9610,21.8181686,19.93938185,58.24238894,2016
382,Bukit Merah,Telok Blangah Rise,Central Region,13080,2640,3020,7420,20.18347081,23.08866736,56.72778538,2016
383,Bukit Merah,Telok Blangah Way,Central Region,10160,2110,2210,5840,20.76769609,21.75194709,57.48025839,2016
384,Bukit Merah,Tiong Bahru,Central Region,12860,2820,2390,7650,21.92844329,18.58474449,59.48673446,2016
385,Bukit Merah,Tiong Bahru Station,Central Region,16200,4060,2690,9440,25.07719266,16.6151843,58.30756127,2016
386,Bukit Panjang,Bangkit,West Region,23240,5960,3110,14180,25.63439758,13.37633833,60.98922108,2016
387,Bukit Panjang,Dairy Farm,West Region,6520,2000,590,3930,30.67479958,9.049065876,60.27598117,2016
388,Bukit Panjang,Fajar,West Region,28770,8990,2610,17180,31.23695926,9.068794625,59.69421136,2016
389,Bukit Panjang,Jelebu,West Region,32130,8920,3720,19500,27.75356946,11.57435856,60.67204086,2016
390,Bukit Panjang,Nature Reserve,West Region,3870,1160,410,2300,29.97408275,10.59428787,59.43137098,2016
391,Bukit Panjang,Saujana,West Region,26390,8350,2050,15980,31.65275525,7.77103572,60.57617112,2016
392,Bukit Panjang,Senja,West Region,21020,6840,1750,12440,32.52494887,8.321441597,59.15356198,2016
393,Bukit Timah,Anak Bukit,Central Region,21970,6080,3420,12480,27.66149788,15.55959256,56.77886407,2016
394,Bukit Timah,Coronation Road,Central Region,6260,1880,1050,3330,30.03190091,16.77313615,53.1948032,2016
395,Bukit Timah,Farrer Court,Central Region,6000,1760,860,3400,29.23583183,14.28569056,56.4783115,2016
396,Bukit Timah,Hillcrest,Central Region,8980,2780,1310,4910,30.88885457,14.55553938,54.55549494,2016
397,Bukit Timah,Holland Road,Central Region,10440,3370,1320,5770,32.21794243,12.6194908,55.16247116,2016
398,Bukit Timah,Leedon Park,Central Region,6400,1730,1000,3650,27.11594496,15.67395662,57.20994168,2016
399,Bukit Timah,Swiss Club,Central Region,5580,1650,830,3110,29.51694183,14.84791619,55.63496309,2016
400,Bukit Timah,Ulu Pandan,Central Region,10750,3030,1790,5930,28.18602029,16.6511473,55.16273938,2016
401,Central Water Catchment,Central Water Catchment,NA,0,0,0,0,0,0,0,2016
402,Changi,Changi Airport,East Region,0,0,0,0,0,0,0,2016
403,Changi,Changi Point,East Region,740,140,170,430,18.91866326,22.97266253,58.10732287,2016
404,Changi,Changi West,East Region,1480,620,70,790,41.89160884,4.729697772,53.37801772,2016
405,Changi Bay,Changi Bay,NA,0,0,0,0,0,0,0,2016
406,Choa Chu Kang,Choa Chu Kang Central,West Region,21430,6670,1910,12850,31.12457717,8.912734992,59.96264117,2016
407,Choa Chu Kang,Choa Chu Kang North,West Region,33490,11620,2530,19340,34.69691409,7.554491623,57.74856442,2016
408,Choa Chu Kang,Keat Hong,West Region,29340,9740,1920,17690,33.18567864,6.54173542,60.27255187,2016
409,Choa Chu Kang,Peng Siang,West Region,34170,10450,3110,20620,30.57342581,9.098885577,60.32765935,2016
410,Choa Chu Kang,Teck Whye,West Region,25880,7110,3320,15460,27.46233006,12.82347902,59.71415229,2016
411,Choa Chu Kang,Yew Tee,West Region,42280,13570,3090,25640,32.08037067,7.304962812,60.61464288,2016
412,Clementi,Clementi Central,West Region,13100,3100,2470,7550,23.62803077,18.82620516,57.54568785,2016
413,Clementi,Clementi North,West Region,30360,6500,6140,17710,21.4167969,20.23063584,58.35253432,2016
414,Clementi,Clementi West,West Region,16180,3820,2650,9730,23.58023236,16.35801459,60.06169132,2016
415,Clementi,Clementi Woods,West Region,16160,4040,2810,9330,24.96908222,17.36710917,57.66374681,2016
416,Clementi,Faber,West Region,4620,1400,590,2640,30.23751569,12.74295304,57.01931529,2016
417,Clementi,Pandan,West Region,10,0,0,0,0,0,0,2016
418,Clementi,Sunset Way,West Region,6120,1470,1150,3500,24.0195686,18.79081897,57.18944904,2016
419,Clementi,Toh Tuck,West Region,30,0,0,0,0,0,0,2016
420,Clementi,West Coast,West Region,6010,1920,720,3390,31.84074322,11.94027871,56.21881224,2016
421,Downtown Core,Anson,Central Region,90,0,0,0,0,0,0,2016
422,Downtown Core,Bayfront Subzone,Central Region,0,0,0,0,0,0,0,2016
423,Downtown Core,Bugis,Central Region,840,120,210,490,14.63396788,25.60944379,59.75536884,2016
424,Downtown Core,Cecil,Central Region,220,60,10,160,26.08582236,4.347637059,69.56219295,2016
425,Downtown Core,Central Subzone,Central Region,610,120,30,470,19.35452654,4.838631635,75.80522895,2016
426,Downtown Core,City Hall,Central Region,70,0,0,0,0,0,0,2016
427,Downtown Core,Clifford Pier,Central Region,0,0,0,0,0,0,0,2016
428,Downtown Core,Marina Centre,Central Region,10,0,0,0,0,0,0,2016
429,Downtown Core,Maxwell,Central Region,0,0,0,0,0,0,0,2016
430,Downtown Core,Phillip,Central Region,0,0,0,0,0,0,0,2016
431,Downtown Core,Raffles Place,Central Region,40,0,0,0,0,0,0,2016
432,Downtown Core,Tanjong Pagar,Central Region,580,80,80,440,13.33311111,13.33311111,73.33211113,2016
433,Geylang,Aljunied,Central Region,40010,8770,6930,24290,21.93047714,17.329328,60.74016986,2016
434,Geylang,Geylang East,Central Region,32140,7780,5470,18890,24.20658861,17.01928531,58.77409497,2016
435,Geylang,Kallang Way,Central Region,40,0,0,0,0,0,0,2016
436,Geylang,Kampong Ubi,Central Region,12600,3200,1490,7910,25.39680524,11.82538744,62.77772795,2016
437,Geylang,Macpherson,Central Region,28680,6750,5060,16870,23.53555665,17.64295061,58.82145787,2016
438,Hougang,Defu Industrial Park,North East Region,30,0,0,0,0,0,0,2016
439,Hougang,Hougang Central,North East Region,4760,1240,660,2860,26.05036544,13.86551709,60.08390739,2016
440,Hougang,Hougang East,North East Region,24820,6650,2600,15600,26.76055261,10.46277245,62.7766347,2016
441,Hougang,Hougang West,North East Region,47350,11160,6630,29570,23.56418421,13.99915245,62.43664222,2016
442,Hougang,Kangkar,North East Region,30180,7870,4000,18340,26.05096787,13.24064441,60.70835461,2016
443,Hougang,Kovan,North East Region,25900,7000,3630,15260,27.03745576,14.02085206,58.94165356,2016
444,Hougang,Lorong Ah Soo,North East Region,32970,7760,5650,19580,23.52227235,17.12639675,59.35130059,2016
445,Hougang,Lorong Halus,North East Region,0,0,0,0,0,0,0,2016
446,Hougang,Tai Seng,North East Region,14290,3790,2340,8180,26.48495703,16.35218983,57.16278325,2016
447,Hougang,Trafalgar,North East Region,44110,12550,5050,26520,28.44514314,11.44605362,60.10878057,2016
448,Jurong East,International Business Park,West Region,10,0,0,0,0,0,0,2016
449,Jurong East,Jurong Gateway,West Region,250,70,0,170,29.16545144,0,70.83038207,2016
450,Jurong East,Jurong Port,West Region,0,0,0,0,0,0,0,2016
451,Jurong East,Jurong River,West Region,10,0,0,0,0,0,0,2016
452,Jurong East,Lakeside,West Region,910,170,220,550,18.08491399,23.40400634,58.51001585,2016
453,Jurong East,Penjuru Crescent,West Region,10,0,0,0,0,0,0,2016
454,Jurong East,Teban Gardens,West Region,19780,5090,3170,11510,25.7460669,16.03438744,58.21949508,2016
455,Jurong East,Toh Guan,West Region,15870,4290,1650,9930,27.03211907,10.39696887,62.57084904,2016
456,Jurong East,Yuhua East,West Region,26330,6070,4320,15940,23.05354233,16.40713391,60.53928578,2016
457,Jurong East,Yuhua West,West Region,20420,5240,2950,12230,25.66110399,14.44661389,59.89223316,2016
458,Jurong West,Boon Lay Place,West Region,30090,9040,3300,17770,30.02323812,10.95981038,59.01691829,2016
459,Jurong West,Boon Lay Place,North Region,30090,9040,3300,17770,30.02323812,10.95981038,59.01691829,2016
460,Jurong West,Chin Bee,West Region,10,0,0,0,0,0,0,2016
461,Jurong West,Chin Bee,North Region,10,0,0,0,0,0,0,2016
462,Jurong West,Hong Kah,West Region,55420,14170,7680,33590,25.55915845,13.85281135,60.58801216,2016
463,Jurong West,Hong Kah,North Region,55420,14170,7680,33590,25.55915845,13.85281135,60.58801216,2016
464,Jurong West,Jurong West Central,West Region,67630,20330,5240,42060,30.06061954,7.748039665,62.19132601,2016
465,Jurong West,Jurong West Central,North Region,67630,20330,5240,42060,30.06061954,7.748039665,62.19132601,2016
466,Jurong West,Kian Teck,West Region,50,0,0,0,0,0,0,2016
467,Jurong West,Kian Teck,North Region,50,0,0,0,0,0,0,2016
468,Jurong West,Safti,West Region,0,0,0,0,0,0,0,2016
469,Jurong West,Safti,North Region,0,0,0,0,0,0,0,2016
470,Jurong West,Taman Jurong,West Region,37400,11340,3820,22240,30.32084751,10.21390101,59.46522474,2016
471,Jurong West,Taman Jurong,North Region,37400,11340,3820,22240,30.32084751,10.21390101,59.46522474,2016
472,Jurong West,Wenya,West Region,8560,2760,680,5140,32.16779468,7.925398688,59.90669009,2016
473,Jurong West,Wenya,North Region,8560,2760,680,5140,32.16779468,7.925398688,59.90669009,2016
474,Jurong West,Yunnan,West Region,68700,20850,6540,41350,30.3316802,9.514109759,60.1541955,2016
475,Jurong West,Yunnan,North Region,68700,20850,6540,41350,30.3316802,9.514109759,60.1541955,2016
476,Kallang,Bendemeer,Central Region,34860,7710,6120,21040,22.11069053,17.55089832,60.33838247,2016
477,Kallang,Boon Keng,Central Region,12300,2600,2470,7260,21.08676311,20.03242495,58.88073083,2016
478,Kallang,Crawford,Central Region,9350,1630,2570,5150,17.43313644,27.48660162,55.08015499,2016
479,Kallang,Geylang Bahru,Central Region,12320,2680,2430,7220,21.73558659,19.70801321,58.55631909,2016
480,Kallang,Kallang Bahru,Central Region,30,0,0,0,0,0,0,2016
481,Kallang,Kampong Bugis,Central Region,860,170,140,550,19.76721201,16.27888048,63.95274474,2016
482,Kallang,Kampong Java,Central Region,10850,2410,2120,6330,22.19150811,19.52116066,58.28723915,2016
483,Kallang,Lavender,Central Region,9990,2230,1810,5950,22.32229998,18.11809998,59.55949994,2016
484,Kallang,Tanjong Rhu,Central Region,11060,2930,1370,6770,26.46790744,12.37577925,61.15622298,2016
485,Lim Chu Kang,Lim Chu Kang,NA,110,40,20,60,33.33055579,16.66527789,49.99583368,2016
486,Mandai,Mandai East,North Region,0,0,0,0,0,0,0,2016
487,Mandai,Mandai Estate,North Region,2130,670,220,1220,31.75340401,10.42649087,57.81963119,2016
488,Mandai,Mandai West,North Region,0,0,0,0,0,0,0,2016
489,Marina East,Marina East,NA,0,0,0,0,0,0,0,2016
490,Marina South,Marina South,NA,0,0,0,0,0,0,0,2016
491,Marine Parade,East Coast,Central Region,0,0,0,0,0,0,0,2016
492,Marine Parade,Katong,Central Region,9430,2460,1430,5550,26.05929443,15.14828904,58.7923106,2016
493,Marine Parade,Marina East (Mp),Central Region,0,0,0,0,0,0,0,2016
494,Marine Parade,Marine Parade,Central Region,28080,6990,5660,15450,24.87543599,20.14234159,54.98218684,2016
495,Marine Parade,Mountbatten,Central Region,10380,2860,1520,6010,27.52644126,14.62943732,57.84402517,2016
496,Museum,Bras Basah,Central Region,10,0,0,0,0,0,0,2016
497,Museum,Dhoby Ghaut,Central Region,220,20,10,160,10.5257618,5.262880901,84.20609442,2016
498,Museum,Fort Canning,Central Region,180,50,10,120,27.77623465,5.555246931,66.66296317,2016
499,Newton,Cairnhill,Central Region,3520,940,500,2100,26.55359731,14.12425389,59.32186632,2016
500,Newton,Goodwood Park,Central Region,1060,340,110,620,31.77540397,10.28027775,57.94338371,2016
501,Newton,Istana Negara,Central Region,50,0,0,0,0,0,0,2016
502,Newton,Monk's Hill,Central Region,930,250,140,540,26.88143138,15.05360157,58.06389179,2016
503,Newton,Newton Circus,Central Region,230,70,30,150,27.99888004,11.99952002,59.9976001,2016
504,Newton,Orange Grove,Central Region,1480,340,260,920,22.36827389,17.10515062,60.52591759,2016
505,North-Eastern Islands,North-Eastern Islands,NA,50,0,0,0,0,0,0,2016
506,Novena,Balestier,Central Region,32470,7580,5680,19210,23.34461862,17.49306514,59.16228544,2016
507,Novena,Dunearn,Central Region,3890,1130,720,2070,28.82645708,18.36730008,52.80598774,2016
508,Novena,Malcolm,Central Region,2690,800,450,1460,29.52018627,16.60510478,53.87433995,2016
509,Novena,Moulmein,Central Region,8870,2740,920,5210,30.89060779,10.37202889,58.73725058,2016
510,Novena,Mount Pleasant,Central Region,680,180,110,370,27.27231406,16.66641415,56.05975667,2016
511,Orchard,Boulevard,Central Region,440,90,80,280,19.99955557,17.77738272,62.22083954,2016
512,Orchard,Somerset,Central Region,110,30,10,70,27.27024816,9.09008272,63.63057904,2016
513,Orchard,Tanglin,Central Region,410,110,70,240,26.18985262,16.66626985,57.14149663,2016
514,Outram,China Square,Central Region,1500,210,430,880,13.81569858,28.28928757,57.89435596,2016
515,Outram,Chinatown,Central Region,11320,2600,2040,6680,22.96817759,18.02118549,59.01054858,2016
516,Outram,Pearl's Hill,Central Region,7710,1330,2160,4200,17.29516607,28.08839,54.61631389,2016
517,Outram,People's Park,Central Region,320,30,60,230,9.37470704,18.74941408,71.87275398,2016
518,Pasir Ris,Flora Drive,East Region,14510,4340,1460,8740,29.84867273,10.04125857,60.10999992,2016
519,Pasir Ris,Loyang East,East Region,2150,590,290,1270,27.44173283,13.48830936,59.0694927,2016
520,Pasir Ris,Loyang West,East Region,210,0,180,20,0,89.99550022,9.999500025,2016
521,Pasir Ris,Pasir Ris Central,East Region,28670,9040,2330,17310,31.52021216,8.12412548,60.35562749,2016
522,Pasir Ris,Pasir Ris Drive,East Region,56970,17860,5650,33450,31.35533157,9.919239832,58.72541104,2016
523,Pasir Ris,Pasir Ris Park,East Region,6680,2260,290,4130,33.83228468,4.341310866,61.82625475,2016
524,Pasir Ris,Pasir Ris Wafer Fab Park,East Region,30,0,0,0,0,0,0,2016
525,Pasir Ris,Pasir Ris West,East Region,35750,12060,2780,20920,33.72482278,7.774047043,58.50110221,2016
526,Paya Lebar,Airport Road,NA,0,0,0,0,0,0,0,2016
527,Paya Lebar,Paya Lebar East,NA,10,0,0,0,0,0,0,2016
528,Paya Lebar,Paya Lebar North,NA,30,0,0,0,0,0,0,2016
529,Paya Lebar,Paya Lebar West,NA,0,0,0,0,0,0,0,2016
530,Paya Lebar,Plab,NA,0,0,0,0,0,0,0,2016
531,Pioneer,Benoi Sector,NA,10,0,0,0,0,0,0,2016
532,Pioneer,Gul Basin,NA,20,0,0,0,0,0,0,2016
533,Pioneer,Gul Circle,NA,40,0,0,0,0,0,0,2016
534,Pioneer,Joo Koon,NA,30,0,0,0,0,0,0,2016
535,Pioneer,Pioneer Sector,NA,0,0,0,0,0,0,0,2016
536,Punggol,Coney Island,North East Region,0,0,0,0,0,0,0,2016
537,Punggol,Matilda,North East Region,42490,14400,2400,25710,33.87437453,5.645729088,60.47987286,2016
538,Punggol,Northshore,North East Region,290,90,40,170,29.99900003,13.3328889,56.66477784,2016
539,Punggol,Punggol Canal,North East Region,0,0,0,0,0,0,0,2016
540,Punggol,Punggol Field,North East Region,48440,16070,3890,28470,33.18190519,8.032209781,58.78586438,2016
541,Punggol,Punggol Town Centre,North East Region,14560,4800,650,9120,32.9443837,4.461218626,62.59432904,2016
542,Punggol,Waterway East,North East Region,40860,13620,2460,24790,33.32516924,6.019083431,60.65572286,2016
543,Queenstown,Commonwealth,Central Region,7710,1480,1760,4470,19.19582465,22.82746715,57.9765785,2016
544,Queenstown,Dover,Central Region,11710,3090,2000,6640,26.34268854,17.05028384,56.60694236,2016
545,Queenstown,Ghim Moh,Central Region,11730,2690,2740,6310,22.91309803,23.33899205,53.74782475,2016
546,Queenstown,Holland Drive,Central Region,13610,2500,3380,7710,18.39586579,24.87121054,56.73285009,2016
547,Queenstown,Kent Ridge,Central Region,940,210,150,600,21.87477214,15.62483724,62.49934897,2016
548,Queenstown,Margaret Drive,Central Region,14320,3900,1870,8560,27.21561255,13.0495373,59.73478037,2016
549,Queenstown,Mei Chin,Central Region,16250,3870,2990,9400,23.80072337,18.38867258,57.81054255,2016
550,Queenstown,National University Of S'pore,Central Region,230,100,0,130,43.47637059,0,56.51928177,2016
551,Queenstown,One North,Central Region,610,160,30,410,26.66622223,4.999916668,68.33219446,2016
552,Queenstown,Pasir Panjang 1,Central Region,4250,1120,500,2640,26.2910181,11.73706165,61.97168551,2016
553,Queenstown,Pasir Panjang 2,Central Region,3330,850,470,2020,25.4490256,14.07181416,60.47886084,2016
554,Queenstown,Port,Central Region,120,20,20,80,16.66527789,16.66527789,66.66111157,2016
555,Queenstown,Queensway,Central Region,280,60,40,180,21.42780615,14.2852041,64.28341845,2016
556,Queenstown,Singapore Polytechnic,Central Region,130,50,0,100,33.33111126,0,66.66222252,2016
557,Queenstown,Tanglin Halt,Central Region,12370,2450,2750,7160,19.82199044,22.24917294,57.92875572,2016
558,River Valley,Institution Hill,Central Region,3460,950,380,2140,27.37744272,10.95097709,61.67129201,2016
559,River Valley,Leonie Hill,Central Region,2740,710,280,1780,25.63167642,10.10826676,64.25969581,2016
560,River Valley,One Tree Hill,Central Region,1880,480,320,1100,25.26302493,16.84201662,57.89443213,2016
561,River Valley,Oxley,Central Region,1440,310,270,850,21.67817008,18.88098685,59.44014378,2016
562,River Valley,Paterson,Central Region,210,60,20,150,26.08582236,8.695274119,65.21455589,2016
563,Rochor,Bencoolen,Central Region,1380,250,300,840,17.98548212,21.58257854,60.43121992,2016
564,Rochor,Farrer Park,Central Region,2950,630,530,1780,21.42849854,18.02714957,60.54401176,2016
565,Rochor,Kampong Glam,Central Region,180,40,60,90,21.0515236,31.57728541,47.36592811,2016
566,Rochor,Little India,Central Region,3620,700,820,2110,19.28369343,22.58946945,58.12656163,2016
567,Rochor,Mackenzie,Central Region,130,40,0,100,28.5693879,0,71.42346975,2016
568,Rochor,Mount Emily,Central Region,1190,260,110,830,21.66648611,9.166590278,69.16609028,2016
569,Rochor,Rochor Canal,Central Region,10,0,0,0,0,0,0,2016
570,Rochor,Selegie,Central Region,230,50,50,150,19.99920003,19.99920003,59.9976001,2016
571,Rochor,Sungei Road,Central Region,2240,510,520,1220,22.66656593,23.1110084,54.22198124,2016
572,Rochor,Victoria,Central Region,1980,290,520,1170,14.64639067,26.26249362,59.09061065,2016
573,Seletar,Pulau Punggol Barat,NA,0,0,0,0,0,0,0,2016
574,Seletar,Pulau Punggol Timor,NA,0,0,0,0,0,0,0,2016
575,Seletar,Seletar,NA,190,60,0,130,31.57728541,0,68.41745171,2016
576,Seletar,Seletar Aerospace Park,NA,20,0,0,0,0,0,0,2016
577,Sembawang,Admiralty,North Region,14480,4580,1230,8670,31.62981241,8.494469272,59.87564926,2016
578,Sembawang,Sembawang Central,North Region,29810,9280,2290,18230,31.14092915,7.68456118,61.17447612,2016
579,Sembawang,Sembawang East,North Region,1580,480,100,1020,29.9998125,6.249960938,63.74960156,2016
580,Sembawang,Sembawang North,North Region,26970,8600,2010,16380,31.8636414,7.447199908,60.68912164,2016
581,Sembawang,Sembawang Springs,North Region,5100,1570,650,2870,30.84473311,12.77011244,56.38495799,2016
582,Sembawang,Sembawang Straits,North Region,1760,560,190,1010,31.81800103,10.79539321,57.38603758,2016
583,Sembawang,Senoko North,North Region,20,0,0,0,0,0,0,2016
584,Sembawang,Senoko South,North Region,20,0,0,0,0,0,0,2016
585,Sembawang,The Wharves,North Region,0,0,0,0,0,0,0,2016
586,Sengkang,Anchorvale,North East Region,39370,12720,2910,23760,32.29245182,7.387659968,60.31986283,2016
587,Sengkang,Compassvale,North East Region,20810,6530,1470,12810,31.37912956,7.063908186,61.5569142,2016
588,Sengkang,Fernvale,North East Region,49770,16430,3740,29600,33.0118479,7.514565498,59.47356651,2016
589,Sengkang,Lorong Halus North,North East Region,0,0,0,0,0,0,0,2016
590,Sengkang,Rivervale,North East Region,61380,18920,5550,36940,30.80930943,9.037614552,60.15305974,2016
591,Sengkang,Sengkang Town Centre,North East Region,60770,18570,5000,37220,30.54778244,8.22503566,61.22716545,2016
592,Sengkang,Sengkang West,North East Region,10,0,0,0,0,0,0,2016
593,Serangoon,Lorong Chuan,North East Region,8430,2510,1130,4800,29.73930126,13.38860973,56.87197053,2016
594,Serangoon,Seletar Hills,North East Region,14030,3870,2290,7870,27.58372945,16.32215515,56.09404412,2016
595,Serangoon,Serangoon Central,North East Region,25640,5610,4250,15800,21.86281299,16.56273712,61.57441092,2016
596,Serangoon,Serangoon Garden,North East Region,38120,8980,7080,22070,23.55100353,18.56805178,57.88091847,2016
597,Serangoon,Serangoon North,North East Region,16660,4910,1790,9970,29.45409151,10.73784599,59.80800251,2016
598,Serangoon,Serangoon North Ind Estate,North East Region,20,0,0,0,0,0,0,2016
599,Serangoon,Upper Paya Lebar,North East Region,16240,3940,2510,9790,24.2610688,15.45565551,60.28321411,2016
600,Simpang,Pulau Seletar,NA,0,0,0,0,0,0,0,2016
601,Simpang,Simpang North,NA,0,0,0,0,0,0,0,2016
602,Simpang,Simpang South,NA,0,0,0,0,0,0,0,2016
603,Simpang,Tanjong Irau,NA,0,0,0,0,0,0,0,2016
604,Singapore River,Boat Quay,Central Region,140,20,40,80,14.28469395,28.5693879,57.1387758,2016
605,Singapore River,Clarke Quay,Central Region,120,20,10,90,16.66527789,8.332638947,74.99375052,2016
606,Singapore River,Robertson Quay,Central Region,2640,720,190,1730,27.27262397,7.196942436,65.53005481,2016
607,Southern Islands,Sentosa,Central Region,1690,480,90,1120,28.4021988,5.325412276,66.27179721,2016
608,Southern Islands,Southern Group,Central Region,0,0,0,0,0,0,0,2016
609,Straits View,Straits View,NA,0,0,0,0,0,0,0,2016
610,Sungei Kadut,Gali Batu,North Region,30,0,0,0,0,0,0,2016
611,Sungei Kadut,Kranji,North Region,20,0,0,0,0,0,0,2016
612,Sungei Kadut,Pang Sua,North Region,20,0,0,0,0,0,0,2016
613,Sungei Kadut,Reservoir View,North Region,20,0,0,0,0,0,0,2016
614,Sungei Kadut,Turf Club,North Region,680,170,140,370,24.99963236,20.58793253,54.41096454,2016
615,Tampines,Simei,East Region,41190,11400,4830,24960,27.67661382,11.72614428,60.59721763,2016
616,Tampines,Tampines East,East Region,136050,37340,16400,82300,27.44780745,12.05527697,60.49690823,2016
617,Tampines,Tampines North,East Region,0,0,0,0,0,0,0,2016
618,Tampines,Tampines West,East Region,79280,22330,8860,48090,28.16599039,11.17557881,60.65841818,2016
619,Tampines,Xilin,East Region,1790,520,170,1110,28.8887284,9.444391976,61.66632408,2016
620,Tanglin,Chatsworth,Central Region,6280,1630,760,3910,25.8729748,12.06347292,62.06339355,2016
621,Tanglin,Nassim,Central Region,9120,2750,1190,5180,30.15347571,13.04823131,56.79818334,2016
622,Tanglin,Ridout,Central Region,1370,370,230,760,27.20568231,16.91164036,55.88194204,2016
623,Tanglin,Tyersall,Central Region,3600,980,550,2070,27.22214661,15.27773534,57.49984028,2016
624,Tengah,Tengah,NA,10,0,0,0,0,0,0,2016
625,Toa Payoh,Bidadari,Central Region,0,0,0,0,0,0,0,2016
626,Toa Payoh,Boon Teck,Central Region,14340,3360,3110,7870,23.430946,21.68757204,54.88141222,2016
627,Toa Payoh,Braddell,Central Region,10400,2550,1970,5890,24.4956537,18.92409325,56.58015698,2016
628,Toa Payoh,Joo Seng,Central Region,7550,1790,1250,4510,23.70857787,16.55626946,59.73502022,2016
629,Toa Payoh,Kim Keat,Central Region,8450,1780,1660,5020,21.04016426,19.62172622,59.33799133,2016
630,Toa Payoh,Lorong 8 Toa Payoh,Central Region,7760,1640,1760,4380,21.07966442,22.62207889,56.29812815,2016
631,Toa Payoh,Pei Chun,Central Region,11250,2600,2200,6450,23.11109057,19.55553817,57.33328237,2016
632,Toa Payoh,Potong Pasir,Central Region,12030,2470,2320,7270,20.48091171,19.23713164,60.28187373,2016
633,Toa Payoh,Sennett,Central Region,4960,1230,990,2740,24.7983371,19.95963718,55.24182411,2016
634,Toa Payoh,Toa Payoh Central,Central Region,29700,7650,4810,17250,25.74889743,16.18982962,58.06123929,2016
635,Toa Payoh,Toa Payoh West,Central Region,12910,2540,2930,7460,19.64422301,22.66046198,57.69523767,2016
636,Toa Payoh,Woodleigh,Central Region,2420,730,230,1470,30.04102864,9.464981626,60.49357822,2016
637,Tuas,Tengeh,NA,0,0,0,0,0,0,0,2016
638,Tuas,Tuas Bay,NA,20,0,0,0,0,0,0,2016
639,Tuas,Tuas North,NA,20,0,0,0,0,0,0,2016
640,Tuas,Tuas Promenade,NA,10,0,0,0,0,0,0,2016
641,Tuas,Tuas View,NA,10,0,0,0,0,0,0,2016
642,Tuas,Tuas View Extension,NA,10,0,0,0,0,0,0,2016
643,Western Islands,Jurong Island And Bukom,NA,10,0,0,0,0,0,0,2016
644,Western Islands,Semakau,NA,0,0,0,0,0,0,0,2016
645,Western Islands,Sudong,NA,0,0,0,0,0,0,0,2016
646,Western Water Catchment,Western Water Catchment,NA,710,200,60,470,27.39688497,8.219065492,64.38267969,2016
647,Woodlands,Greenwood Park,North Region,60,0,0,0,0,0,0,2016
648,Woodlands,Midview,North Region,36790,12710,2670,21430,34.52865131,7.253461762,58.21785976,2016
649,Woodlands,North Coast,North Region,13440,3480,1960,8010,25.87358671,14.57247987,59.55385907,2016
650,Woodlands,Senoko West,North Region,10,0,0,0,0,0,0,2016
651,Woodlands,Woodgrove,North Region,35550,11500,2880,21190,32.3306066,8.096708435,59.57265685,2016
652,Woodlands,Woodlands East,North Region,93370,31090,6160,56110,33.30119609,6.598114118,60.10067908,2016
653,Woodlands,Woodlands Regional Centre,North Region,10,0,0,0,0,0,0,2016
654,Woodlands,Woodlands South,North Region,38800,13440,2770,22600,34.63024101,7.137333899,58.23239932,2016
655,Woodlands,Woodlands West,North Region,32150,9110,3920,19120,28.33591654,12.19284224,59.47121012,2016
656,Yishun,Khatib,North Region,10570,2450,1440,6700,23.1350112,13.59772087,63.2671735,2016
657,Yishun,Lower Seletar,North Region,10330,3650,440,6250,35.29977244,4.255315034,60.44481582,2016
658,Yishun,Nee Soon,North Region,890,240,120,550,26.37333656,13.18666828,60.43889628,2016
659,Yishun,Northland,North Region,29920,8010,3350,18570,26.76243676,11.19277942,62.0447504,2016
660,Yishun,Springleaf,North Region,4070,1170,650,2260,28.6764003,15.9313335,55.3920211,2016
661,Yishun,Yishun Central,North Region,1420,360,200,870,25.17464913,13.98591618,60.83873539,2016
662,Yishun,Yishun East,North Region,57540,18070,4390,35100,31.39332325,7.626822858,60.97983652,2016
663,Yishun,Yishun South,North Region,38240,9640,4800,23810,25.20260779,12.54901633,62.24834974,2016
664,Yishun,Yishun West,North Region,57470,14420,7400,35650,25.09134764,12.87628104,62.03235392,2016
665,Ang Mo Kio,Ang Mo Kio Town Centre,North East Region,4980,1380,700,2910,27.6552552,14.028028,58.3165164,2015
666,Ang Mo Kio,Cheng San,North East Region,29050,6440,4870,17760,22.15341515,16.75266022,61.09389023,2015
667,Ang Mo Kio,Chong Boon,North East Region,27120,5730,5280,16130,21.11274093,19.45467227,59.43254995,2015
668,Ang Mo Kio,Kebun Bahru,North East Region,23310,5150,4440,13710,22.10299481,19.05578581,58.84117646,2015
669,Ang Mo Kio,Sembawang Hills,North East Region,6910,2090,1160,3650,30.28981117,16.81156984,52.89847406,2015
670,Ang Mo Kio,Shangri-La,North East Region,17620,4120,3170,10330,23.38250659,17.9909092,58.62652745,2015
671,Ang Mo Kio,Tagore,North East Region,8330,2390,1160,4810,28.58848255,13.87558149,57.53581634,2015
672,Ang Mo Kio,Townsville,North East Region,23290,5210,4540,13540,22.37010632,19.49333641,58.13651433,2015
673,Ang Mo Kio,Yio Chu Kang,North East Region,40,0,0,0,0,0,0,2015
674,Ang Mo Kio,Yio Chu Kang East,North East Region,4010,1150,570,2320,28.46527608,14.10887597,57.42560043,2015
675,Ang Mo Kio,Yio Chu Kang North,North East Region,0,0,0,0,0,0,0,2015
676,Ang Mo Kio,Yio Chu Kang West,North East Region,26300,6720,3850,15730,25.55132108,14.6387777,59.80986319,2015
677,Bedok,Bayshore,East Region,7370,2120,750,4520,28.68737661,10.14883606,61.16365201,2015
678,Bedok,Bedok North,East Region,84400,20720,13840,49850,24.54685173,16.39615965,59.05697677,2015
679,Bedok,Bedok Reservoir,East Region,26030,7350,2800,15900,28.21496038,10.74855633,61.0364449,2015
680,Bedok,Bedok South,East Region,49840,12510,8770,28580,25.09024768,17.58924637,57.3204859,2015
681,Bedok,Frankel,East Region,33710,9380,5020,19330,27.8090638,14.88288915,57.3080174,2015
682,Bedok,Kaki Bukit,East Region,40070,10650,5210,24230,26.56522161,12.9957563,60.43899715,2015
683,Bedok,Kembangan,East Region,38980,9210,6480,23290,23.62749522,16.62390543,59.74857369,2015
684,Bedok,Siglap,East Region,6780,1550,1510,3720,22.86132321,22.27135358,54.86717571,2015
685,Bishan,Bishan East,Central Region,28900,7040,4280,17600,24.3430068,14.79944163,60.85751699,2015
686,Bishan,Marymount,Central Region,31010,9130,3510,18360,29.4516034,11.32257699,59.22578735,2015
687,Bishan,Upper Thomson,Central Region,30190,7670,5210,17300,25.41417316,17.26308242,57.32271129,2015
688,Boon Lay,Liu Fang,NA,10,0,0,0,0,0,0,2015
689,Boon Lay,Samulun,NA,10,0,0,0,0,0,0,2015
690,Boon Lay,Shipyard,NA,0,0,0,0,0,0,0,2015
691,Boon Lay,Tukang,NA,10,0,0,0,0,0,0,2015
692,Bukit Batok,Brickworks,West Region,0,0,0,0,0,0,0,2015
693,Bukit Batok,Bukit Batok Central,West Region,25720,6780,3080,15860,26.36079846,11.97511198,61.66405067,2015
694,Bukit Batok,Bukit Batok East,West Region,14270,3480,1700,9090,24.38680842,11.91309607,63.70002544,2015
695,Bukit Batok,Bukit Batok South,West Region,13740,4160,1070,8510,30.27654274,7.787476137,61.93590834,2015
696,Bukit Batok,Bukit Batok West,West Region,14940,3990,1730,9210,26.72469744,11.58740014,61.68783544,2015
697,Bukit Batok,Gombak,West Region,9920,2820,1240,5880,28.37019279,12.47483654,59.15487007,2015
698,Bukit Batok,Guilin,West Region,13310,3630,1460,8230,27.25223179,10.96095273,61.7867404,2015
699,Bukit Batok,Hillview,West Region,18290,5620,1830,10850,30.71036573,9.999994536,59.28958509,2015
700,Bukit Batok,Hong Kah North,West Region,27870,7530,2870,17480,27.00859863,10.29411395,62.69725154,2015
701,Bukit Merah,Alexandra Hill,Central Region,15360,3640,3060,8670,23.68248297,19.90890051,56.40855146,2015
702,Bukit Merah,Alexandra North,Central Region,1040,280,70,680,27.1842021,6.796050524,66.01877652,2015
703,Bukit Merah,Bukit Ho Swee,Central Region,16040,3330,3370,9360,20.7347318,20.98379764,58.28140829,2015
704,Bukit Merah,Bukit Merah,Central Region,1150,270,240,650,23.27566142,20.68947681,56.03399971,2015
705,Bukit Merah,City Terminals,Central Region,40,0,0,0,0,0,0,2015
706,Bukit Merah,Depot Road,Central Region,5340,1400,790,3170,26.11935425,14.73877847,59.14168071,2015
707,Bukit Merah,Everton Park,Central Region,9050,1980,1760,5340,21.80614339,19.38323856,58.81050792,2015
708,Bukit Merah,Henderson Hill,Central Region,12240,2830,2680,6750,23.08317856,21.85968853,55.05705134,2015
709,Bukit Merah,Kampong Tiong Bahru,Central Region,10270,2140,2270,5870,20.81710037,22.08169058,57.10111177,2015
710,Bukit Merah,Maritime Square,Central Region,2650,700,210,1740,26.41499466,7.924498398,65.66012958,2015
711,Bukit Merah,Redhill,Central Region,12060,3130,1900,7060,25.88914319,15.71545433,58.39531977,2015
712,Bukit Merah,Singapore General Hospital,Central Region,10,0,0,0,0,0,0,2015
713,Bukit Merah,Telok Blangah Drive,Central Region,16030,3520,3180,9340,21.94512348,19.82542405,58.22939013,2015
714,Bukit Merah,Telok Blangah Rise,Central Region,13530,2810,2930,7800,20.75330816,21.63957043,57.60704756,2015
715,Bukit Merah,Telok Blangah Way,Central Region,10500,2220,2160,6110,21.16299222,20.59101946,58.245893,2015
716,Bukit Merah,Tiong Bahru,Central Region,12830,2780,2370,7680,21.66794882,18.47231608,59.85965716,2015
717,Bukit Merah,Tiong Bahru Station,Central Region,16340,4170,2670,9510,25.50457156,16.33026524,58.16510204,2015
718,Bukit Panjang,Bangkit,West Region,23150,6180,2930,14080,26.64940636,12.63475091,60.71579961,2015
719,Bukit Panjang,Dairy Farm,West Region,5800,1800,530,3460,31.08802921,9.153697489,59.75810059,2015
720,Bukit Panjang,Fajar,West Region,28560,9070,2410,17090,31.74657622,8.435418819,59.81796996,2015
721,Bukit Panjang,Jelebu,West Region,32710,9440,3480,19770,28.87732368,10.64545407,60.47719166,2015
722,Bukit Panjang,Nature Reserve,West Region,3850,1210,360,2290,31.34706905,9.326400709,59.32627118,2015
723,Bukit Panjang,Saujana,West Region,26400,8460,1850,16120,32.00906848,6.999618994,60.99127469,2015
724,Bukit Panjang,Senja,West Region,20930,6870,1610,12460,32.80800726,7.688630521,59.50331447,2015
725,Bukit Timah,Anak Bukit,Central Region,22000,6260,3230,12500,28.46747227,14.68848809,56.84399416,2015
726,Bukit Timah,Coronation Road,Central Region,6250,1920,1000,3330,30.71995085,15.9999744,53.27991475,2015
727,Bukit Timah,Farrer Court,Central Region,5590,1610,800,3170,28.85299489,14.33689187,56.80993403,2015
728,Bukit Timah,Hillcrest,Central Region,8940,2780,1250,4900,31.13098418,13.99774468,54.87115916,2015
729,Bukit Timah,Holland Road,Central Region,10260,3310,1240,5730,32.19841226,12.06224508,55.73924539,2015
730,Bukit Timah,Leedon Park,Central Region,6350,1760,940,3670,27.62946997,14.75664873,57.61372431,2015
731,Bukit Timah,Swiss Club,Central Region,5630,1700,810,3140,30.08844232,14.33625781,55.57512288,2015
732,Bukit Timah,Ulu Pandan,Central Region,10630,3030,1700,5900,28.50420649,15.99245909,55.50324035,2015
733,Central Water Catchment,Central Water Catchment,NA,0,0,0,0,0,0,0,2015
734,Changi,Changi Airport,East Region,0,0,0,0,0,0,0,2015
735,Changi,Changi Point,East Region,770,170,160,460,21.51871495,20.25290819,58.22711105,2015
736,Changi,Changi West,East Region,1680,730,70,880,43.45212231,4.166641865,52.38064059,2015
737,Changi Bay,Changi Bay,NA,0,0,0,0,0,0,0,2015
738,Choa Chu Kang,Choa Chu Kang Central,West Region,21880,7060,1810,13000,32.28164962,8.276173628,59.44213103,2015
739,Choa Chu Kang,Choa Chu Kang North,West Region,33980,12160,2370,19470,35.76469536,6.970586185,57.26468904,2015
740,Choa Chu Kang,Keat Hong,West Region,19200,6370,1370,11480,33.14254259,7.127987967,59.72941741,2015
741,Choa Chu Kang,Peng Siang,West Region,34320,10710,2880,20750,31.18810973,8.386718583,60.42514257,2015
742,Choa Chu Kang,Teck Whye,West Region,26620,7690,3170,15760,28.88804324,11.90833512,59.20358407,2015
743,Choa Chu Kang,Yew Tee,West Region,43150,14150,2920,26080,32.79257641,6.767089973,60.44031044,2015
744,Clementi,Clementi Central,West Region,13230,3190,2330,7710,24.11184874,17.61147573,58.27659994,2015
745,Clementi,Clementi North,West Region,29100,6110,5850,17140,20.99655636,20.10308588,58.9003234,2015
746,Clementi,Clementi West,West Region,16460,4000,2490,9980,24.28656692,15.11838791,60.59498446,2015
747,Clementi,Clementi Woods,West Region,16340,4120,2680,9560,25.18335869,16.38140808,58.43517211,2015
748,Clementi,Faber,West Region,4320,1330,540,2460,30.7158644,12.47110284,56.81280182,2015
749,Clementi,Pandan,West Region,10,0,0,0,0,0,0,2015
750,Clementi,Sunset Way,West Region,6170,1490,1090,3600,24.10999335,17.63751191,58.25233293,2015
751,Clementi,Toh Tuck,West Region,30,0,0,0,0,0,0,2015
752,Clementi,West Coast,West Region,5980,1920,650,3400,32.16075015,10.88775396,56.95132839,2015
753,Downtown Core,Anson,Central Region,90,0,0,0,0,0,0,2015
754,Downtown Core,Bayfront Subzone,Central Region,0,0,0,0,0,0,0,2015
755,Downtown Core,Bugis,Central Region,2200,350,590,1280,15.76569475,26.57645686,57.65739794,2015
756,Downtown Core,Cecil,Central Region,180,20,0,160,11.11049386,0,88.88395089,2015
757,Downtown Core,Central Subzone,Central Region,550,100,20,430,18.18148761,3.636297522,78.18039672,2015
758,Downtown Core,City Hall,Central Region,60,0,0,0,0,0,0,2015
759,Downtown Core,Clifford Pier,Central Region,0,0,0,0,0,0,0,2015
760,Downtown Core,Marina Centre,Central Region,20,0,0,0,0,0,0,2015
761,Downtown Core,Maxwell,Central Region,0,0,0,0,0,0,0,2015
762,Downtown Core,Phillip,Central Region,0,0,0,0,0,0,0,2015
763,Downtown Core,Raffles Place,Central Region,60,0,0,0,0,0,0,2015
764,Downtown Core,Tanjong Pagar,Central Region,550,60,90,410,10.71409439,16.07114159,73.21297834,2015
765,Geylang,Aljunied,Central Region,41050,9380,6730,24940,22.85017714,16.39463669,60.75516181,2015
766,Geylang,Geylang East,Central Region,32730,8090,5290,19360,24.70982752,16.15760044,59.1325415,2015
767,Geylang,Kallang Way,Central Region,50,0,0,0,0,0,0,2015
768,Geylang,Kampong Ubi,Central Region,12890,3410,1400,8090,26.43408804,10.85270477,62.71312968,2015
769,Geylang,Macpherson,Central Region,29180,7030,5000,17150,24.09183547,17.13501812,58.77311214,2015
770,Hougang,Defu Industrial Park,North East Region,30,0,0,0,0,0,0,2015
771,Hougang,Hougang Central,North East Region,4730,1310,610,2810,27.6955017,12.89637865,59.40790823,2015
772,Hougang,Hougang East,North East Region,22740,6160,2340,14240,27.08881834,10.29023294,62.62090474,2015
773,Hougang,Hougang West,North East Region,48560,12050,6110,30400,24.81465716,12.58236973,62.60295251,2015
774,Hougang,Kangkar,North East Region,28770,7590,3650,17540,26.37247173,12.68241394,60.94507959,2015
775,Hougang,Kovan,North East Region,26060,7260,3450,15360,27.84809058,13.23359677,58.91827429,2015
776,Hougang,Lorong Ah Soo,North East Region,33450,8120,5410,19910,24.28228939,16.17822483,59.53945588,2015
777,Hougang,Lorong Halus,North East Region,0,0,0,0,0,0,0,2015
778,Hougang,Tai Seng,North East Region,14430,3980,2220,8250,27.54323353,15.36331117,57.09338609,2015
779,Hougang,Trafalgar,North East Region,44100,13020,4640,26420,29.53719838,10.5263134,59.93646553,2015
780,Jurong East,International Business Park,West Region,10,0,0,0,0,0,0,2015
781,Jurong East,Jurong Gateway,West Region,20,0,0,0,0,0,0,2015
782,Jurong East,Jurong Port,West Region,0,0,0,0,0,0,0,2015
783,Jurong East,Jurong River,West Region,10,0,0,0,0,0,0,2015
784,Jurong East,Lakeside,West Region,960,180,210,580,18.55650973,21.64926135,59.79319801,2015
785,Jurong East,Penjuru Crescent,West Region,10,0,0,0,0,0,0,2015
786,Jurong East,Teban Gardens,West Region,19810,5160,2950,11710,26.03429564,14.88394809,59.08170581,2015
787,Jurong East,Toh Guan,West Region,16180,4510,1530,10140,27.87390119,9.456112821,62.66992418,2015
788,Jurong East,Yuhua East,West Region,27000,6500,4070,16420,24.08298478,15.07965355,60.83732462,2015
789,Jurong East,Yuhua West,West Region,20660,5410,2770,12490,26.17318521,13.40105786,60.42570855,2015
790,Jurong West,Boon Lay Place,West Region,31040,9410,3190,18440,30.31571188,10.27705854,59.40719736,2015
791,Jurong West,Boon Lay Place,North Region,31040,9410,3190,18440,30.31571188,10.27705854,59.40719736,2015
792,Jurong West,Chin Bee,West Region,0,0,0,0,0,0,0,2015
793,Jurong West,Chin Bee,North Region,0,0,0,0,0,0,0,2015
794,Jurong West,Hong Kah,West Region,55900,14620,7130,34150,26.15384148,12.75491722,61.09122342,2015
795,Jurong West,Hong Kah,North Region,55900,14620,7130,34150,26.15384148,12.75491722,61.09122342,2015
796,Jurong West,Jurong West Central,West Region,67420,20590,4650,42190,30.53536548,6.896039315,62.56858037,2015
797,Jurong West,Jurong West Central,North Region,67420,20590,4650,42190,30.53536548,6.896039315,62.56858037,2015
798,Jurong West,Kian Teck,West Region,40,0,0,0,0,0,0,2015
799,Jurong West,Kian Teck,North Region,40,0,0,0,0,0,0,2015
800,Jurong West,Safti,West Region,0,0,0,0,0,0,0,2015
801,Jurong West,Safti,North Region,0,0,0,0,0,0,0,2015
802,Jurong West,Taman Jurong,West Region,37280,11430,3540,22320,30.65164102,9.49315916,59.85517301,2015
803,Jurong West,Taman Jurong,North Region,37280,11430,3540,22320,30.65164102,9.49315916,59.85517301,2015
804,Jurong West,Wenya,West Region,8580,2820,530,5260,32.7525752,6.155625836,61.09168282,2015
805,Jurong West,Wenya,North Region,8580,2820,530,5260,32.7525752,6.155625836,61.09168282,2015
806,Jurong West,Yunnan,West Region,70100,22070,5980,42090,31.46563566,8.525804316,60.00854576,2015
807,Jurong West,Yunnan,North Region,70100,22070,5980,42090,31.46563566,8.525804316,60.00854576,2015
808,Kallang,Bendemeer,Central Region,33820,7600,5760,20460,22.47190347,17.03133737,60.4967296,2015
809,Kallang,Boon Keng,Central Region,10810,2400,1950,6460,22.20164459,18.03883623,59.75942668,2015
810,Kallang,Crawford,Central Region,9600,1720,2580,5320,17.87939929,26.81909894,55.30139782,2015
811,Kallang,Geylang Bahru,Central Region,12630,2800,2380,7470,22.13436985,18.81421438,59.05133672,2015
812,Kallang,Kallang Bahru,Central Region,20,0,0,0,0,0,0,2015
813,Kallang,Kampong Bugis,Central Region,870,180,130,560,20.68941736,14.94235698,64.36707624,2015
814,Kallang,Kampong Java,Central Region,11080,2530,2050,6520,22.79277226,18.46845183,58.73868582,2015
815,Kallang,Lavender,Central Region,10210,2320,1750,6160,22.6783747,17.10653264,60.2149949,2015
816,Kallang,Tanjong Rhu,Central Region,11220,3010,1300,6940,26.75553177,11.55554528,61.68883405,2015
817,Lim Chu Kang,Lim Chu Kang,NA,100,0,0,0,0,0,0,2015
818,Mandai,Mandai East,North Region,0,0,0,0,0,0,0,2015
819,Mandai,Mandai Estate,North Region,2150,680,240,1240,31.48133573,11.11105967,57.40714163,2015
820,Mandai,Mandai West,North Region,0,0,0,0,0,0,0,2015
821,Marina East,Marina East,NA,0,0,0,0,0,0,0,2015
822,Marina South,Marina South,NA,0,0,0,0,0,0,0,2015
823,Marine Parade,East Coast,Central Region,0,0,0,0,0,0,0,2015
824,Marine Parade,Katong,Central Region,9510,2520,1400,5590,26.49839485,14.72133047,58.78016953,2015
825,Marine Parade,Marina East (Mp),Central Region,0,0,0,0,0,0,0,2015
826,Marine Parade,Marine Parade,Central Region,28450,7150,5570,15740,25.12297079,19.5713213,55.30567277,2015
827,Marine Parade,Mountbatten,Central Region,10350,2910,1480,5970,28.08877598,14.2857005,57.625427,2015
828,Museum,Bras Basah,Central Region,10,0,0,0,0,0,0,2015
829,Museum,Dhoby Ghaut,Central Region,230,30,10,170,14.28503405,4.761678015,80.94852626,2015
830,Museum,Fort Canning,Central Region,170,40,20,100,24.9984376,12.4992188,62.49609399,2015
831,Newton,Cairnhill,Central Region,3440,920,480,2050,26.66658937,13.91300315,59.42011762,2015
832,Newton,Goodwood Park,Central Region,990,310,110,590,30.69276542,10.89098128,58.41526322,2015
833,Newton,Istana Negara,Central Region,40,0,0,0,0,0,0,2015
834,Newton,Monk's Hill,Central Region,990,280,140,570,28.2825426,14.1412713,57.57517601,2015
835,Newton,Newton Circus,Central Region,230,70,20,140,30.43345941,8.695274119,60.86691883,2015
836,Newton,Orange Grove,Central Region,1450,340,240,880,23.28751173,16.43824357,60.27355977,2015
837,North-Eastern Islands,North-Eastern Islands,NA,60,0,0,0,0,0,0,2015
838,Novena,Balestier,Central Region,31860,7610,5450,18800,23.88574266,17.10608377,59.00814218,2015
839,Novena,Dunearn,Central Region,3910,1170,680,2090,29.6953561,17.25883944,53.04555065,2015
840,Novena,Malcolm,Central Region,2610,770,440,1420,29.27745522,16.72997441,53.99219014,2015
841,Novena,Moulmein,Central Region,8580,2620,880,5080,30.53609495,10.2563983,59.2073902,2015
842,Novena,Mount Pleasant,Central Region,670,190,120,380,27.53583281,17.3910523,55.07166563,2015
843,Orchard,Boulevard,Central Region,420,70,80,280,16.27869119,18.60421851,65.11476477,2015
844,Orchard,Somerset,Central Region,60,0,0,0,0,0,0,2015
845,Orchard,Tanglin,Central Region,410,110,70,260,24.99943183,15.90872935,59.08956615,2015
846,Outram,China Square,Central Region,1530,220,410,910,14.28562152,26.62320375,59.09052539,2015
847,Outram,Chinatown,Central Region,11550,2750,1980,6820,23.8095032,17.1428423,59.04756792,2015
848,Outram,Pearl's Hill,Central Region,8030,1470,2120,4460,18.26084688,26.33537101,55.40365788,2015
849,Outram,People's Park,Central Region,330,30,60,250,8.823269904,17.64653981,73.5272492,2015
850,Pasir Ris,Flora Drive,East Region,13960,4290,1350,8310,30.75266613,9.677412418,59.56984977,2015
851,Pasir Ris,Loyang East,East Region,2190,620,280,1300,28.18169008,12.72721488,59.0906405,2015
852,Pasir Ris,Loyang West,East Region,200,0,180,10,0,94.73185622,5.262880901,2015
853,Pasir Ris,Pasir Ris Central,East Region,27950,8990,2140,16830,32.15306432,7.653788393,60.19311152,2015
854,Pasir Ris,Pasir Ris Drive,East Region,58140,19090,5320,33760,32.81759793,9.145606129,58.03677875,2015
855,Pasir Ris,Pasir Ris Park,East Region,4850,1620,230,3010,33.33326475,4.73250055,61.93402894,2015
856,Pasir Ris,Pasir Ris Wafer Fab Park,East Region,20,0,0,0,0,0,0,2015
857,Pasir Ris,Pasir Ris West,East Region,35620,12390,2650,20580,34.78381954,7.439638563,57.77651382,2015
858,Paya Lebar,Airport Road,NA,0,0,0,0,0,0,0,2015
859,Paya Lebar,Paya Lebar East,NA,10,0,0,0,0,0,0,2015
860,Paya Lebar,Paya Lebar North,NA,30,0,0,0,0,0,0,2015
861,Paya Lebar,Paya Lebar West,NA,0,0,0,0,0,0,0,2015
862,Paya Lebar,Plab,NA,0,0,0,0,0,0,0,2015
863,Pioneer,Benoi Sector,NA,0,0,0,0,0,0,0,2015
864,Pioneer,Gul Basin,NA,20,0,0,0,0,0,0,2015
865,Pioneer,Gul Circle,NA,40,0,0,0,0,0,0,2015
866,Pioneer,Joo Koon,NA,30,0,0,0,0,0,0,2015
867,Pioneer,Pioneer Sector,NA,0,0,0,0,0,0,0,2015
868,Punggol,Coney Island,North East Region,0,0,0,0,0,0,0,2015
869,Punggol,Matilda,North East Region,37380,12300,2080,23020,32.88769174,5.561495839,61.55078568,2015
870,Punggol,Northshore,North East Region,290,110,40,170,34.37392581,12.49960939,53.1233399,2015
871,Punggol,Punggol Canal,North East Region,0,0,0,0,0,0,0,2015
872,Punggol,Punggol Field,North East Region,45200,14940,3490,26780,33.04577902,7.71952937,59.23466949,2015
873,Punggol,Punggol Town Centre,North East Region,11640,3820,490,7320,32.84605946,4.213237994,62.94061656,2015
874,Punggol,Waterway East,North East Region,35860,11770,2090,22030,32.79464118,5.8233475,61.38198345,2015
875,Queenstown,Commonwealth,Central Region,7940,1590,1780,4590,19.97484928,22.36178095,57.66324414,2015
876,Queenstown,Dover,Central Region,12590,3490,1950,7180,27.65449473,15.45165178,56.89377425,2015
877,Queenstown,Ghim Moh,Central Region,11810,2740,2680,6380,23.2203193,22.71184516,54.06775079,2015
878,Queenstown,Holland Drive,Central Region,14000,2640,3350,8010,18.85712939,23.92855434,57.21424485,2015
879,Queenstown,Kent Ridge,Central Region,1020,230,140,660,22.32988029,13.59210105,64.0770478,2015
880,Queenstown,Margaret Drive,Central Region,13660,3600,1770,8300,26.33502097,12.94805198,60.7168539,2015
881,Queenstown,Mei Chin,Central Region,16430,4000,2930,9510,24.33088544,17.82237359,57.84668014,2015
882,Queenstown,National University Of S'pore,Central Region,290,160,0,150,51.61123835,0,48.38553595,2015
883,Queenstown,One North,Central Region,600,160,30,400,27.11818444,5.084659582,67.79546109,2015
884,Queenstown,Pasir Panjang 1,Central Region,4090,1090,480,2540,26.52061674,11.6788037,61.80033625,2015
885,Queenstown,Pasir Panjang 2,Central Region,3430,900,440,2110,26.08688091,12.75358622,61.15924302,2015
886,Queenstown,Port,Central Region,130,30,20,90,21.42704093,14.28469395,64.28112278,2015
887,Queenstown,Queensway,Central Region,280,50,40,190,17.85650512,14.2852041,67.85471947,2015
888,Queenstown,Singapore Polytechnic,Central Region,170,70,0,110,38.88672852,0,61.10771624,2015
889,Queenstown,Tanglin Halt,Central Region,12920,2640,2700,7590,20.41761762,20.88165438,58.70065066,2015
890,River Valley,Institution Hill,Central Region,3370,910,350,2120,26.92299727,10.35499895,62.72170792,2015
891,River Valley,Leonie Hill,Central Region,2530,640,240,1640,25.39672462,9.523771731,65.07910683,2015
892,River Valley,One Tree Hill,Central Region,1860,450,310,1100,24.19341831,16.66657706,59.13946699,2015
893,River Valley,Oxley,Central Region,1400,290,260,840,20.86315926,18.7049014,60.43121992,2015
894,River Valley,Paterson,Central Region,180,50,10,130,26.31440451,5.262880901,68.41745171,2015
895,Rochor,Bencoolen,Central Region,1450,290,290,880,19.86287765,19.86287765,60.27355977,2015
896,Rochor,Farrer Park,Central Region,3030,650,540,1830,21.52310754,17.88073549,60.59582584,2015
897,Rochor,Kampong Glam,Central Region,180,30,70,90,15.7886427,36.84016631,47.36592811,2015
898,Rochor,Little India,Central Region,3700,720,800,2190,19.40695578,21.5632842,59.02949049,2015
899,Rochor,Mackenzie,Central Region,120,30,0,90,24.99791684,0,74.99375052,2015
900,Rochor,Mount Emily,Central Region,1170,250,100,830,21.18626113,8.474504453,70.33838696,2015
901,Rochor,Rochor Canal,Central Region,10,0,0,0,0,0,0,2015
902,Rochor,Selegie,Central Region,250,60,50,180,20.68894176,17.2407848,62.06682528,2015
903,Rochor,Sungei Road,Central Region,2350,550,520,1280,23.40415573,22.12756541,54.46785333,2015
904,Rochor,Victoria,Central Region,2030,310,520,1220,15.12187745,25.36572992,59.51190482,2015
905,Seletar,Pulau Punggol Barat,NA,0,0,0,0,0,0,0,2015
906,Seletar,Pulau Punggol Timor,NA,0,0,0,0,0,0,0,2015
907,Seletar,Seletar,NA,230,80,0,140,36.36198355,0,63.63347121,2015
908,Seletar,Seletar Aerospace Park,NA,20,0,0,0,0,0,0,2015
909,Sembawang,Admiralty,North Region,14510,4610,1160,8740,31.77117039,7.994481051,60.23427965,2015
910,Sembawang,Sembawang Central,North Region,28830,8990,2090,17740,31.19360472,7.251905881,61.5544547,2015
911,Sembawang,Sembawang East,North Region,90,0,0,0,0,0,0,2015
912,Sembawang,Sembawang North,North Region,27110,8850,1810,16470,32.62070305,6.671578816,60.70768127,2015
913,Sembawang,Sembawang Springs,North Region,5010,1550,650,2830,30.81504808,12.92243952,56.26231359,2015
914,Sembawang,Sembawang Straits,North Region,1750,570,180,1000,32.57124245,10.28565551,57.14253061,2015
915,Sembawang,Senoko North,North Region,20,0,0,0,0,0,0,2015
916,Sembawang,Senoko South,North Region,20,0,0,0,0,0,0,2015
917,Sembawang,The Wharves,North Region,0,0,0,0,0,0,0,2015
918,Sengkang,Anchorvale,North East Region,39170,12600,2720,23870,32.15105074,6.940544287,60.90837946,2015
919,Sengkang,Compassvale,North East Region,18680,5860,1210,11610,31.37043289,6.477512592,62.15200099,2015
920,Sengkang,Fernvale,North East Region,44570,14430,3180,26950,32.38329614,7.136443641,60.48023777,2015
921,Sengkang,Lorong Halus North,North East Region,0,0,0,0,0,0,0,2015
922,Sengkang,Rivervale,North East Region,61220,19180,5140,36900,31.32962572,8.395947665,60.27441028,2015
923,Sengkang,Sengkang Town Centre,North East Region,55740,17560,4410,33780,31.4977522,7.910312482,60.59191738,2015
924,Sengkang,Sengkang West,North East Region,10,0,0,0,0,0,0,2015
925,Serangoon,Lorong Chuan,North East Region,8390,2510,1150,4720,29.95223156,13.72313398,56.32451513,2015
926,Serangoon,Seletar Hills,North East Region,13820,3940,2150,7730,28.50938603,15.55715227,55.93338934,2015
927,Serangoon,Serangoon Central,North East Region,26060,5970,4000,16110,22.89109552,15.33741743,61.77144871,2015
928,Serangoon,Serangoon Garden,North East Region,38620,9330,6790,22510,24.15220705,17.57700813,58.27075893,2015
929,Serangoon,Serangoon North,North East Region,17040,5220,1690,10150,30.59787187,9.906207558,59.49586196,2015
930,Serangoon,Serangoon North Ind Estate,North East Region,20,0,0,0,0,0,0,2015
931,Serangoon,Upper Paya Lebar,North East Region,16050,4000,2410,9620,24.95319716,15.03430129,60.01243917,2015
932,Simpang,Pulau Seletar,NA,0,0,0,0,0,0,0,2015
933,Simpang,Simpang North,NA,0,0,0,0,0,0,0,2015
934,Simpang,Simpang South,NA,0,0,0,0,0,0,0,2015
935,Simpang,Tanjong Irau,NA,0,0,0,0,0,0,0,2015
936,Singapore River,Boat Quay,Central Region,150,20,40,90,13.3324445,26.66488901,59.99600027,2015
937,Singapore River,Clarke Quay,Central Region,120,20,10,80,18.18016544,9.09008272,72.72066176,2015
938,Singapore River,Robertson Quay,Central Region,2570,700,200,1690,27.02692268,7.721977907,65.25071332,2015
939,Southern Islands,Sentosa,Central Region,1600,470,100,1050,29.01216659,6.172801402,64.81441473,2015
940,Southern Islands,Southern Group,Central Region,0,0,0,0,0,0,0,2015
941,Straits View,Straits View,NA,0,0,0,0,0,0,0,2015
942,Sungei Kadut,Gali Batu,North Region,130,0,100,30,0,76.91716022,23.07514807,2015
943,Sungei Kadut,Kranji,North Region,20,0,0,0,0,0,0,2015
944,Sungei Kadut,Pang Sua,North Region,20,0,0,0,0,0,0,2015
945,Sungei Kadut,Reservoir View,North Region,20,0,0,0,0,0,0,2015
946,Sungei Kadut,Turf Club,North Region,670,170,140,350,25.7571855,21.21179982,53.02949955,2015
947,Tampines,Simei,East Region,41880,11960,4550,25370,28.55777733,10.86437181,60.57782699,2015
948,Tampines,Tampines East,East Region,137580,38940,15350,83290,28.30353043,11.15714412,60.53931818,2015
949,Tampines,Tampines North,East Region,0,0,0,0,0,0,0,2015
950,Tampines,Tampines West,East Region,77820,22410,8160,47270,28.78982158,10.48304079,60.72712478,2015
951,Tampines,Xilin,East Region,1830,540,140,1150,29.50803548,7.65023142,62.84118666,2015
952,Tanglin,Chatsworth,Central Region,6000,1530,710,3780,25.41524017,11.79400034,62.79059337,2015
953,Tanglin,Nassim,Central Region,8720,2610,1110,5030,29.82853734,12.68569979,57.48564859,2015
954,Tanglin,Ridout,Central Region,1360,350,240,800,25.17967497,17.26606283,57.55354278,2015
955,Tanglin,Tyersall,Central Region,3570,1010,510,2060,28.2122117,14.24577026,57.54173871,2015
956,Tengah,Tengah,NA,10,0,0,0,0,0,0,2015
957,Toa Payoh,Bidadari,Central Region,0,0,0,0,0,0,0,2015
958,Toa Payoh,Boon Teck,Central Region,14780,3530,3120,8140,23.86746189,21.09532042,55.03715008,2015
959,Toa Payoh,Braddell,Central Region,10610,2610,1930,6070,24.59941131,18.19036928,57.21012516,2015
960,Toa Payoh,Joo Seng,Central Region,6670,1550,1190,3930,23.23834597,17.84105271,58.92045139,2015
961,Toa Payoh,Kim Keat,Central Region,8600,1920,1560,5110,22.35154557,18.16063078,59.48770723,2015
962,Toa Payoh,Lorong 8 Toa Payoh,Central Region,8040,1770,1710,4580,21.96027052,21.21585457,56.82375084,2015
963,Toa Payoh,Pei Chun,Central Region,11480,2710,2170,6610,23.58570619,18.88597138,57.5282354,2015
964,Toa Payoh,Potong Pasir,Central Region,12420,2630,2200,7590,21.1755063,17.71335128,61.11106191,2015
965,Toa Payoh,Sennett,Central Region,4560,1110,960,2500,24.28878711,21.00651859,54.70447548,2015
966,Toa Payoh,Toa Payoh Central,Central Region,30280,7920,4730,17630,26.15586983,15.6208667,58.22323044,2015
967,Toa Payoh,Toa Payoh West,Central Region,12930,2600,2890,7460,20.07720457,22.31658508,57.60613312,2015
968,Toa Payoh,Woodleigh,Central Region,2410,740,210,1470,30.57838604,8.677650092,60.74355065,2015
969,Tuas,Tengeh,NA,0,0,0,0,0,0,0,2015
970,Tuas,Tuas Bay,NA,20,0,0,0,0,0,0,2015
971,Tuas,Tuas North,NA,20,0,0,0,0,0,0,2015
972,Tuas,Tuas Promenade,NA,10,0,0,0,0,0,0,2015
973,Tuas,Tuas View,NA,20,0,0,0,0,0,0,2015
974,Tuas,Tuas View Extension,NA,0,0,0,0,0,0,0,2015
975,Western Islands,Jurong Island And Bukom,NA,0,0,0,0,0,0,0,2015
976,Western Islands,Semakau,NA,0,0,0,0,0,0,0,2015
977,Western Islands,Sudong,NA,0,0,0,0,0,0,0,2015
978,Western Water Catchment,Western Water Catchment,NA,800,250,60,500,30.8638165,7.407315959,61.72763299,2015
979,Woodlands,Greenwood Park,North Region,90,0,0,0,0,0,0,2015
980,Woodlands,Midview,North Region,36030,12690,2470,20890,35.20109981,6.851593106,57.94727935,2015
981,Woodlands,North Coast,North Region,14220,3810,1940,8490,26.75559919,13.62358594,59.62074465,2015
982,Woodlands,Senoko West,North Region,20,0,0,0,0,0,0,2015
983,Woodlands,Woodgrove,North Region,35930,11970,2670,21280,33.32404417,7.433182786,59.2427452,2015
984,Woodlands,Woodlands East,North Region,94280,31920,5700,56680,33.84941317,6.044538065,60.10603816,2015
985,Woodlands,Woodlands Regional Centre,North Region,10,0,0,0,0,0,0,2015
986,Woodlands,Woodlands South,North Region,36450,12680,2480,21290,34.78737043,6.803839011,58.40876313,2015
987,Woodlands,Woodlands West,North Region,32770,9580,3800,19390,29.23404662,11.59596839,59.16995448,2015
988,Yishun,Khatib,North Region,10600,2630,1270,6730,24.74127494,11.94730767,63.31132332,2015
989,Yishun,Lower Seletar,North Region,4600,1610,180,2830,34.84840942,3.896095463,61.25527867,2015
990,Yishun,Nee Soon,North Region,900,240,140,530,26.37333656,15.38444632,58.24111823,2015
991,Yishun,Northland,North Region,30520,8440,3140,18970,27.6268322,10.27822904,62.09490602,2015
992,Yishun,Springleaf,North Region,4010,1180,630,2210,29.35316081,15.67160281,54.97498762,2015
993,Yishun,Yishun Central,North Region,1460,390,170,890,26.89636623,11.72405708,61.37888704,2015
994,Yishun,Yishun East,North Region,56750,17850,4050,34870,31.44265784,7.134048417,61.42327613,2015
995,Yishun,Yishun South,North Region,38180,10050,4460,23680,26.31578258,11.6784468,62.00574443,2015
996,Yishun,Yishun West,North Region,58820,15210,6960,36640,25.86294408,11.83471997,62.30231894,2015
997,Ang Mo Kio,Ang Mo Kio Town Centre,North East Region,5020,1400,660,2960,27.88839066,13.14738417,58.96402597,2014
998,Ang Mo Kio,Cheng San,North East Region,29770,6730,4630,18420,22.59905218,15.54734199,61.85357225,2014
999,Ang Mo Kio,Chong Boon,North East Region,27900,6080,5080,16760,21.7764965,18.19483589,60.02863179,2014
1000,Ang Mo Kio,Kebun Bahru,North East Region,23910,5490,4290,14140,22.95149542,17.93477511,59.11368766,2014
1001,Ang Mo Kio,Sembawang Hills,North East Region,6890,2120,1120,3670,30.68012926,16.20837018,53.11135584,2014
1002,Ang Mo Kio,Shangri-La,North East Region,18510,4540,3100,10900,24.48758118,16.72059508,58.7917698,2014
1003,Ang Mo Kio,Tagore,North East Region,8350,2470,1080,4800,29.5808029,12.93411625,57.4849611,2014
1004,Ang Mo Kio,Townsville,North East Region,23770,5420,4370,13980,22.80184148,18.38451057,58.81360588,2014
1005,Ang Mo Kio,Yio Chu Kang,North East Region,30,0,0,0,0,0,0,2014
1006,Ang Mo Kio,Yio Chu Kang East,North East Region,4080,1210,540,2360,29.44031766,13.13865416,57.42078486,2014
1007,Ang Mo Kio,Yio Chu Kang North,North East Region,0,0,0,0,0,0,0,2014
1008,Ang Mo Kio,Yio Chu Kang West,North East Region,26550,6940,3600,16020,26.12950823,13.55421176,60.31624235,2014
1009,Bedok,Bayshore,East Region,7480,2140,690,4640,28.64788668,9.236935426,62.11504402,2014
1010,Bedok,Bedok North,East Region,85930,21750,13170,51020,25.30835172,15.32464332,59.36699332,2014
1011,Bedok,Bedok Reservoir,East Region,25400,7280,2610,15510,28.66140604,10.27558651,61.06296809,2014
1012,Bedok,Bedok South,East Region,51190,13230,8410,29560,25.8398387,16.42577804,57.73436372,2014
1013,Bedok,Frankel,East Region,33570,9420,4880,19280,28.0524038,14.53245547,57.41511095,2014
1014,Bedok,Kaki Bukit,East Region,40820,11240,4870,24710,27.53551506,11.93042334,60.53403711,2014
1015,Bedok,Kembangan,East Region,38440,9520,6100,22850,24.74654933,15.85650745,59.39691724,2014
1016,Bedok,Siglap,East Region,6930,1640,1450,3840,23.66518952,20.92349073,55.41117545,2014
1017,Bishan,Bishan East,Central Region,28820,7290,3930,17610,25.28615148,13.63162899,61.08218485,2014
1018,Bishan,Marymount,Central Region,31540,9620,3260,18670,30.49127401,10.3328018,59.1758925,2014
1019,Bishan,Upper Thomson,Central Region,30340,7940,5010,17390,26.17006389,16.51284888,57.31705428,2014
1020,Boon Lay,Liu Fang,NA,10,0,0,0,0,0,0,2014
1021,Boon Lay,Samulun,NA,10,0,0,0,0,0,0,2014
1022,Boon Lay,Shipyard,NA,0,0,0,0,0,0,0,2014
1023,Boon Lay,Tukang,NA,10,0,0,0,0,0,0,2014
1024,Bukit Batok,Brickworks,West Region,0,0,0,0,0,0,0,2014
1025,Bukit Batok,Bukit Batok Central,West Region,26060,7130,2860,16060,27.37043095,10.97888254,61.65064812,2014
1026,Bukit Batok,Bukit Batok East,West Region,14570,3730,1570,9290,25.56543827,10.76078769,63.6737055,2014
1027,Bukit Batok,Bukit Batok South,West Region,13940,4420,1000,8540,31.66186844,7.163318651,61.17474128,2014
1028,Bukit Batok,Bukit Batok West,West Region,15190,4190,1620,9380,27.58391864,10.6649041,61.75111142,2014
1029,Bukit Batok,Gombak,West Region,9820,2820,1180,5850,28.62941256,11.97968327,59.39080265,2014
1030,Bukit Batok,Guilin,West Region,13130,3710,1240,8210,28.19146794,9.422485241,62.38597083,2014
1031,Bukit Batok,Hillview,West Region,18220,5800,1680,10750,31.81567097,9.215573661,58.96870051,2014
1032,Bukit Batok,Hong Kah North,West Region,28340,7910,2700,17720,27.92092202,9.53052964,62.54851304,2014
1033,Bukit Merah,Alexandra Hill,Central Region,15650,3830,2990,8860,24.42600483,19.06886539,56.505066,2014
1034,Bukit Merah,Alexandra North,Central Region,1000,280,70,640,28.2825426,7.07063565,64.64581166,2014
1035,Bukit Merah,Bukit Ho Swee,Central Region,16290,3420,3280,9610,20.96871798,20.11034941,58.92087129,2014
1036,Bukit Merah,Bukit Merah,Central Region,1190,290,240,660,24.36954311,20.16789775,55.46171881,2014
1037,Bukit Merah,City Terminals,Central Region,40,0,0,0,0,0,0,2014
1038,Bukit Merah,Depot Road,Central Region,5200,1360,730,3110,26.15379586,14.03843454,59.80757729,2014
1039,Bukit Merah,Everton Park,Central Region,9010,1960,1670,5380,21.75358296,18.53494058,59.71136547,2014
1040,Bukit Merah,Henderson Hill,Central Region,12870,3070,2670,7140,23.83538522,20.72979757,55.43473957,2014
1041,Bukit Merah,Kampong Tiong Bahru,Central Region,10460,2180,2210,6080,20.82137457,21.10790725,58.07062266,2014
1042,Bukit Merah,Maritime Square,Central Region,2560,690,190,1700,26.74408239,7.364312541,65.89121748,2014
1043,Bukit Merah,Redhill,Central Region,12210,3170,1850,7200,25.94105897,15.13910381,58.91975538,2014
1044,Bukit Merah,Singapore General Hospital,Central Region,10,0,0,0,0,0,0,2014
1045,Bukit Merah,Telok Blangah Drive,Central Region,16000,3560,3060,9380,22.24998609,19.12498805,58.62496336,2014
1046,Bukit Merah,Telok Blangah Rise,Central Region,13820,2930,2760,8130,21.2011424,19.97104199,58.82774325,2014
1047,Bukit Merah,Telok Blangah Way,Central Region,10690,2310,2090,6300,21.58876487,19.53269203,58.87844965,2014
1048,Bukit Merah,Tiong Bahru,Central Region,12190,2580,2210,7420,21.13020382,18.09990328,60.769811,2014
1049,Bukit Merah,Tiong Bahru Station,Central Region,16670,4290,2660,9730,25.71940904,15.94723265,58.33329836,2014
1050,Bukit Panjang,Bangkit,West Region,23800,6630,2810,14380,27.83374146,11.79680445,60.3694121,2014
1051,Bukit Panjang,Dairy Farm,West Region,5390,1710,480,3200,31.72535858,8.905363812,59.36909208,2014
1052,Bukit Panjang,Fajar,West Region,26770,8730,2170,15870,32.61111968,8.106085877,59.28275709,2014
1053,Bukit Panjang,Jelebu,West Region,33470,10050,3240,20180,30.02688078,9.680307834,60.29278151,2014
1054,Bukit Panjang,Nature Reserve,West Region,3870,1230,350,2290,31.78286361,9.043904279,59.17297371,2014
1055,Bukit Panjang,Saujana,West Region,25530,8250,1660,15620,32.31491096,6.502151781,61.18289809,2014
1056,Bukit Panjang,Senja,West Region,20200,6660,1510,12020,32.9866107,7.478946271,59.53439349,2014
1057,Bukit Timah,Anak Bukit,Central Region,21990,6510,2990,12480,29.61782092,13.60326952,56.77886407,2014
1058,Bukit Timah,Coronation Road,Central Region,6170,1910,950,3320,30.90609886,15.37214341,53.72159592,2014
1059,Bukit Timah,Farrer Court,Central Region,4680,1280,750,2670,27.23398461,15.95741286,56.80838977,2014
1060,Bukit Timah,Hillcrest,Central Region,8810,2740,1260,4820,31.06572442,14.28569809,54.64846412,2014
1061,Bukit Timah,Holland Road,Central Region,10280,3400,1190,5720,32.97765958,11.54218085,55.48006258,2014
1062,Bukit Timah,Leedon Park,Central Region,6260,1740,900,3610,27.83995546,14.39997696,57.75990758,2014
1063,Bukit Timah,Swiss Club,Central Region,5550,1690,760,3100,30.45039558,13.69366902,55.85575521,2014
1064,Bukit Timah,Ulu Pandan,Central Region,10730,3150,1620,5980,29.30229832,15.06975342,55.62785523,2014
1065,Central Water Catchment,Central Water Catchment,NA,10,0,0,0,0,0,0,2014
1066,Changi,Changi Airport,East Region,0,0,0,0,0,0,0,2014
1067,Changi,Changi Point,East Region,790,170,160,450,21.79459238,20.51255753,57.69156806,2014
1068,Changi,Changi West,East Region,1740,740,80,920,42.52849122,4.597674726,52.87325935,2014
1069,Changi Bay,Changi Bay,NA,0,0,0,0,0,0,0,2014
1070,Choa Chu Kang,Choa Chu Kang Central,West Region,21400,7030,1650,12710,32.86580979,7.713881387,59.42026208,2014
1071,Choa Chu Kang,Choa Chu Kang North,West Region,34380,12540,2270,19590,36.45347778,6.598835291,56.94765786,2014
1072,Choa Chu Kang,Keat Hong,West Region,15660,5290,1170,9220,33.73722338,7.461729935,58.80098291,2014
1073,Choa Chu Kang,Peng Siang,West Region,32130,10340,2540,19290,32.14173698,7.89555241,59.96267953,2014
1074,Choa Chu Kang,Teck Whye,West Region,27040,8150,2990,15890,30.15167216,11.06177911,58.78651173,2014
1075,Choa Chu Kang,Yew Tee,West Region,43710,14600,2760,26370,33.38668342,6.311455223,60.30183849,2014
1076,Clementi,Clementi Central,West Region,13490,3280,2220,7980,24.33232616,16.46883051,59.19876914,2014
1077,Clementi,Clementi North,West Region,28730,6060,5580,17090,21.09292687,19.42219999,59.48483833,2014
1078,Clementi,Clementi West,West Region,16470,4060,2330,10060,24.68083606,14.16412513,61.15497802,2014
1079,Clementi,Clementi Woods,West Region,16400,4130,2550,9730,25.16756541,15.53929583,59.29307782,2014
1080,Clementi,Faber,West Region,4320,1350,500,2480,31.1777571,11.54731744,57.27469452,2014
1081,Clementi,Pandan,West Region,10,0,0,0,0,0,0,2014
1082,Clementi,Sunset Way,West Region,6290,1570,1010,3710,24.96021469,16.05720818,58.98241815,2014
1083,Clementi,Toh Tuck,West Region,40,0,0,0,0,0,0,2014
1084,Clementi,West Coast,West Region,5890,1910,610,3400,32.26345901,10.30403665,57.43233542,2014
1085,Downtown Core,Anson,Central Region,80,0,0,0,0,0,0,2014
1086,Downtown Core,Bayfront Subzone,Central Region,0,0,0,0,0,0,0,2014
1087,Downtown Core,Bugis,Central Region,2330,380,600,1370,16.17014396,25.53180625,58.29762427,2014
1088,Downtown Core,Cecil,Central Region,160,30,0,140,17.64602082,0,82.34809717,2014
1089,Downtown Core,Central Subzone,Central Region,480,100,20,370,20.40774678,4.081549356,75.50866309,2014
1090,Downtown Core,City Hall,Central Region,60,0,0,0,0,0,0,2014
1091,Downtown Core,Clifford Pier,Central Region,0,0,0,0,0,0,0,2014
1092,Downtown Core,Marina Centre,Central Region,20,0,0,0,0,0,0,2014
1093,Downtown Core,Maxwell,Central Region,0,0,0,0,0,0,0,2014
1094,Downtown Core,Phillip,Central Region,0,0,0,0,0,0,0,2014
1095,Downtown Core,Raffles Place,Central Region,60,0,0,0,0,0,0,2014
1096,Downtown Core,Tanjong Pagar,Central Region,520,50,100,390,9.259087795,18.51817559,72.2208848,2014
1097,Geylang,Aljunied,Central Region,41710,9910,6430,25380,23.7535897,15.4122686,60.83411773,2014
1098,Geylang,Geylang East,Central Region,33380,8470,5140,19760,25.38207211,15.40305202,59.21484591,2014
1099,Geylang,Kallang Way,Central Region,40,0,0,0,0,0,0,2014
1100,Geylang,Kampong Ubi,Central Region,13210,3680,1300,8230,27.85766248,9.841022073,62.30123974,2014
1101,Geylang,Macpherson,Central Region,28630,7060,4840,16750,24.64222526,16.89353686,58.46420298,2014
1102,Hougang,Defu Industrial Park,North East Region,20,0,0,0,0,0,0,2014
1103,Hougang,Hougang Central,North East Region,4830,1390,580,2850,28.83811444,12.03317006,59.12850803,2014
1104,Hougang,Hougang East,North East Region,21940,6140,2180,13620,27.98540201,9.936185079,62.07836733,2014
1105,Hougang,Hougang West,North East Region,50120,13110,5800,31220,26.15199957,11.5699159,62.27806458,2014
1106,Hougang,Kangkar,North East Region,26080,6980,3360,15760,26.74328477,12.87355829,60.38311863,2014
1107,Hougang,Kovan,North East Region,25640,7330,3220,15100,28.57698691,12.55360134,58.86937276,2014
1108,Hougang,Lorong Ah Soo,North East Region,34180,8570,5200,20420,25.06580138,15.20912103,59.72504834,2014
1109,Hougang,Lorong Halus,North East Region,0,0,0,0,0,0,0,2014
1110,Hougang,Tai Seng,North East Region,14700,4220,2100,8420,28.62955995,14.24693742,57.12343479,2014
1111,Hougang,Trafalgar,North East Region,44800,13570,4450,26790,30.28341212,9.930816797,59.78574876,2014
1112,Jurong East,International Business Park,West Region,10,0,0,0,0,0,0,2014
1113,Jurong East,Jurong Gateway,West Region,20,0,0,0,0,0,0,2014
1114,Jurong East,Jurong Port,West Region,10,0,0,0,0,0,0,2014
1115,Jurong East,Jurong River,West Region,10,0,0,0,0,0,0,2014
1116,Jurong East,Lakeside,West Region,1010,190,190,630,18.81169493,18.81169493,62.37562004,2014
1117,Jurong East,Penjuru Crescent,West Region,10,0,0,0,0,0,0,2014
1118,Jurong East,Teban Gardens,West Region,19080,5000,2690,11400,26.1917097,14.09113982,59.71709811,2014
1119,Jurong East,Toh Guan,West Region,16510,4780,1440,10330,28.88215778,8.700901087,62.41688071,2014
1120,Jurong East,Yuhua East,West Region,27460,6860,3750,16870,24.96360081,13.64628324,61.39007955,2014
1121,Jurong East,Yuhua West,West Region,20870,5610,2570,12700,26.86780322,12.30842322,60.82372566,2014
1122,Jurong West,Boon Lay Place,West Region,31100,9480,3000,18630,30.47250708,9.643198443,59.88426233,2014
1123,Jurong West,Boon Lay Place,North Region,31100,9480,3000,18630,30.47250708,9.643198443,59.88426233,2014
1124,Jurong West,Chin Bee,West Region,0,0,0,0,0,0,0,2014
1125,Jurong West,Chin Bee,North Region,0,0,0,0,0,0,0,2014
1126,Jurong West,Hong Kah,West Region,56870,15330,6630,34920,26.95147205,11.65611609,61.39239427,2014
1127,Jurong West,Hong Kah,North Region,56870,15330,6630,34920,26.95147205,11.65611609,61.39239427,2014
1128,Jurong West,Jurong West Central,West Region,68200,21220,4310,42710,31.09612674,6.315942802,62.5879158,2014
1129,Jurong West,Jurong West Central,North Region,68200,21220,4310,42710,31.09612674,6.315942802,62.5879158,2014
1130,Jurong West,Kian Teck,West Region,50,0,0,0,0,0,0,2014
1131,Jurong West,Kian Teck,North Region,50,0,0,0,0,0,0,2014
1132,Jurong West,Safti,West Region,0,0,0,0,0,0,0,2014
1133,Jurong West,Safti,North Region,0,0,0,0,0,0,0,2014
1134,Jurong West,Taman Jurong,West Region,36940,11440,3310,22210,30.95237258,8.955625283,60.09197508,2014
1135,Jurong West,Taman Jurong,North Region,36940,11440,3310,22210,30.95237258,8.955625283,60.09197508,2014
1136,Jurong West,Wenya,West Region,8610,2770,490,5350,32.17185578,5.691050301,62.13697777,2014
1137,Jurong West,Wenya,North Region,8610,2770,490,5350,32.17185578,5.691050301,62.13697777,2014
1138,Jurong West,Yunnan,West Region,70890,23050,5380,42440,32.52433575,7.591363399,59.88428674,2014
1139,Jurong West,Yunnan,North Region,70890,23050,5380,42440,32.52433575,7.591363399,59.88428674,2014
1140,Kallang,Bendemeer,Central Region,33830,7730,5520,20560,22.8630515,16.32652578,60.81039314,2014
1141,Kallang,Boon Keng,Central Region,10970,2510,1880,6580,22.88056255,17.13763251,59.98171378,2014
1142,Kallang,Crawford,Central Region,9740,1800,2500,5440,18.48047384,25.66732478,55.85209871,2014
1143,Kallang,Geylang Bahru,Central Region,12870,2890,2340,7640,22.45530501,18.18180405,59.36281324,2014
1144,Kallang,Kallang Bahru,Central Region,30,0,0,0,0,0,0,2014
1145,Kallang,Kampong Bugis,Central Region,890,190,140,580,20.87889144,15.38444632,63.73556335,2014
1146,Kallang,Kampong Java,Central Region,11260,2640,1980,6650,23.4250014,17.56875105,59.00615882,2014
1147,Kallang,Lavender,Central Region,10320,2360,1710,6250,22.8681949,16.56975139,60.56195682,2014
1148,Kallang,Tanjong Rhu,Central Region,11310,3010,1260,7050,26.59008252,11.13073222,62.27909693,2014
1149,Lim Chu Kang,Lim Chu Kang,NA,90,0,0,0,0,0,0,2014
1150,Mandai,Mandai East,North Region,0,0,0,0,0,0,0,2014
1151,Mandai,Mandai Estate,North Region,2120,680,200,1230,32.22733542,9.478628063,58.29356259,2014
1152,Mandai,Mandai West,North Region,0,0,0,0,0,0,0,2014
1153,Marina East,Marina East,NA,0,0,0,0,0,0,0,2014
1154,Marina South,Marina South,NA,0,0,0,0,0,0,0,2014
1155,Marine Parade,East Coast,Central Region,0,0,0,0,0,0,0,2014
1156,Marine Parade,Katong,Central Region,9620,2610,1360,5670,27.07466071,14.10786918,58.81736637,2014
1157,Marine Parade,Marina East (Mp),Central Region,0,0,0,0,0,0,0,2014
1158,Marine Parade,Marine Parade,Central Region,28910,7390,5420,16120,25.54440873,18.73487081,55.72068589,2014
1159,Marine Parade,Mountbatten,Central Region,10210,2880,1390,5940,28.20761194,13.61409049,58.17819963,2014
1160,Museum,Bras Basah,Central Region,10,0,0,0,0,0,0,2014
1161,Museum,Dhoby Ghaut,Central Region,210,30,10,180,13.63574383,4.545247943,81.81446298,2014
1162,Museum,Fort Canning,Central Region,160,40,10,110,24.9984376,6.249609399,68.74570339,2014
1163,Newton,Cairnhill,Central Region,3330,840,450,2040,25.22514947,13.51347293,61.26107729,2014
1164,Newton,Goodwood Park,Central Region,910,280,90,540,30.76889265,9.890001209,59.34000725,2014
1165,Newton,Istana Negara,Central Region,40,0,0,0,0,0,0,2014
1166,Newton,Monk's Hill,Central Region,980,280,150,580,27.7224978,14.85133811,57.42517401,2014
1167,Newton,Newton Circus,Central Region,230,70,10,150,30.43345941,4.347637059,65.21455589,2014
1168,Newton,Orange Grove,Central Region,1440,320,210,920,22.06881332,14.48265874,63.44783829,2014
1169,North-Eastern Islands,North-Eastern Islands,NA,60,0,0,0,0,0,0,2014
1170,Novena,Balestier,Central Region,32340,7890,5370,19070,24.40457024,16.60995465,58.98544417,2014
1171,Novena,Dunearn,Central Region,3900,1170,640,2100,29.92319713,16.36824458,53.70830254,2014
1172,Novena,Malcolm,Central Region,2630,800,410,1430,30.30291552,15.5302442,54.16646149,2014
1173,Novena,Moulmein,Central Region,8470,2610,830,5040,30.77826559,9.787724307,59.43389218,2014
1174,Novena,Mount Pleasant,Central Region,650,190,100,360,29.23031953,15.3843787,55.38376333,2014
1175,Orchard,Boulevard,Central Region,400,70,70,280,16.66626985,16.66626985,66.6650794,2014
1176,Orchard,Somerset,Central Region,130,30,30,80,21.42704093,21.42704093,57.1387758,2014
1177,Orchard,Tanglin,Central Region,390,110,50,260,26.18985262,11.90447846,61.90328802,2014
1178,Outram,China Square,Central Region,1590,230,390,980,14.37491016,24.37484766,61.24961719,2014
1179,Outram,Chinatown,Central Region,11880,2850,1940,7090,23.9898788,16.32995258,59.68008444,2014
1180,Outram,Pearl's Hill,Central Region,8230,1540,2020,4670,18.71200643,24.54432012,56.74355195,2014
1181,Outram,People's Park,Central Region,390,50,70,280,12.49968751,17.49956251,69.99825004,2014
1182,Pasir Ris,Flora Drive,East Region,12950,4100,1260,7620,31.58703268,9.707234432,58.70565585,2014
1183,Pasir Ris,Loyang East,East Region,2190,650,250,1300,29.54532025,11.36358471,59.0906405,2014
1184,Pasir Ris,Loyang West,East Region,200,0,160,30,0,84.20609442,15.7886427,2014
1185,Pasir Ris,Pasir Ris Central,East Region,25730,8530,1910,15270,33.17773894,7.429013058,59.3932091,2014
1186,Pasir Ris,Pasir Ris Drive,East Region,59480,20350,4950,34190,34.20742407,8.320724774,57.47183435,2014
1187,Pasir Ris,Pasir Ris Park,East Region,2980,1010,140,1820,34.00661951,4.713788842,61.27925495,2014
1188,Pasir Ris,Pasir Ris Wafer Fab Park,East Region,20,0,0,0,0,0,0,2014
1189,Pasir Ris,Pasir Ris West,East Region,36330,12970,2530,20840,35.69068913,6.962023401,57.34725995,2014
1190,Paya Lebar,Airport Road,NA,0,0,0,0,0,0,0,2014
1191,Paya Lebar,Paya Lebar East,NA,10,0,0,0,0,0,0,2014
1192,Paya Lebar,Paya Lebar North,NA,20,0,0,0,0,0,0,2014
1193,Paya Lebar,Paya Lebar West,NA,0,0,0,0,0,0,0,2014
1194,Paya Lebar,Plab,NA,0,0,0,0,0,0,0,2014
1195,Pioneer,Benoi Sector,NA,0,0,0,0,0,0,0,2014
1196,Pioneer,Gul Basin,NA,20,0,0,0,0,0,0,2014
1197,Pioneer,Gul Circle,NA,30,0,0,0,0,0,0,2014
1198,Pioneer,Joo Koon,NA,40,0,0,0,0,0,0,2014
1199,Pioneer,Pioneer Sector,NA,0,0,0,0,0,0,0,2014
1200,Punggol,Coney Island,North East Region,0,0,0,0,0,0,0,2014
1201,Punggol,Matilda,North East Region,30440,9610,1680,19160,31.55992395,5.517239567,62.92280364,2014
1202,Punggol,Northshore,North East Region,280,100,40,180,31.24902347,12.49960939,56.24824224,2014
1203,Punggol,Punggol Canal,North East Region,0,0,0,0,0,0,0,2014
1204,Punggol,Punggol Field,North East Region,43300,14310,3210,25790,33.04086053,7.411681503,59.54743488,2014
1205,Punggol,Punggol Town Centre,North East Region,7390,2390,330,4700,32.21019918,4.447433359,63.34223269,2014
1206,Punggol,Waterway East,North East Region,28340,9380,1580,17390,33.08640808,5.573190274,61.34036637,2014
1207,Queenstown,Commonwealth,Central Region,8130,1650,1750,4740,20.27024537,21.49874509,58.23088669,2014
1208,Queenstown,Dover,Central Region,13200,3780,1890,7540,28.61466418,14.30733209,57.07792803,2014
1209,Queenstown,Ghim Moh,Central Region,11900,2810,2600,6490,23.61342553,21.84872114,54.5377693,2014
1210,Queenstown,Holland Drive,Central Region,14230,2750,3300,8170,19.33894561,23.20673474,57.45424933,2014
1211,Queenstown,Kent Ridge,Central Region,1080,230,130,710,21.49512621,12.14941916,66.35452005,2014
1212,Queenstown,Margaret Drive,Central Region,10520,2620,1580,6320,24.90491929,15.01899713,60.07598852,2014
1213,Queenstown,Mei Chin,Central Region,16750,4230,2830,9690,25.25371627,16.8955123,57.85071173,2014
1214,Queenstown,National University Of S'pore,Central Region,360,210,0,160,56.75522283,0,43.24207454,2014
1215,Queenstown,One North,Central Region,620,160,30,420,26.22907821,4.917952165,68.85133031,2014
1216,Queenstown,Pasir Panjang 1,Central Region,4010,1080,450,2490,26.86560481,11.194002,61.94014443,2014
1217,Queenstown,Pasir Panjang 2,Central Region,3520,960,400,2170,27.19539038,11.33141266,61.47291367,2014
1218,Queenstown,Port,Central Region,140,20,10,90,16.66527789,8.332638947,74.99375052,2014
1219,Queenstown,Queensway,Central Region,280,70,40,190,23.33255558,13.3328889,63.33122229,2014
1220,Queenstown,Singapore Polytechnic,Central Region,160,60,0,90,39.99733351,0,59.99600027,2014
1221,Queenstown,Tanglin Halt,Central Region,13160,2730,2700,7730,20.74466509,20.51670174,58.73855719,2014
1222,River Valley,Institution Hill,Central Region,3380,910,310,2140,27.08325273,9.226163017,63.69028664,2014
1223,River Valley,Leonie Hill,Central Region,2450,640,240,1580,26.01615441,9.756057902,64.22738119,2014
1224,River Valley,One Tree Hill,Central Region,1840,460,280,1090,25.13647466,15.30046284,59.56251605,2014
1225,River Valley,Oxley,Central Region,1380,300,270,810,21.73897291,19.56507562,58.69522685,2014
1226,River Valley,Paterson,Central Region,150,30,0,110,21.42704093,0,78.56581673,2014
1227,Rochor,Bencoolen,Central Region,1460,290,270,910,19.72775695,18.36722199,61.90434079,2014
1228,Rochor,Farrer Park,Central Region,3130,700,530,1920,22.22215168,16.82534341,60.95218745,2014
1229,Rochor,Kampong Glam,Central Region,170,20,70,90,11.11049386,38.88672852,49.99722238,2014
1230,Rochor,Little India,Central Region,3850,800,780,2300,20.61850356,20.10304097,59.27819774,2014
1231,Rochor,Mackenzie,Central Region,110,30,0,80,27.27024816,0,72.72066176,2014
1232,Rochor,Mount Emily,Central Region,1110,240,90,780,21.62142683,8.108035063,70.26963721,2014
1233,Rochor,Rochor Canal,Central Region,10,0,0,0,0,0,0,2014
1234,Rochor,Selegie,Central Region,270,60,50,180,20.68894176,17.2407848,62.06682528,2014
1235,Rochor,Sungei Road,Central Region,2420,560,520,1350,23.04517265,21.39908889,55.55532693,2014
1236,Rochor,Victoria,Central Region,2060,320,490,1270,15.38454142,23.55757905,61.05739876,2014
1237,Seletar,Pulau Punggol Barat,NA,0,0,0,0,0,0,0,2014
1238,Seletar,Pulau Punggol Timor,NA,0,0,0,0,0,0,0,2014
1239,Seletar,Seletar,NA,260,80,20,150,31.99872005,7.999680013,59.9976001,2014
1240,Seletar,Seletar Aerospace Park,NA,20,0,0,0,0,0,0,2014
1241,Sembawang,Admiralty,North Region,14410,4610,1120,8690,31.96946465,7.766984905,60.26348109,2014
1242,Sembawang,Sembawang Central,North Region,29140,9270,1980,17910,31.79011255,6.790121128,61.41973202,2014
1243,Sembawang,Sembawang East,North Region,90,0,0,0,0,0,0,2014
1244,Sembawang,Sembawang North,North Region,26860,8770,1620,16480,32.6386183,6.029026413,61.33231808,2014
1245,Sembawang,Sembawang Springs,North Region,4290,1330,610,2360,30.93016063,14.18601352,54.88359329,2014
1246,Sembawang,Sembawang Straits,North Region,1700,570,180,950,33.52921453,10.58817301,55.88202422,2014
1247,Sembawang,Senoko North,North Region,20,0,0,0,0,0,0,2014
1248,Sembawang,Senoko South,North Region,20,0,0,0,0,0,0,2014
1249,Sembawang,The Wharves,North Region,0,0,0,0,0,0,0,2014
1250,Sengkang,Anchorvale,North East Region,38040,12140,2460,23450,31.90537926,6.465175699,61.62941876,2014
1251,Sengkang,Compassvale,North East Region,18510,5740,1140,11640,30.99350378,6.155504236,62.85093799,2014
1252,Sengkang,Fernvale,North East Region,35590,11330,2480,21790,31.82583376,6.966290178,61.20784798,2014
1253,Sengkang,Lorong Halus North,North East Region,0,0,0,0,0,0,0,2014
1254,Sengkang,Rivervale,North East Region,59860,19040,4730,36090,31.80754564,7.901769478,60.29066818,2014
1255,Sengkang,Sengkang Town Centre,North East Region,54680,17600,4000,33070,32.19315307,7.316625697,60.49020295,2014
1256,Sengkang,Sengkang West,North East Region,10,0,0,0,0,0,0,2014
1257,Serangoon,Lorong Chuan,North East Region,8390,2610,1090,4700,31.07139158,12.97617503,55.95231434,2014
1258,Serangoon,Seletar Hills,North East Region,13580,3980,1990,7610,29.30778401,14.65389201,56.03825034,2014
1259,Serangoon,Serangoon Central,North East Region,26480,6380,3730,16400,24.06638096,14.0701569,61.86342442,2014
1260,Serangoon,Serangoon Garden,North East Region,39180,9770,6460,22950,24.93618557,16.48799988,58.57578903,2014
1261,Serangoon,Serangoon North,North East Region,17490,5530,1560,10410,31.59998194,8.91428062,59.48568029,2014
1262,Serangoon,Serangoon North Ind Estate,North East Region,20,0,0,0,0,0,0,2014
1263,Serangoon,Upper Paya Lebar,North East Region,15540,4010,2280,9270,25.77119166,14.65294688,59.57579719,2014
1264,Simpang,Pulau Seletar,NA,0,0,0,0,0,0,0,2014
1265,Simpang,Simpang North,NA,0,0,0,0,0,0,0,2014
1266,Simpang,Simpang South,NA,0,0,0,0,0,0,0,2014
1267,Simpang,Tanjong Irau,NA,0,0,0,0,0,0,0,2014
1268,Singapore River,Boat Quay,Central Region,180,20,30,110,12.4992188,18.7488282,68.74570339,2014
1269,Singapore River,Clarke Quay,Central Region,130,10,10,90,9.09008272,9.09008272,81.81074448,2014
1270,Singapore River,Robertson Quay,Central Region,2420,630,170,1640,25.81956631,6.967184561,67.21283929,2014
1271,Southern Islands,Sentosa,Central Region,1470,430,80,970,29.05385774,5.405368883,65.5400977,2014
1272,Southern Islands,Southern Group,Central Region,0,0,0,0,0,0,0,2014
1273,Straits View,Straits View,NA,0,0,0,0,0,0,0,2014
1274,Sungei Kadut,Gali Batu,North Region,130,0,90,30,0,74.99375052,24.99791684,2014
1275,Sungei Kadut,Kranji,North Region,20,0,0,0,0,0,0,2014
1276,Sungei Kadut,Pang Sua,North Region,20,0,0,0,0,0,0,2014
1277,Sungei Kadut,Reservoir View,North Region,20,0,0,0,0,0,0,2014
1278,Sungei Kadut,Turf Club,North Region,660,160,140,360,24.24205694,21.21179982,54.54462811,2014
1279,Tampines,Simei,East Region,42710,12570,4270,25850,29.44482796,10.00234013,60.55280849,2014
1280,Tampines,Tampines East,East Region,138500,40430,14350,83700,29.1955496,10.36250647,60.44193671,2014
1281,Tampines,Tampines North,East Region,0,0,0,0,0,0,0,2014
1282,Tampines,Tampines West,East Region,78110,23260,7570,47300,29.77089085,9.688978665,60.54011768,2014
1283,Tampines,Xilin,East Region,1920,600,140,1180,31.24983724,7.291628689,61.45801324,2014
1284,Tanglin,Chatsworth,Central Region,5740,1450,640,3680,25.12993912,11.0918352,63.77805238,2014
1285,Tanglin,Nassim,Central Region,8340,2490,1030,4820,29.85607931,12.3501051,57.79369569,2014
1286,Tanglin,Ridout,Central Region,1400,370,230,820,26.05615453,16.19706903,57.74607221,2014
1287,Tanglin,Tyersall,Central Region,3520,990,480,2040,28.20504785,13.67517471,58.11949254,2014
1288,Tengah,Tengah,NA,10,0,0,0,0,0,0,2014
1289,Toa Payoh,Bidadari,Central Region,10,0,0,0,0,0,0,2014
1290,Toa Payoh,Boon Teck,Central Region,15110,3660,3110,8370,24.17435656,20.54159806,55.28397934,2014
1291,Toa Payoh,Braddell,Central Region,10760,2680,1910,6180,24.88391376,17.73443107,57.38156232,2014
1292,Toa Payoh,Joo Seng,Central Region,6720,1630,1160,3950,24.18394038,17.21065696,58.60525429,2014
1293,Toa Payoh,Kim Keat,Central Region,8610,2030,1450,5120,23.60462372,16.86044551,59.53481449,2014
1294,Toa Payoh,Lorong 8 Toa Payoh,Central Region,8220,1900,1660,4660,23.11432711,20.19462263,56.6909286,2014
1295,Toa Payoh,Pei Chun,Central Region,11780,2850,2150,6800,24.1525219,18.22032354,57.62706981,2014
1296,Toa Payoh,Potong Pasir,Central Region,12650,2760,2060,7850,21.78372393,16.25886641,61.95733074,2014
1297,Toa Payoh,Sennett,Central Region,4540,1140,930,2480,25.05488999,20.43951552,54.50537471,2014
1298,Toa Payoh,Toa Payoh Central,Central Region,30740,8150,4600,18010,26.49544002,14.95448148,58.55004599,2014
1299,Toa Payoh,Toa Payoh West,Central Region,13360,2720,2920,7740,20.32883383,21.82360103,57.8474904,2014
1300,Toa Payoh,Woodleigh,Central Region,2440,750,190,1500,30.73757894,7.786853333,61.47515789,2014
1301,Tuas,Tengeh,NA,0,0,0,0,0,0,0,2014
1302,Tuas,Tuas Bay,NA,20,0,0,0,0,0,0,2014
1303,Tuas,Tuas North,NA,20,0,0,0,0,0,0,2014
1304,Tuas,Tuas Promenade,NA,10,0,0,0,0,0,0,2014
1305,Tuas,Tuas View,NA,10,0,0,0,0,0,0,2014
1306,Tuas,Tuas View Extension,NA,0,0,0,0,0,0,0,2014
1307,Western Islands,Jurong Island And Bukom,NA,0,0,0,0,0,0,0,2014
1308,Western Islands,Semakau,NA,0,0,0,0,0,0,0,2014
1309,Western Islands,Sudong,NA,0,0,0,0,0,0,0,2014
1310,Western Water Catchment,Western Water Catchment,NA,900,310,70,530,34.06555972,7.692223162,58.24111823,2014
1311,Woodlands,Greenwood Park,North Region,70,0,0,0,0,0,0,2014
1312,Woodlands,Midview,North Region,35510,12760,2370,20390,35.92341331,6.672295419,57.40426312,2014
1313,Woodlands,North Coast,North Region,14610,4040,1860,8720,27.63336003,12.72228952,59.64428205,2014
1314,Woodlands,Senoko West,North Region,20,0,0,0,0,0,0,2014
1315,Woodlands,Woodgrove,North Region,35850,12420,2420,21020,34.6346808,6.748464376,58.61682693,2014
1316,Woodlands,Woodlands East,North Region,95510,32940,5350,57250,34.47770206,5.59974821,59.92253926,2014
1317,Woodlands,Woodlands Regional Centre,North Region,0,0,0,0,0,0,0,2014
1318,Woodlands,Woodlands South,North Region,35840,12500,2310,21070,34.83834035,6.438125296,58.72350649,2014
1319,Woodlands,Woodlands West,North Region,32890,9810,3660,19430,29.81762012,11.12461668,59.05773281,2014
1320,Yishun,Khatib,North Region,10850,2830,1190,6840,26.05890786,10.95763264,62.98336742,2014
1321,Yishun,Lower Seletar,North Region,2870,1030,120,1730,35.76376471,4.166652199,60.06923587,2014
1322,Yishun,Nee Soon,North Region,900,240,140,520,26.66637037,15.55538272,57.77713581,2014
1323,Yishun,Northland,North Region,30380,8550,2850,18990,28.13424543,9.37808181,62.48763985,2014
1324,Yishun,Springleaf,North Region,3880,1140,560,2170,29.45728822,14.47024685,56.07220653,2014
1325,Yishun,Yishun Central,North Region,1490,430,150,910,28.85886672,10.06704653,61.07341561,2014
1326,Yishun,Yishun East,North Region,54880,17350,3720,33800,31.62018742,6.779659781,61.60013457,2014
1327,Yishun,Yishun South,North Region,38840,10650,4190,24010,27.41312036,10.78506801,61.80178589,2014
1328,Yishun,Yishun West,North Region,57890,15240,6450,36210,26.32123898,11.13989445,62.5388493,2014
1329,Ang Mo Kio,Ang Mo Kio Town Centre,North East Region,4970,1400,630,2970,27.999944,12.5999748,59.3998812,2013
1330,Ang Mo Kio,Cheng San,North East Region,30400,7010,4440,18950,23.05920294,14.60525835,62.33550581,2013
1331,Ang Mo Kio,Chong Boon,North East Region,28660,6380,4890,17390,22.26098316,17.06210151,60.67688043,2013
1332,Ang Mo Kio,Kebun Bahru,North East Region,24530,5740,4080,14730,23.38084587,16.61913783,59.99997556,2013
1333,Ang Mo Kio,Sembawang Hills,North East Region,6880,2120,1030,3710,30.90374504,15.01455537,54.08155382,2013
1334,Ang Mo Kio,Shangri-La,North East Region,19190,4870,3010,11310,25.37778771,15.68524456,58.93691561,2013
1335,Ang Mo Kio,Tagore,North East Region,8360,2540,1050,4790,30.31022636,12.52981798,57.15983632,2013
1336,Ang Mo Kio,Townsville,North East Region,24160,5610,4160,14400,23.21058204,17.21141199,59.57796459,2013
1337,Ang Mo Kio,Yio Chu Kang,North East Region,40,0,0,0,0,0,0,2013
1338,Ang Mo Kio,Yio Chu Kang East,North East Region,4200,1280,510,2420,30.40372826,12.11398548,57.48204874,2013
1339,Ang Mo Kio,Yio Chu Kang North,North East Region,0,0,0,0,0,0,0,2013
1340,Ang Mo Kio,Yio Chu Kang West,North East Region,26880,7190,3260,16440,26.73855458,12.12346146,61.13794677,2013
1341,Bedok,Bayshore,East Region,7430,2160,640,4630,29.07129331,8.613716536,62.31485557,2013
1342,Bedok,Bedok North,East Region,88230,23000,12510,52740,26.06231999,14.17563579,59.76203289,2013
1343,Bedok,Bedok Reservoir,East Region,24340,7180,2370,14800,29.48664087,9.733055551,60.78026251,2013
1344,Bedok,Bedok South,East Region,52300,13880,8070,30370,26.52904692,15.42430898,58.04662499,2013
1345,Bedok,Frankel,East Region,33110,9380,4670,19060,28.32980117,14.10449589,57.56567274,2013
1346,Bedok,Kaki Bukit,East Region,41890,12030,4420,25450,28.71121033,10.5489235,60.73984231,2013
1347,Bedok,Kembangan,East Region,38700,9850,5740,23120,25.44561471,14.82820593,59.72615352,2013
1348,Bedok,Siglap,East Region,7120,1730,1430,3970,24.26364058,20.05607285,55.68014631,2013
1349,Bishan,Bishan East,Central Region,29300,7730,3640,17940,26.37324245,12.4189654,61.20775803,2013
1350,Bishan,Marymount,Central Region,31850,9880,3040,18930,31.02039842,9.544737977,59.4348322,2013
1351,Bishan,Upper Thomson,Central Region,30780,8210,4790,17800,26.6558355,15.551943,57.79218903,2013
1352,Boon Lay,Liu Fang,NA,10,0,0,0,0,0,0,2013
1353,Boon Lay,Samulun,NA,10,0,0,0,0,0,0,2013
1354,Boon Lay,Shipyard,NA,0,0,0,0,0,0,0,2013
1355,Boon Lay,Tukang,NA,10,0,0,0,0,0,0,2013
1356,Bukit Batok,Brickworks,West Region,0,0,0,0,0,0,0,2013
1357,Bukit Batok,Bukit Batok Central,West Region,26500,7490,2670,16320,28.28548781,10.08307776,61.63139666,2013
1358,Bukit Batok,Bukit Batok East,West Region,14930,3940,1460,9540,26.37213764,9.772416484,63.85537895,2013
1359,Bukit Batok,Bukit Batok South,West Region,14170,4580,920,8660,32.34460993,6.497170553,61.1581489,2013
1360,Bukit Batok,Bukit Batok West,West Region,15570,4400,1490,9680,28.2594552,9.569679146,62.17080143,2013
1361,Bukit Batok,Gombak,West Region,9660,2730,1140,5800,28.23161507,11.78902607,59.97925545,2013
1362,Bukit Batok,Guilin,West Region,13450,3900,1150,8400,28.99626097,8.550179517,62.45348516,2013
1363,Bukit Batok,Hillview,West Region,18260,5910,1570,10800,32.33039807,8.588616746,59.08093048,2013
1364,Bukit Batok,Hong Kah North,West Region,29010,8310,2470,18220,28.65516253,8.517238442,62.82756454,2013
1365,Bukit Merah,Alexandra Hill,Central Region,16010,3950,2890,9160,24.68748457,18.06248871,57.24996422,2013
1366,Bukit Merah,Alexandra North,Central Region,960,270,60,630,28.12470703,6.249934897,65.62431641,2013
1367,Bukit Merah,Bukit Ho Swee,Central Region,16440,3460,3200,9800,21.02064337,19.44105745,59.53823843,2013
1368,Bukit Merah,Bukit Merah,Central Region,1210,310,210,720,24.99979839,16.9353473,58.06404787,2013
1369,Bukit Merah,City Terminals,Central Region,40,0,0,0,0,0,0,2013
1370,Bukit Merah,Depot Road,Central Region,4940,1260,670,3010,25.50602124,13.56272558,60.93105075,2013
1371,Bukit Merah,Everton Park,Central Region,9040,1980,1620,5440,21.90263064,17.92033416,60.17692458,2013
1372,Bukit Merah,Henderson Hill,Central Region,13740,3290,2780,7690,23.90986634,20.20347369,55.88658729,2013
1373,Bukit Merah,Kampong Tiong Bahru,Central Region,10610,2220,2090,6320,20.8842701,19.66131735,59.45431848,2013
1374,Bukit Merah,Maritime Square,Central Region,2410,620,170,1620,25.72603433,7.053912639,67.21963809,2013
1375,Bukit Merah,Redhill,Central Region,12270,3220,1830,7230,26.22147702,14.90226799,58.87617355,2013
1376,Bukit Merah,Singapore General Hospital,Central Region,10,0,0,0,0,0,0,2013
1377,Bukit Merah,Telok Blangah Drive,Central Region,16250,3650,2950,9670,22.43391369,18.13151928,59.43450557,2013
1378,Bukit Merah,Telok Blangah Rise,Central Region,14090,3070,2660,8370,21.7730342,18.86523485,59.36166003,2013
1379,Bukit Merah,Telok Blangah Way,Central Region,10850,2370,2030,6450,21.84329784,18.70966018,59.44694982,2013
1380,Bukit Merah,Tiong Bahru,Central Region,11050,2340,1960,6770,21.13819229,17.70549439,61.15622298,2013
1381,Bukit Merah,Tiong Bahru Station,Central Region,16810,4340,2570,9920,25.78726929,15.27034149,58.9423298,2013
1382,Bukit Panjang,Bangkit,West Region,24710,7200,2680,14840,29.12620181,10.84141956,60.03233817,2013
1383,Bukit Panjang,Dairy Farm,West Region,4490,1420,400,2680,31.55548543,8.888869136,59.55542321,2013
1384,Bukit Panjang,Fajar,West Region,25490,8530,1950,15010,33.46409044,7.650055845,58.88581448,2013
1385,Bukit Panjang,Jelebu,West Region,34380,10640,3040,20720,30.93022357,8.837206733,60.23254063,2013
1386,Bukit Panjang,Nature Reserve,West Region,3860,1240,330,2310,31.95868052,8.505132719,59.53592903,2013
1387,Bukit Panjang,Saujana,West Region,21940,7180,1420,13350,32.71069125,6.469245344,60.82001785,2013
1388,Bukit Panjang,Senja,West Region,18140,6170,1170,10800,34.01321168,6.449831064,59.53690213,2013
1389,Bukit Timah,Anak Bukit,Central Region,22300,6820,2840,12620,30.61039919,12.74685245,56.64270348,2013
1390,Bukit Timah,Coronation Road,Central Region,6210,1930,940,3350,31.02888902,15.1125159,53.85843431,2013
1391,Bukit Timah,Farrer Court,Central Region,3680,960,670,2060,26.01618966,18.15713237,55.82640697,2013
1392,Bukit Timah,Hillcrest,Central Region,8830,2750,1200,4890,31.10856209,13.57464528,55.31667951,2013
1393,Bukit Timah,Holland Road,Central Region,10230,3400,1120,5740,33.13836926,10.9161687,55.94536458,2013
1394,Bukit Timah,Leedon Park,Central Region,6230,1700,860,3680,27.24354608,13.7820292,58.97426446,2013
1395,Bukit Timah,Swiss Club,Central Region,5520,1690,740,3110,30.5053601,13.35737661,56.13708279,2013
1396,Bukit Timah,Ulu Pandan,Central Region,10810,3230,1490,6100,29.8520981,13.7707821,56.37702738,2013
1397,Central Water Catchment,Central Water Catchment,NA,10,0,0,0,0,0,0,2013
1398,Changi,Changi Airport,East Region,0,0,0,0,0,0,0,2013
1399,Changi,Changi Point,East Region,790,170,140,490,21.24973438,17.49978125,61.24923438,2013
1400,Changi,Changi West,East Region,1740,740,90,940,41.8076734,5.084717035,53.10704459,2013
1401,Changi Bay,Changi Bay,NA,0,0,0,0,0,0,0,2013
1402,Choa Chu Kang,Choa Chu Kang Central,West Region,20940,7020,1530,12400,33.50833723,7.303099139,59.1885159,2013
1403,Choa Chu Kang,Choa Chu Kang North,West Region,34780,12940,2050,19810,37.18389736,5.890802905,56.925271,2013
1404,Choa Chu Kang,Keat Hong,West Region,16010,5530,1100,9380,34.54089036,6.870701517,58.58834567,2013
1405,Choa Chu Kang,Peng Siang,West Region,31560,10330,2320,18920,32.72092723,7.348746484,59.93029461,2013
1406,Choa Chu Kang,Teck Whye,West Region,27410,8470,2810,16140,30.88985015,10.24799043,58.86212295,2013
1407,Choa Chu Kang,Yew Tee,West Region,44640,15070,2610,26940,33.77408477,5.849393579,60.37649924,2013
1408,Clementi,Clementi Central,West Region,13710,3350,2110,8250,24.43470136,15.39021489,60.17501081,2013
1409,Clementi,Clementi North,West Region,28050,5970,5240,16860,21.26825035,18.66761002,60.064104,2013
1410,Clementi,Clementi West,West Region,16670,4150,2180,10340,24.89500606,13.07737668,62.02755727,2013
1411,Clementi,Clementi Woods,West Region,16280,4130,2370,9790,25.35296172,14.54879402,60.09818287,2013
1412,Clementi,Faber,West Region,4340,1380,470,2490,31.79716176,10.82946813,57.37313969,2013
1413,Clementi,Pandan,West Region,10,0,0,0,0,0,0,2013
1414,Clementi,Sunset Way,West Region,6390,1660,950,3800,25.89699548,14.8205697,59.28227881,2013
1415,Clementi,Toh Tuck,West Region,30,0,0,0,0,0,0,2013
1416,Clementi,West Coast,West Region,5780,1870,560,3370,32.24132372,9.655155767,58.1033481,2013
1417,Downtown Core,Anson,Central Region,40,0,0,0,0,0,0,2013
1418,Downtown Core,Bayfront Subzone,Central Region,0,0,0,0,0,0,0,2013
1419,Downtown Core,Bugis,Central Region,2420,400,600,1440,16.39337544,24.59006316,59.01615157,2013
1420,Downtown Core,Cecil,Central Region,160,20,0,130,13.3324445,0,86.66088927,2013
1421,Downtown Core,Central Subzone,Central Region,420,70,20,350,15.90872935,4.545351242,79.54364674,2013
1422,Downtown Core,City Hall,Central Region,70,0,0,0,0,0,0,2013
1423,Downtown Core,Clifford Pier,Central Region,0,0,0,0,0,0,0,2013
1424,Downtown Core,Marina Centre,Central Region,20,0,0,0,0,0,0,2013
1425,Downtown Core,Maxwell,Central Region,0,0,0,0,0,0,0,2013
1426,Downtown Core,Phillip,Central Region,10,0,0,0,0,0,0,2013
1427,Downtown Core,Raffles Place,Central Region,70,0,0,0,0,0,0,2013
1428,Downtown Core,Tanjong Pagar,Central Region,500,50,90,370,9.803729339,17.64671281,72.54759711,2013
1429,Geylang,Aljunied,Central Region,42530,10490,6190,25840,24.67073738,14.5578517,60.7713874,2013
1430,Geylang,Geylang East,Central Region,33780,8720,4940,20140,25.79880894,14.61538029,59.58578119,2013
1431,Geylang,Kallang Way,Central Region,50,0,0,0,0,0,0,2013
1432,Geylang,Kampong Ubi,Central Region,13580,3920,1210,8450,28.86595813,8.910155442,62.2238128,2013
1433,Geylang,Macpherson,Central Region,29190,7350,4760,17080,25.17984749,16.30694885,58.5131694,2013
1434,Hougang,Defu Industrial Park,North East Region,20,0,0,0,0,0,0,2013
1435,Hougang,Hougang Central,North East Region,4960,1470,570,2930,29.57740528,11.4687898,58.95360372,2013
1436,Hougang,Hougang East,North East Region,19310,5550,1960,11810,28.72669321,10.14492229,61.12833275,2013
1437,Hougang,Hougang West,North East Region,51340,13980,5430,31930,27.23022454,10.57654644,62.19320955,2013
1438,Hougang,Kangkar,North East Region,24860,6810,3050,15010,27.38237741,12.26376668,60.3538157,2013
1439,Hougang,Kovan,North East Region,25130,7370,3020,14740,29.32748535,12.01750417,58.65497069,2013
1440,Hougang,Lorong Ah Soo,North East Region,34110,8680,4940,20480,25.45453799,14.48679927,60.05863341,2013
1441,Hougang,Lorong Halus,North East Region,0,0,0,0,0,0,0,2013
1442,Hougang,Tai Seng,North East Region,14530,4280,1870,8400,29.41578734,12.85222484,57.73191908,2013
1443,Hougang,Trafalgar,North East Region,45180,13970,4190,27030,30.91391217,9.271960772,59.81410493,2013
1444,Jurong East,International Business Park,West Region,10,0,0,0,0,0,0,2013
1445,Jurong East,Jurong Gateway,West Region,20,0,0,0,0,0,0,2013
1446,Jurong East,Jurong Port,West Region,10,0,0,0,0,0,0,2013
1447,Jurong East,Jurong River,West Region,10,0,0,0,0,0,0,2013
1448,Jurong East,Lakeside,West Region,1050,200,170,700,18.6914141,15.88770198,65.41994935,2013
1449,Jurong East,Penjuru Crescent,West Region,10,0,0,0,0,0,0,2013
1450,Jurong East,Teban Gardens,West Region,19370,5150,2510,11730,26.56006882,12.94481024,60.49506937,2013
1451,Jurong East,Toh Guan,West Region,16940,5060,1340,10580,29.79974688,7.891632573,62.30856166,2013
1452,Jurong East,Yuhua East,West Region,28170,7180,3530,17480,25.4700158,12.52216654,62.00778219,2013
1453,Jurong East,Yuhua West,West Region,20990,5760,2340,12890,27.4416258,11.14816048,61.41016607,2013
1454,Jurong West,Boon Lay Place,West Region,29690,9110,2790,17800,30.67339035,9.393936231,59.93263975,2013
1455,Jurong West,Boon Lay Place,North Region,29690,9110,2790,17800,30.67339035,9.393936231,59.93263975,2013
1456,Jurong West,Chin Bee,West Region,0,0,0,0,0,0,0,2013
1457,Jurong West,Chin Bee,North Region,0,0,0,0,0,0,0,2013
1458,Jurong West,Hong Kah,West Region,57680,16100,5960,35630,27.90777814,10.33107812,61.76112641,2013
1459,Jurong West,Hong Kah,North Region,57680,16100,5960,35630,27.90777814,10.33107812,61.76112641,2013
1460,Jurong West,Jurong West Central,West Region,69260,21840,3980,43460,31.52424487,5.744802866,62.73093783,2013
1461,Jurong West,Jurong West Central,North Region,69260,21840,3980,43460,31.52424487,5.744802866,62.73093783,2013
1462,Jurong West,Kian Teck,West Region,40,0,0,0,0,0,0,2013
1463,Jurong West,Kian Teck,North Region,40,0,0,0,0,0,0,2013
1464,Jurong West,Safti,West Region,0,0,0,0,0,0,0,2013
1465,Jurong West,Safti,North Region,0,0,0,0,0,0,0,2013
1466,Jurong West,Taman Jurong,West Region,34710,10930,2960,20810,31.49855,8.530256908,59.97116427,2013
1467,Jurong West,Taman Jurong,North Region,34710,10930,2960,20810,31.49855,8.530256908,59.97116427,2013
1468,Jurong West,Wenya,West Region,8710,2780,520,5430,31.84417887,5.956465113,62.19924147,2013
1469,Jurong West,Wenya,North Region,8710,2780,520,5430,31.84417887,5.956465113,62.19924147,2013
1470,Jurong West,Yunnan,West Region,71840,23890,4910,43020,33.26371021,6.836534832,59.89974103,2013
1471,Jurong West,Yunnan,North Region,71840,23890,4910,43020,33.26371021,6.836534832,59.89974103,2013
1472,Kallang,Bendemeer,Central Region,33920,7840,5360,20710,23.12001677,15.80654208,61.07341166,2013
1473,Kallang,Boon Keng,Central Region,11180,2590,1830,6790,23.10435049,16.32469552,60.57086479,2013
1474,Kallang,Crawford,Central Region,9960,1860,2450,5660,18.65594919,24.57369652,56.77025399,2013
1475,Kallang,Geylang Bahru,Central Region,13200,3030,2300,7880,22.93715145,17.41103905,59.6517338,2013
1476,Kallang,Kallang Bahru,Central Region,20,0,0,0,0,0,0,2013
1477,Kallang,Kampong Bugis,Central Region,890,200,140,570,21.97778046,15.38444632,62.63667432,2013
1478,Kallang,Kampong Java,Central Region,11360,2720,1890,6750,23.94364089,16.6373093,59.41896178,2013
1479,Kallang,Lavender,Central Region,10400,2420,1650,6330,23.26920839,15.86536936,60.86532609,2013
1480,Kallang,Tanjong Rhu,Central Region,11330,3060,1230,7060,26.96032867,10.83699486,62.20258837,2013
1481,Lim Chu Kang,Lim Chu Kang,NA,90,0,0,0,0,0,0,2013
1482,Mandai,Mandai East,North Region,0,0,0,0,0,0,0,2013
1483,Mandai,Mandai Estate,North Region,2100,690,210,1230,32.39421411,9.859108643,57.74620776,2013
1484,Mandai,Mandai West,North Region,0,0,0,0,0,0,0,2013
1485,Marina East,Marina East,NA,0,0,0,0,0,0,0,2013
1486,Marina South,Marina South,NA,0,0,0,0,0,0,0,2013
1487,Marine Parade,East Coast,Central Region,0,0,0,0,0,0,0,2013
1488,Marine Parade,Katong,Central Region,9760,2690,1330,5760,27.50508435,13.5991681,58.8956453,2013
1489,Marine Parade,Marina East (Mp),Central Region,0,0,0,0,0,0,0,2013
1490,Marine Parade,Marine Parade,Central Region,29060,7430,5310,16330,25.55898674,18.26624759,56.17473128,2013
1491,Marine Parade,Mountbatten,Central Region,10200,2900,1310,5970,28.48720188,12.86835671,58.64434318,2013
1492,Museum,Bras Basah,Central Region,10,0,0,0,0,0,0,2013
1493,Museum,Dhoby Ghaut,Central Region,200,40,10,150,19.99900005,4.999750012,74.99625019,2013
1494,Museum,Fort Canning,Central Region,160,40,10,110,24.9984376,6.249609399,68.74570339,2013
1495,Newton,Cairnhill,Central Region,3170,800,440,1950,25.07829129,13.79306021,61.12833502,2013
1496,Newton,Goodwood Park,Central Region,800,240,90,480,29.62926384,11.11097394,59.25852767,2013
1497,Newton,Istana Negara,Central Region,30,0,0,0,0,0,0,2013
1498,Newton,Monk's Hill,Central Region,1020,300,140,580,29.41147636,13.72535563,56.86218763,2013
1499,Newton,Newton Circus,Central Region,230,60,10,150,27.27148766,4.545247943,68.17871915,2013
1500,Newton,Orange Grove,Central Region,1410,330,180,910,23.23927296,12.67596707,64.08405575,2013
1501,North-Eastern Islands,North-Eastern Islands,NA,50,0,0,0,0,0,0,2013
1502,Novena,Balestier,Central Region,32460,8000,5170,19300,24.63811991,15.92238499,59.43946429,2013
1503,Novena,Dunearn,Central Region,3780,1150,590,2060,30.26307826,15.52627493,54.21038366,2013
1504,Novena,Malcolm,Central Region,2680,810,400,1500,29.8891886,14.76009314,55.35034926,2013
1505,Novena,Moulmein,Central Region,8200,2520,790,4880,30.7691932,9.645897868,59.58478683,2013
1506,Novena,Mount Pleasant,Central Region,670,200,100,370,29.85030074,14.92515037,55.22305637,2013
1507,Orchard,Boulevard,Central Region,390,80,60,260,19.99950001,14.99962501,64.99837504,2013
1508,Orchard,Somerset,Central Region,120,10,20,90,8.332638947,16.66527789,74.99375052,2013
1509,Orchard,Tanglin,Central Region,380,90,40,260,23.07633138,10.25614728,66.66495731,2013
1510,Outram,China Square,Central Region,1640,250,370,1050,14.96997024,22.15555595,62.87387501,2013
1511,Outram,Chinatown,Central Region,11930,2860,1880,7200,23.95307877,15.74538045,60.30145703,2013
1512,Outram,Pearl's Hill,Central Region,8300,1570,1970,4770,18.89287739,23.70634933,57.40065295,2013
1513,Outram,People's Park,Central Region,420,40,70,310,9.523582772,16.66626985,73.80776648,2013
1514,Pasir Ris,Flora Drive,East Region,12740,4160,1170,7430,32.60185533,9.169271811,58.22879449,2013
1515,Pasir Ris,Loyang East,East Region,2210,660,240,1340,29.46415418,10.71423788,59.82116151,2013
1516,Pasir Ris,Loyang West,East Region,210,0,170,30,0,84.99575021,14.99925004,2013
1517,Pasir Ris,Pasir Ris Central,East Region,23200,8030,1670,13520,34.58224178,7.192072699,58.22564245,2013
1518,Pasir Ris,Pasir Ris Drive,East Region,60810,21400,4570,34840,35.19157455,7.515210078,57.29319893,2013
1519,Pasir Ris,Pasir Ris Park,East Region,1860,620,110,1120,33.51333236,5.945913806,60.5402133,2013
1520,Pasir Ris,Pasir Ris Wafer Fab Park,East Region,30,0,0,0,0,0,0,2013
1521,Pasir Ris,Pasir Ris West,East Region,36450,13220,2400,20820,36.27880453,6.586167238,57.13500079,2013
1522,Paya Lebar,Airport Road,NA,0,0,0,0,0,0,0,2013
1523,Paya Lebar,Paya Lebar East,NA,10,0,0,0,0,0,0,2013
1524,Paya Lebar,Paya Lebar North,NA,30,0,0,0,0,0,0,2013
1525,Paya Lebar,Paya Lebar West,NA,0,0,0,0,0,0,0,2013
1526,Paya Lebar,Plab,NA,0,0,0,0,0,0,0,2013
1527,Pioneer,Benoi Sector,NA,10,0,0,0,0,0,0,2013
1528,Pioneer,Gul Basin,NA,10,0,0,0,0,0,0,2013
1529,Pioneer,Gul Circle,NA,30,0,0,0,0,0,0,2013
1530,Pioneer,Joo Koon,NA,40,0,0,0,0,0,0,2013
1531,Pioneer,Pioneer Sector,NA,10,0,0,0,0,0,0,2013
1532,Punggol,Coney Island,North East Region,0,0,0,0,0,0,0,2013
1533,Punggol,Matilda,North East Region,25770,7810,1370,16600,30.29479042,5.314194991,64.3909758,2013
1534,Punggol,Northshore,North East Region,290,90,40,180,29.03132157,12.90280959,58.06264314,2013
1535,Punggol,Punggol Canal,North East Region,0,0,0,0,0,0,0,2013
1536,Punggol,Punggol Field,North East Region,43840,14550,3010,26270,33.19643322,6.867440824,59.93610314,2013
1537,Punggol,Punggol Town Centre,North East Region,4970,1650,220,3120,33.066066,4.4088088,62.5249248,2013
1538,Punggol,Waterway East,North East Region,23280,7430,1250,14600,31.91579385,5.369413501,62.71474969,2013
1539,Queenstown,Commonwealth,Central Region,8260,1680,1750,4840,20.3143648,21.16079666,58.52471762,2013
1540,Queenstown,Dover,Central Region,13450,3920,1850,7680,29.14495974,13.75463661,57.10032929,2013
1541,Queenstown,Ghim Moh,Central Region,11980,2790,2560,6620,23.3082512,21.38678247,55.30488279,2013
1542,Queenstown,Holland Drive,Central Region,14520,2850,3240,8440,19.614577,22.29867701,58.08667716,2013
1543,Queenstown,Kent Ridge,Central Region,1110,250,120,760,22.12369802,10.61937505,67.25604198,2013
1544,Queenstown,Margaret Drive,Central Region,9850,2420,1460,5980,24.54358566,14.80728721,60.64902571,2013
1545,Queenstown,Mei Chin,Central Region,17090,4330,2790,9940,25.38099333,16.35403496,58.26491309,2013
1546,Queenstown,National University Of S'pore,Central Region,410,270,0,140,65.85205239,0,34.14550865,2013
1547,Queenstown,One North,Central Region,610,140,30,420,23.72841138,5.084659582,71.18523415,2013
1548,Queenstown,Pasir Panjang 1,Central Region,3930,1080,410,2440,27.4808461,10.43254343,62.08635601,2013
1549,Queenstown,Pasir Panjang 2,Central Region,3500,970,380,2190,27.40105254,10.73443295,61.86423202,2013
1550,Queenstown,Port,Central Region,150,30,30,90,19.99866676,19.99866676,59.99600027,2013
1551,Queenstown,Queensway,Central Region,290,70,40,190,23.33255558,13.3328889,63.33122229,2013
1552,Queenstown,Singapore Polytechnic,Central Region,150,50,0,100,33.33111126,0,66.66222252,2013
1553,Queenstown,Tanglin Halt,Central Region,13460,2870,2680,7920,21.30659146,19.89605056,58.79728374,2013
1554,River Valley,Institution Hill,Central Region,3270,880,270,2120,26.91123269,8.256855484,64.83160602,2013
1555,River Valley,Leonie Hill,Central Region,2450,630,230,1610,25.50596961,9.311703191,65.18192234,2013
1556,River Valley,One Tree Hill,Central Region,1850,470,290,1100,25.26868135,15.59131403,59.13946699,2013
1557,River Valley,Oxley,Central Region,1380,310,250,830,22.30199783,17.98548212,59.71180063,2013
1558,River Valley,Paterson,Central Region,160,30,0,110,21.42704093,0,78.56581673,2013
1559,Rochor,Bencoolen,Central Region,1490,300,260,930,20.13409306,17.44954732,62.41568849,2013
1560,Rochor,Farrer Park,Central Region,3210,730,510,1970,22.74136218,15.88780097,61.37052533,2013
1561,Rochor,Kampong Glam,Central Region,190,30,60,110,14.99925004,29.99850007,54.99725014,2013
1562,Rochor,Little India,Central Region,3940,830,760,2340,21.11953914,19.33837318,59.54183323,2013
1563,Rochor,Mackenzie,Central Region,100,0,0,0,0,0,0,2013
1564,Rochor,Mount Emily,Central Region,1020,220,70,720,21.78196255,6.930624449,71.28642291,2013
1565,Rochor,Rochor Canal,Central Region,10,0,0,0,0,0,0,2013
1566,Rochor,Selegie,Central Region,260,60,50,160,22.22139921,18.51783267,59.25706455,2013
1567,Rochor,Sungei Road,Central Region,2420,570,490,1360,23.55362168,20.24785022,56.19811488,2013
1568,Rochor,Victoria,Central Region,2120,340,470,1330,15.88777623,21.96251419,62.14924229,2013
1569,Seletar,Pulau Punggol Barat,NA,0,0,0,0,0,0,0,2013
1570,Seletar,Pulau Punggol Timor,NA,0,0,0,0,0,0,0,2013
1571,Seletar,Seletar,NA,290,80,20,180,28.5704082,7.14260205,64.28341845,2013
1572,Seletar,Seletar Aerospace Park,NA,20,0,0,0,0,0,0,2013
1573,Sembawang,Admiralty,North Region,13340,4300,1010,8030,32.2338589,7.571208717,60.19485743,2013
1574,Sembawang,Sembawang Central,North Region,29580,9580,1880,18140,32.36485393,6.351349206,61.28376308,2013
1575,Sembawang,Sembawang East,North Region,110,40,30,60,30.76686409,23.07514807,46.15029613,2013
1576,Sembawang,Sembawang North,North Region,26620,8750,1500,16370,32.87001019,5.63485889,61.49509335,2013
1577,Sembawang,Sembawang Springs,North Region,4210,1300,580,2350,30.73278787,13.71155151,55.55542422,2013
1578,Sembawang,Sembawang Straits,North Region,1680,560,170,940,33.53273334,10.17957976,56.2870881,2013
1579,Sembawang,Senoko North,North Region,20,0,0,0,0,0,0,2013
1580,Sembawang,Senoko South,North Region,20,0,0,0,0,0,0,2013
1581,Sembawang,The Wharves,North Region,0,0,0,0,0,0,0,2013
1582,Sengkang,Anchorvale,North East Region,31720,10420,2060,19260,32.82922721,6.490231099,60.68051018,2013
1583,Sengkang,Compassvale,North East Region,16170,5110,940,10140,31.56267353,5.806049533,62.63121518,2013
1584,Sengkang,Fernvale,North East Region,29340,9140,2160,18040,31.15200029,7.361960681,61.48600495,2013
1585,Sengkang,Lorong Halus North,North East Region,0,0,0,0,0,0,0,2013
1586,Sengkang,Rivervale,North East Region,59220,19100,4330,35800,32.2471666,7.310483317,60.4423332,2013
1587,Sengkang,Sengkang Town Centre,North East Region,55460,18060,3670,33720,32.5698769,6.618574099,60.81153096,2013
1588,Sengkang,Sengkang West,North East Region,10,0,0,0,0,0,0,2013
1589,Serangoon,Lorong Chuan,North East Region,8440,2670,1090,4700,31.56024638,12.88414553,55.55548989,2013
1590,Serangoon,Seletar Hills,North East Region,13090,3870,1840,7380,29.56453051,14.05652097,56.37887213,2013
1591,Serangoon,Serangoon Central,North East Region,26860,6680,3550,16660,24.84193944,13.20192889,61.95609448,2013
1592,Serangoon,Serangoon Garden,North East Region,39860,10280,6090,23470,25.80320637,15.28614074,58.91062778,2013
1593,Serangoon,Serangoon North,North East Region,17940,5810,1420,10720,32.36766999,7.910859103,59.7214152,2013
1594,Serangoon,Serangoon North Ind Estate,North East Region,20,0,0,0,0,0,0,2013
1595,Serangoon,Upper Paya Lebar,North East Region,15880,4250,2140,9500,26.74636454,13.4675812,59.78599132,2013
1596,Simpang,Pulau Seletar,NA,0,0,0,0,0,0,0,2013
1597,Simpang,Simpang North,NA,0,0,0,0,0,0,0,2013
1598,Simpang,Simpang South,NA,0,0,0,0,0,0,0,2013
1599,Simpang,Tanjong Irau,NA,0,0,0,0,0,0,0,2013
1600,Singapore River,Boat Quay,Central Region,170,20,30,120,11.76401388,17.64602082,70.58408329,2013
1601,Singapore River,Clarke Quay,Central Region,140,30,10,100,21.42704093,7.142346975,71.42346975,2013
1602,Singapore River,Robertson Quay,Central Region,2280,560,150,1570,24.56129578,6.578918514,68.85934711,2013
1603,Southern Islands,Sentosa,Central Region,1400,420,70,920,29.78702279,4.964503798,65.2477642,2013
1604,Southern Islands,Southern Group,Central Region,0,0,0,0,0,0,0,2013
1605,Straits View,Straits View,NA,0,0,0,0,0,0,0,2013
1606,Sungei Kadut,Gali Batu,North Region,30,0,0,0,0,0,0,2013
1607,Sungei Kadut,Kranji,North Region,20,0,0,0,0,0,0,2013
1608,Sungei Kadut,Pang Sua,North Region,20,0,0,0,0,0,0,2013
1609,Sungei Kadut,Reservoir View,North Region,20,0,0,0,0,0,0,2013
1610,Sungei Kadut,Turf Club,North Region,670,160,120,370,24.61500592,18.46125444,56.9222012,2013
1611,Tampines,Simei,East Region,43450,13150,3920,26400,30.25074068,9.017711291,60.73152502,2013
1612,Tampines,Tampines East,East Region,136810,41220,13170,82440,30.12497039,9.625081515,60.24994078,2013
1613,Tampines,Tampines North,East Region,0,0,0,0,0,0,0,2013
1614,Tampines,Tampines West,East Region,76600,23460,6900,46260,30.61863344,9.005480422,60.37587309,2013
1615,Tampines,Xilin,East Region,1950,610,140,1210,31.12229019,7.1428207,61.73437891,2013
1616,Tanglin,Chatsworth,Central Region,5460,1370,600,3490,25.09152914,10.98899086,63.91929685,2013
1617,Tanglin,Nassim,Central Region,8080,2400,960,4710,29.7397401,11.89589604,58.36423995,2013
1618,Tanglin,Ridout,Central Region,1390,370,220,830,26.05615453,15.49284864,58.4502926,2013
1619,Tanglin,Tyersall,Central Region,3460,1010,470,1990,29.10654436,13.54462955,57.3485379,2013
1620,Tengah,Tengah,NA,10,0,0,0,0,0,0,2013
1621,Toa Payoh,Bidadari,Central Region,10,0,0,0,0,0,0,2013
1622,Toa Payoh,Boon Teck,Central Region,15430,3780,3070,8580,24.49771581,19.896293,55.60592637,2013
1623,Toa Payoh,Braddell,Central Region,10880,2760,1810,6300,25.390961,16.65131863,57.95762837,2013
1624,Toa Payoh,Joo Seng,Central Region,6820,1670,1120,4040,24.45091588,16.39821904,59.15071867,2013
1625,Toa Payoh,Kim Keat,Central Region,8710,2140,1380,5210,24.51314489,15.80754203,59.67919853,2013
1626,Toa Payoh,Lorong 8 Toa Payoh,Central Region,8410,1970,1610,4840,23.3966468,19.12111743,57.482117,2013
1627,Toa Payoh,Pei Chun,Central Region,12000,2930,2110,6970,24.39631607,17.56867813,58.03492254,2013
1628,Toa Payoh,Potong Pasir,Central Region,13020,2940,1930,8160,22.56329811,14.811961,62.62466414,2013
1629,Toa Payoh,Sennett,Central Region,4410,1110,900,2420,25.05637685,20.31598123,54.62741619,2013
1630,Toa Payoh,Toa Payoh Central,Central Region,30940,8150,4480,18340,26.31578098,14.46560721,59.21857952,2013
1631,Toa Payoh,Toa Payoh West,Central Region,13660,2770,2940,7960,20.26333558,21.50693379,58.22965748,2013
1632,Toa Payoh,Woodleigh,Central Region,2440,750,180,1500,30.86407052,7.407376924,61.72814104,2013
1633,Tuas,Tengeh,NA,0,0,0,0,0,0,0,2013
1634,Tuas,Tuas Bay,NA,20,0,0,0,0,0,0,2013
1635,Tuas,Tuas North,NA,20,0,0,0,0,0,0,2013
1636,Tuas,Tuas Promenade,NA,10,0,0,0,0,0,0,2013
1637,Tuas,Tuas View,NA,10,0,0,0,0,0,0,2013
1638,Tuas,Tuas View Extension,NA,0,0,0,0,0,0,0,2013
1639,Western Islands,Jurong Island And Bukom,NA,0,0,0,0,0,0,0,2013
1640,Western Islands,Semakau,NA,0,0,0,0,0,0,0,2013
1641,Western Islands,Sudong,NA,0,0,0,0,0,0,0,2013
1642,Western Water Catchment,Western Water Catchment,NA,960,360,80,530,37.11301945,8.247337656,54.63861197,2013
1643,Woodlands,Greenwood Park,North Region,50,0,0,0,0,0,0,2013
1644,Woodlands,Midview,North Region,35880,13150,2220,20530,36.62951626,6.183842289,57.1866136,2013
1645,Woodlands,North Coast,North Region,15000,4280,1770,8980,28.47636163,11.77643927,59.74713257,2013
1646,Woodlands,Senoko West,North Region,20,0,0,0,0,0,0,2013
1647,Woodlands,Woodgrove,North Region,35720,12710,2290,20730,35.57233821,6.409178167,58.01845563,2013
1648,Woodlands,Woodlands East,North Region,94870,33280,4950,56640,35.07957889,5.21766573,59.70274484,2013
1649,Woodlands,Woodlands Regional Centre,North Region,0,0,0,0,0,0,0,2013
1650,Woodlands,Woodlands South,North Region,36140,12710,2140,21290,35.16877832,5.921415074,58.90977894,2013
1651,Woodlands,Woodlands West,North Region,32510,9900,3340,19260,30.46152909,10.27691991,59.26152023,2013
1652,Yishun,Khatib,North Region,11220,3060,1080,7100,27.22417507,9.608532377,63.16720359,2013
1653,Yishun,Lower Seletar,North Region,1150,480,100,590,41.02529038,8.546935496,50.42691943,2013
1654,Yishun,Nee Soon,North Region,870,250,120,510,28.40876808,13.63620868,57.95388689,2013
1655,Yishun,Northland,North Region,31310,9190,2650,19490,29.33289839,8.458343933,62.20872576,2013
1656,Yishun,Springleaf,North Region,3910,1200,530,2200,30.53427345,13.48597077,55.97950132,2013
1657,Yishun,Yishun Central,North Region,1550,440,160,970,28.0252992,10.19101789,61.78304597,2013
1658,Yishun,Yishun East,North Region,44400,14380,2920,27110,32.38008728,6.575094219,61.04479598,2013
1659,Yishun,Yishun South,North Region,39940,11390,3940,24600,28.52491146,9.867265247,61.60779824,2013
1660,Yishun,Yishun West,North Region,58460,15860,6030,36570,27.12965667,10.31474336,62.55558287,2013
1661,Ang Mo Kio,Ang Mo Kio Town Centre,North East Region,4880,1400,560,2920,28.6884658,11.47538632,59.83594296,2012
1662,Ang Mo Kio,Cheng San,North East Region,30910,7270,4130,19500,23.52750048,13.36569147,63.10677569,2012
1663,Ang Mo Kio,Chong Boon,North East Region,29010,6640,4640,17730,22.88865119,15.99447915,61.11683519,2012
1664,Ang Mo Kio,Kebun Bahru,North East Region,25010,6020,3930,15070,24.06074178,15.70742777,60.23179047,2012
1665,Ang Mo Kio,Sembawang Hills,North East Region,6910,2210,990,3710,31.98258758,14.32704149,53.69022621,2012
1666,Ang Mo Kio,Shangri-La,North East Region,18290,4530,2860,10920,24.74056541,15.61987132,59.63950866,2012
1667,Ang Mo Kio,Tagore,North East Region,8200,2570,930,4690,31.37969307,11.35529749,57.26488734,2012
1668,Ang Mo Kio,Townsville,North East Region,24290,5690,3990,14610,23.42526825,16.42650621,60.14818438,2012
1669,Ang Mo Kio,Yio Chu Kang,North East Region,30,0,0,0,0,0,0,2012
1670,Ang Mo Kio,Yio Chu Kang East,North East Region,3970,1220,450,2320,30.57636447,11.27816722,58.14521768,2012
1671,Ang Mo Kio,Yio Chu Kang North,North East Region,0,0,0,0,0,0,0,2012
1672,Ang Mo Kio,Yio Chu Kang West,North East Region,27200,7490,3050,16670,27.5266345,11.20911018,61.26421857,2012
1673,Bedok,Bayshore,East Region,7260,2080,580,4600,28.65009828,7.988969712,63.36079427,2012
1674,Bedok,Bedok North,East Region,89290,23820,11910,53590,26.66815644,13.33407822,59.99775414,2012
1675,Bedok,Bedok Reservoir,East Region,24250,7310,2160,14790,30.13189195,8.90354126,60.96452557,2012
1676,Bedok,Bedok South,East Region,51990,14100,7630,30270,27.1153794,14.6730741,58.21152727,2012
1677,Bedok,Frankel,East Region,32780,9460,4410,18890,28.87667006,13.46153435,57.66176506,2012
1678,Bedok,Kaki Bukit,East Region,42530,12730,4080,25720,29.9318058,9.593226054,60.47494463,2012
1679,Bedok,Kembangan,East Region,38730,10240,5410,23090,26.43262095,13.96489056,59.60246267,2012
1680,Bedok,Siglap,East Region,7240,1830,1350,4090,25.17190485,18.56943801,56.25851959,2012
1681,Bishan,Bishan East,Central Region,29770,8240,3380,18170,27.6602794,11.34608548,60.99360155,2012
1682,Bishan,Marymount,Central Region,31960,10200,2790,18980,31.90490087,8.726928769,59.36813908,2012
1683,Bishan,Upper Thomson,Central Region,31060,8580,4520,17940,27.64174367,14.56185098,57.79637313,2012
1684,Boon Lay,Liu Fang,NA,10,0,0,0,0,0,0,2012
1685,Boon Lay,Samulun,NA,10,0,0,0,0,0,0,2012
1686,Boon Lay,Shipyard,NA,0,0,0,0,0,0,0,2012
1687,Boon Lay,Tukang,NA,10,0,0,0,0,0,0,2012
1688,Bukit Batok,Brickworks,West Region,0,0,0,0,0,0,0,2012
1689,Bukit Batok,Bukit Batok Central,West Region,26610,7820,2410,16390,29.37639768,9.05333995,61.5702248,2012
1690,Bukit Batok,Bukit Batok East,West Region,15080,4090,1380,9650,27.05024666,9.126978091,63.82270911,2012
1691,Bukit Batok,Bukit Batok South,West Region,14290,4770,870,8640,33.40333795,6.092432708,60.50415931,2012
1692,Bukit Batok,Bukit Batok West,West Region,15670,4580,1390,9730,29.17195594,8.853497546,61.97448282,2012
1693,Bukit Batok,Gombak,West Region,9370,2630,1030,5690,28.12831216,11.016031,60.85554989,2012
1694,Bukit Batok,Guilin,West Region,13480,3970,1100,8420,29.429185,8.154182243,62.41655862,2012
1695,Bukit Batok,Hillview,West Region,18380,6110,1420,10860,33.22456051,7.721583621,59.05380149,2012
1696,Bukit Batok,Hong Kah North,West Region,29430,8790,2320,18300,29.88778311,7.888470626,62.22371227,2012
1697,Bukit Merah,Alexandra Hill,Central Region,16090,4100,2630,9360,25.48164979,16.34554609,58.17274197,2012
1698,Bukit Merah,Alexandra North,Central Region,930,270,60,620,28.42075347,6.315722992,65.26247092,2012
1699,Bukit Merah,Bukit Ho Swee,Central Region,16360,3460,3110,9810,21.12330823,18.9865574,59.89007333,2012
1700,Bukit Merah,Bukit Merah,Central Region,1240,330,210,720,26.19026833,16.66653439,57.14240363,2012
1701,Bukit Merah,City Terminals,Central Region,20,0,0,0,0,0,0,2012
1702,Bukit Merah,Depot Road,Central Region,4130,1010,600,2510,24.51450361,14.56307145,60.92218223,2012
1703,Bukit Merah,Everton Park,Central Region,8800,1870,1560,5380,21.22585559,17.70713087,61.06690004,2012
1704,Bukit Merah,Henderson Hill,Central Region,13900,3360,2680,7840,24.20747535,19.30834344,56.48410916,2012
1705,Bukit Merah,Kampong Tiong Bahru,Central Region,10730,2310,1990,6440,21.50835986,18.52884681,59.96270022,2012
1706,Bukit Merah,Maritime Square,Central Region,2370,600,170,1610,25.20997811,7.142827131,67.64677459,2012
1707,Bukit Merah,Redhill,Central Region,12100,3160,1800,7150,26.09411553,14.86373669,59.0420652,2012
1708,Bukit Merah,Singapore General Hospital,Central Region,20,0,0,0,0,0,0,2012
1709,Bukit Merah,Telok Blangah Drive,Central Region,16440,3770,2800,9890,22.90399581,17.01092527,60.08501817,2012
1710,Bukit Merah,Telok Blangah Rise,Central Region,14260,3230,2480,8560,22.63488253,17.37910485,59.98594255,2012
1711,Bukit Merah,Telok Blangah Way,Central Region,11000,2420,1960,6600,22.04005279,17.85062127,60.10923487,2012
1712,Bukit Merah,Tiong Bahru,Central Region,10860,2270,1920,6680,20.88314546,17.66327722,61.45348532,2012
1713,Bukit Merah,Tiong Bahru Station,Central Region,16840,4390,2500,9950,26.06886813,14.84559689,59.0854756,2012
1714,Bukit Panjang,Bangkit,West Region,24870,7530,2530,14830,30.25310155,10.16472071,59.58213757,2012
1715,Bukit Panjang,Dairy Farm,West Region,3800,1220,360,2250,31.85370273,9.399453265,58.74658291,2012
1716,Bukit Panjang,Fajar,West Region,24470,8350,1760,14370,34.10946319,7.189539547,58.70095641,2012
1717,Bukit Panjang,Jelebu,West Region,34730,11170,2860,20720,32.14387564,8.230213459,59.62588212,2012
1718,Bukit Panjang,Nature Reserve,West Region,3780,1230,300,2260,32.45374023,7.915546397,59.63044952,2012
1719,Bukit Panjang,Saujana,West Region,21920,7410,1320,13180,33.820158,6.024643531,60.15515283,2012
1720,Bukit Panjang,Senja,West Region,17920,6200,1010,10740,34.54037073,5.626737812,59.83283575,2012
1721,Bukit Timah,Anak Bukit,Central Region,22320,7020,2650,12650,31.45159881,11.87275454,56.67560185,2012
1722,Bukit Timah,Coronation Road,Central Region,6110,1950,860,3290,31.96716071,14.09833754,53.93433781,2012
1723,Bukit Timah,Farrer Court,Central Region,3700,960,660,2080,25.94587582,17.83778963,56.21606428,2012
1724,Bukit Timah,Hillcrest,Central Region,8890,2830,1150,4940,31.72642183,12.89236223,55.38110383,2012
1725,Bukit Timah,Holland Road,Central Region,9900,3290,1040,5580,33.1987556,10.49443946,56.30670403,2012
1726,Bukit Timah,Leedon Park,Central Region,6120,1690,790,3620,27.70487261,12.95079844,59.34416501,2012
1727,Bukit Timah,Swiss Club,Central Region,5380,1680,680,3040,31.1110535,12.59256927,56.29619204,2012
1728,Bukit Timah,Ulu Pandan,Central Region,10720,3300,1360,6070,30.75486416,12.6747319,56.57031075,2012
1729,Central Water Catchment,Central Water Catchment,NA,10,0,0,0,0,0,0,2012
1730,Changi,Changi Airport,East Region,0,0,0,0,0,0,0,2012
1731,Changi,Changi Point,East Region,800,180,120,500,22.49971875,14.9998125,62.49921876,2012
1732,Changi,Changi West,East Region,1740,740,80,940,42.04521565,4.545428719,53.40878745,2012
1733,Changi Bay,Changi Bay,NA,0,0,0,0,0,0,0,2012
1734,Choa Chu Kang,Choa Chu Kang Central,West Region,21080,7250,1430,12400,34.39277306,6.783677996,58.82350151,2012
1735,Choa Chu Kang,Choa Chu Kang North,West Region,33950,13060,1750,19160,38.44567605,5.15160284,56.40269167,2012
1736,Choa Chu Kang,Keat Hong,West Region,16180,5750,1030,9400,35.5376789,6.365879873,58.09637942,2012
1737,Choa Chu Kang,Peng Siang,West Region,31770,10640,2160,18980,33.48016568,6.796725363,59.72307749,2012
1738,Choa Chu Kang,Teck Whye,West Region,27000,8540,2590,15880,31.61790758,9.589037546,58.79301785,2012
1739,Choa Chu Kang,Yew Tee,West Region,44900,15440,2440,27010,34.39518058,5.435507811,60.16928934,2012
1740,Clementi,Clementi Central,West Region,13830,3420,1980,8440,24.7109648,14.30634804,60.9826149,2012
1741,Clementi,Clementi North,West Region,28460,6130,4940,17390,21.53899454,17.35768891,61.10328141,2012
1742,Clementi,Clementi West,West Region,16860,4290,2040,10530,25.44482477,12.09963695,62.45547897,2012
1743,Clementi,Clementi Woods,West Region,16210,4160,2190,9860,25.66315505,13.51017057,60.82661269,2012
1744,Clementi,Faber,West Region,4410,1410,460,2540,31.97271662,10.43081535,57.59624128,2012
1745,Clementi,Pandan,West Region,20,0,0,0,0,0,0,2012
1746,Clementi,Sunset Way,West Region,6470,1740,890,3850,26.85181041,13.73454671,59.41348856,2012
1747,Clementi,Toh Tuck,West Region,20,0,0,0,0,0,0,2012
1748,Clementi,West Coast,West Region,5210,1680,480,3080,32.06100752,9.160287862,58.77851378,2012
1749,Downtown Core,Anson,Central Region,40,0,0,0,0,0,0,2012
1750,Downtown Core,Bayfront Subzone,Central Region,0,0,0,0,0,0,0,2012
1751,Downtown Core,Bugis,Central Region,2500,430,570,1500,17.1999312,22.7999088,59.99976,2012
1752,Downtown Core,Cecil,Central Region,190,40,0,130,23.52802776,0,76.46609023,2012
1753,Downtown Core,Central Subzone,Central Region,360,60,0,290,17.14236736,0,82.85477558,2012
1754,Downtown Core,City Hall,Central Region,80,0,0,0,0,0,0,2012
1755,Downtown Core,Clifford Pier,Central Region,10,0,0,0,0,0,0,2012
1756,Downtown Core,Marina Centre,Central Region,20,0,0,0,0,0,0,2012
1757,Downtown Core,Maxwell,Central Region,0,0,0,0,0,0,0,2012
1758,Downtown Core,Phillip,Central Region,10,0,0,0,0,0,0,2012
1759,Downtown Core,Raffles Place,Central Region,50,0,0,0,0,0,0,2012
1760,Downtown Core,Tanjong Pagar,Central Region,490,60,90,360,11.76447521,17.64671281,70.58685124,2012
1761,Geylang,Aljunied,Central Region,42390,10680,5950,25770,25.1886733,14.03301556,60.77828755,2012
1762,Geylang,Geylang East,Central Region,33840,8890,4670,20280,26.27067782,13.80023233,59.9290603,2012
1763,Geylang,Kallang Way,Central Region,50,0,0,0,0,0,0,2012
1764,Geylang,Kampong Ubi,Central Region,13780,4210,1100,8470,30.55150178,7.982577661,61.46584799,2012
1765,Geylang,Macpherson,Central Region,29470,7630,4690,17180,25.86439801,15.8982997,58.23726839,2012
1766,Hougang,Defu Industrial Park,North East Region,30,0,0,0,0,0,0,2012
1767,Hougang,Hougang Central,North East Region,5020,1550,530,2940,30.87643252,10.55774789,58.56562039,2012
1768,Hougang,Hougang East,North East Region,19090,5720,1810,11550,29.97901993,9.486368194,60.53455947,2012
1769,Hougang,Hougang West,North East Region,52220,14960,5100,32180,28.63705424,9.762632128,61.60029449,2012
1770,Hougang,Kangkar,North East Region,25140,7140,2900,15110,28.38965074,11.53081052,60.07949897,2012
1771,Hougang,Kovan,North East Region,24960,7550,2820,14600,30.23627143,11.29354774,58.47014078,2012
1772,Hougang,Lorong Ah Soo,North East Region,33720,8780,4710,20250,26.02251748,13.95968762,60.01776526,2012
1773,Hougang,Lorong Halus,North East Region,0,0,0,0,0,0,0,2012
1774,Hougang,Tai Seng,North East Region,13550,4010,1670,7880,29.57224958,12.31562514,58.11205154,2012
1775,Hougang,Trafalgar,North East Region,44180,14020,3810,26370,31.71944984,8.619907552,59.66061999,2012
1776,Jurong East,International Business Park,West Region,10,0,0,0,0,0,0,2012
1777,Jurong East,Jurong Gateway,West Region,20,0,0,0,0,0,0,2012
1778,Jurong East,Jurong Port,West Region,0,0,0,0,0,0,0,2012
1779,Jurong East,Jurong River,West Region,10,0,0,0,0,0,0,2012
1780,Jurong East,Lakeside,West Region,1070,220,160,700,20.37018176,14.81467764,64.81421468,2012
1781,Jurong East,Penjuru Crescent,West Region,10,0,0,0,0,0,0,2012
1782,Jurong East,Teban Gardens,West Region,19520,5360,2320,11850,27.44494242,11.87915418,60.67585219,2012
1783,Jurong East,Toh Guan,West Region,17120,5300,1210,10620,30.93985351,7.063626933,61.99646118,2012
1784,Jurong East,Yuhua East,West Region,28470,7470,3300,17700,26.2381362,11.59114451,62.17068417,2012
1785,Jurong East,Yuhua West,West Region,20740,5830,2160,12740,28.12347896,10.41967659,61.45679621,2012
1786,Jurong West,Boon Lay Place,West Region,27510,8510,2560,16440,30.9341945,9.305703633,59.76006552,2012
1787,Jurong West,Boon Lay Place,North Region,27510,8510,2560,16440,30.9341945,9.305703633,59.76006552,2012
1788,Jurong West,Chin Bee,West Region,10,0,0,0,0,0,0,2012
1789,Jurong West,Chin Bee,North Region,10,0,0,0,0,0,0,2012
1790,Jurong West,Hong Kah,West Region,58170,16820,5460,35900,28.91027348,9.384666658,61.70504268,2012
1791,Jurong West,Hong Kah,North Region,58170,16820,5460,35900,28.91027348,9.384666658,61.70504268,2012
1792,Jurong West,Jurong West Central,West Region,69420,22330,3610,43480,32.16651798,5.200229732,62.63323788,2012
1793,Jurong West,Jurong West Central,North Region,69420,22330,3610,43480,32.16651798,5.200229732,62.63323788,2012
1794,Jurong West,Kian Teck,West Region,40,0,0,0,0,0,0,2012
1795,Jurong West,Kian Teck,North Region,40,0,0,0,0,0,0,2012
1796,Jurong West,Safti,West Region,0,0,0,0,0,0,0,2012
1797,Jurong West,Safti,North Region,0,0,0,0,0,0,0,2012
1798,Jurong West,Taman Jurong,West Region,35000,11310,2780,20920,32.30504647,7.940586135,59.75433883,2012
1799,Jurong West,Taman Jurong,North Region,35000,11310,2780,20920,32.30504647,7.940586135,59.75433883,2012
1800,Jurong West,Wenya,West Region,8670,2760,470,5440,31.83387332,5.420985674,62.74502567,2012
1801,Jurong West,Wenya,North Region,8670,2760,470,5440,31.83387332,5.420985674,62.74502567,2012
1802,Jurong West,Yunnan,West Region,72500,24760,4510,43230,34.15171943,6.220688797,59.62757798,2012
1803,Jurong West,Yunnan,North Region,72500,24760,4510,43230,34.15171943,6.220688797,59.62757798,2012
1804,Kallang,Bendemeer,Central Region,33940,8010,5080,20870,23.58656549,14.95877062,61.45463444,2012
1805,Kallang,Boon Keng,Central Region,11320,2670,1760,6900,23.56573383,15.53396687,60.90021103,2012
1806,Kallang,Crawford,Central Region,9950,1890,2390,5700,18.93785678,23.9478718,57.11417123,2012
1807,Kallang,Geylang Bahru,Central Region,13410,3160,2240,8010,23.56448653,16.70393982,59.73149908,2012
1808,Kallang,Kallang Bahru,Central Region,20,0,0,0,0,0,0,2012
1809,Kallang,Kampong Bugis,Central Region,890,210,110,570,23.5952405,12.35941169,64.04422422,2012
1810,Kallang,Kampong Java,Central Region,11460,2780,1800,6880,24.25826854,15.70679258,60.03485163,2012
1811,Kallang,Lavender,Central Region,10550,2490,1620,6430,23.62426601,15.37000439,61.00563472,2012
1812,Kallang,Tanjong Rhu,Central Region,11300,3060,1190,7070,27.03177824,10.5123582,62.45577522,2012
1813,Lim Chu Kang,Lim Chu Kang,NA,100,0,0,0,0,0,0,2012
1814,Mandai,Mandai East,North Region,0,0,0,0,0,0,0,2012
1815,Mandai,Mandai Estate,North Region,2120,740,190,1220,34.41844457,8.837168199,56.74392212,2012
1816,Mandai,Mandai West,North Region,0,0,0,0,0,0,0,2012
1817,Marina East,Marina East,NA,0,0,0,0,0,0,0,2012
1818,Marina South,Marina South,NA,0,0,0,0,0,0,0,2012
1819,Marine Parade,East Coast,Central Region,0,0,0,0,0,0,0,2012
1820,Marine Parade,Katong,Central Region,9700,2730,1280,5690,28.14430088,13.19586268,58.65973334,2012
1821,Marine Parade,Marina East (Mp),Central Region,0,0,0,0,0,0,0,2012
1822,Marine Parade,Marine Parade,Central Region,29140,7600,5090,16470,26.0630912,17.4554124,56.48146211,2012
1823,Marine Parade,Mountbatten,Central Region,10030,2890,1220,5930,28.78483189,12.15138232,59.06368619,2012
1824,Museum,Bras Basah,Central Region,10,0,0,0,0,0,0,2012
1825,Museum,Dhoby Ghaut,Central Region,190,50,10,140,24.99875006,4.999750012,69.99650017,2012
1826,Museum,Fort Canning,Central Region,160,40,10,100,26.66488901,6.666222252,66.66222252,2012
1827,Newton,Cairnhill,Central Region,3060,800,400,1880,25.97394164,12.98697082,61.03876286,2012
1828,Newton,Goodwood Park,Central Region,800,240,80,480,29.999625,9.999875002,59.99925001,2012
1829,Newton,Istana Negara,Central Region,30,0,0,0,0,0,0,2012
1830,Newton,Monk's Hill,Central Region,1060,310,150,620,28.70343793,13.88876029,57.40687586,2012
1831,Newton,Newton Circus,Central Region,190,60,10,130,29.99850007,4.999750012,64.99675016,2012
1832,Newton,Orange Grove,Central Region,1420,350,180,890,24.64771375,12.67596707,62.67561496,2012
1833,North-Eastern Islands,North-Eastern Islands,NA,60,0,0,0,0,0,0,2012
1834,Novena,Balestier,Central Region,32550,8130,5120,19320,24.96161346,15.71998289,59.31837294,2012
1835,Novena,Dunearn,Central Region,3780,1190,560,2030,31.4813982,14.81477562,53.70356163,2012
1836,Novena,Malcolm,Central Region,2690,850,360,1500,31.36519791,13.28408382,55.35034926,2012
1837,Novena,Moulmein,Central Region,8050,2500,740,4830,30.97889594,9.169753197,59.85122695,2012
1838,Novena,Mount Pleasant,Central Region,650,200,80,370,30.7687574,12.30750296,56.9222012,2012
1839,Orchard,Boulevard,Central Region,420,90,60,280,20.92974582,13.95316388,65.11476477,2012
1840,Orchard,Somerset,Central Region,130,30,20,90,21.42704093,14.28469395,64.28112278,2012
1841,Orchard,Tanglin,Central Region,360,100,30,240,27.02629659,8.107888976,64.86311181,2012
1842,Outram,China Square,Central Region,1670,250,360,1070,14.8808638,21.42844388,63.69009708,2012
1843,Outram,Chinatown,Central Region,11820,2750,1810,7250,23.28533168,15.32598194,61.3886017,2012
1844,Outram,Pearl's Hill,Central Region,8420,1600,1980,4830,19.02494765,23.54337272,57.43156072,2012
1845,Outram,People's Park,Central Region,430,70,80,320,14.89330014,17.02091445,68.08365779,2012
1846,Pasir Ris,Flora Drive,East Region,12420,4130,1080,7200,33.2795864,8.702652133,58.01768089,2012
1847,Pasir Ris,Loyang East,East Region,2210,690,210,1300,31.3634938,9.545411157,59.0906405,2012
1848,Pasir Ris,Loyang West,East Region,200,0,170,30,0,84.99575021,14.99925004,2012
1849,Pasir Ris,Pasir Ris Central,East Region,22650,8060,1570,13050,35.5379032,6.922395537,57.53965717,2012
1850,Pasir Ris,Pasir Ris Drive,East Region,60960,22030,4140,34790,36.13844552,6.791337469,57.07020061,2012
1851,Pasir Ris,Pasir Ris Park,East Region,1800,600,110,1090,33.33314815,6.111077161,60.55521914,2012
1852,Pasir Ris,Pasir Ris Wafer Fab Park,East Region,20,0,0,0,0,0,0,2012
1853,Pasir Ris,Pasir Ris West,East Region,36470,13500,2220,20750,37.01671593,6.087193286,56.89606337,2012
1854,Paya Lebar,Airport Road,NA,0,0,0,0,0,0,0,2012
1855,Paya Lebar,Paya Lebar East,NA,10,0,0,0,0,0,0,2012
1856,Paya Lebar,Paya Lebar North,NA,30,0,0,0,0,0,0,2012
1857,Paya Lebar,Paya Lebar West,NA,0,0,0,0,0,0,0,2012
1858,Paya Lebar,Plab,NA,0,0,0,0,0,0,0,2012
1859,Pioneer,Benoi Sector,NA,0,0,0,0,0,0,0,2012
1860,Pioneer,Gul Basin,NA,20,0,0,0,0,0,0,2012
1861,Pioneer,Gul Circle,NA,20,0,0,0,0,0,0,2012
1862,Pioneer,Joo Koon,NA,40,0,0,0,0,0,0,2012
1863,Pioneer,Pioneer Sector,NA,0,0,0,0,0,0,0,2012
1864,Punggol,Coney Island,North East Region,0,0,0,0,0,0,0,2012
1865,Punggol,Matilda,North East Region,17500,5190,870,11440,29.65712591,4.971425731,65.37139122,2012
1866,Punggol,Northshore,North East Region,280,90,40,190,28.12412112,12.49960939,59.37314459,2012
1867,Punggol,Punggol Canal,North East Region,0,0,0,0,0,0,0,2012
1868,Punggol,Punggol Field,North East Region,43870,14680,2790,26400,33.46249522,6.359697661,60.17778432,2012
1869,Punggol,Punggol Town Centre,North East Region,4590,1470,180,2920,32.16623158,3.938722235,63.89482736,2012
1870,Punggol,Waterway East,North East Region,21830,6790,1120,13940,31.07550065,5.125855778,63.7985978,2012
1871,Queenstown,Commonwealth,Central Region,8350,1700,1730,4910,20.3836686,20.7433804,58.87283109,2012
1872,Queenstown,Dover,Central Region,13340,3940,1750,7660,29.51308651,13.10860441,57.37823417,2012
1873,Queenstown,Ghim Moh,Central Region,11850,2770,2460,6610,23.39525051,20.77700948,55.82765555,2012
1874,Queenstown,Holland Drive,Central Region,14700,2940,3110,8660,19.98639022,21.14206584,58.87147595,2012
1875,Queenstown,Kent Ridge,Central Region,1120,260,110,760,23.00864594,9.734427129,67.25604198,2012
1876,Queenstown,Margaret Drive,Central Region,9760,2390,1390,6000,24.43760282,14.2126644,61.34963052,2012
1877,Queenstown,Mei Chin,Central Region,17300,4460,2720,10120,25.78033192,15.72253426,58.49707601,2012
1878,Queenstown,National University Of S'pore,Central Region,450,320,0,130,71.1095309,0,28.88824693,2012
1879,Queenstown,One North,Central Region,630,140,20,450,22.95044344,3.278634776,73.76928247,2012
1880,Queenstown,Pasir Panjang 1,Central Region,3890,1060,400,2420,27.31951722,10.30925178,62.37097327,2012
1881,Queenstown,Pasir Panjang 2,Central Region,3420,990,320,2120,28.86288961,9.329418865,61.80739998,2012
1882,Queenstown,Port,Central Region,230,50,40,170,19.23002961,15.38402369,65.38210069,2012
1883,Queenstown,Queensway,Central Region,290,60,30,190,21.42780615,10.71390307,67.85471947,2012
1884,Queenstown,Singapore Polytechnic,Central Region,150,50,0,110,31.248047,0,68.74570339,2012
1885,Queenstown,Tanglin Halt,Central Region,13490,2840,2610,8060,21.02145002,19.31900865,59.65946731,2012
1886,River Valley,Institution Hill,Central Region,3210,890,250,2090,27.55409426,7.739914118,64.70568203,2012
1887,River Valley,Leonie Hill,Central Region,2370,610,200,1560,25.73828802,8.438782959,65.82250708,2012
1888,River Valley,One Tree Hill,Central Region,1810,440,270,1080,24.58086826,15.08371462,60.33485846,2012
1889,River Valley,Oxley,Central Region,1400,320,230,850,22.85697959,16.42845408,60.71385204,2012
1890,River Valley,Paterson,Central Region,150,40,10,110,24.9984376,6.249609399,68.74570339,2012
1891,Rochor,Bencoolen,Central Region,1530,330,260,960,21.29018522,16.77408533,61.93508429,2012
1892,Rochor,Farrer Park,Central Region,3280,760,490,2030,23.17066107,14.93897884,61.89005521,2012
1893,Rochor,Kampong Glam,Central Region,200,30,60,110,14.99925004,29.99850007,54.99725014,2012
1894,Rochor,Little India,Central Region,4070,900,750,2430,22.05876946,18.38230789,59.55867755,2012
1895,Rochor,Mackenzie,Central Region,90,0,0,0,0,0,0,2012
1896,Rochor,Mount Emily,Central Region,1030,230,70,720,22.54879854,6.862677817,70.58754326,2012
1897,Rochor,Rochor Canal,Central Region,10,0,0,0,0,0,0,2012
1898,Rochor,Selegie,Central Region,280,60,50,170,21.42780615,17.85650512,60.71211742,2012
1899,Rochor,Sungei Road,Central Region,2470,590,500,1400,23.69468396,20.08024064,56.2246738,2012
1900,Rochor,Victoria,Central Region,2140,370,460,1320,17.20922228,21.39524932,61.39506328,2012
1901,Seletar,Pulau Punggol Barat,NA,0,0,0,0,0,0,0,2012
1902,Seletar,Pulau Punggol Timor,NA,0,0,0,0,0,0,0,2012
1903,Seletar,Seletar,NA,280,80,20,180,28.5704082,7.14260205,64.28341845,2012
1904,Seletar,Seletar Aerospace Park,NA,20,0,0,0,0,0,0,2012
1905,Sembawang,Admiralty,North Region,12230,4010,890,7340,32.76141114,7.27123589,59.96727127,2012
1906,Sembawang,Sembawang Central,North Region,29740,9930,1600,18190,33.41183263,5.383578269,61.20455545,2012
1907,Sembawang,Sembawang East,North Region,110,20,20,80,16.66527789,16.66527789,66.66111157,2012
1908,Sembawang,Sembawang North,North Region,26050,8660,1370,16050,33.20550874,5.25306547,61.54138745,2012
1909,Sembawang,Sembawang Springs,North Region,3690,1140,540,2010,30.89422522,14.63410668,54.4713971,2012
1910,Sembawang,Sembawang Straits,North Region,1550,510,150,880,33.11666807,9.740196492,57.14248609,2012
1911,Sembawang,Senoko North,North Region,20,0,0,0,0,0,0,2012
1912,Sembawang,Senoko South,North Region,20,0,0,0,0,0,0,2012
1913,Sembawang,The Wharves,North Region,0,0,0,0,0,0,0,2012
1914,Sengkang,Anchorvale,North East Region,31100,10330,1830,18950,33.20474664,5.88235105,60.91287017,2012
1915,Sengkang,Compassvale,North East Region,14820,4710,850,9270,31.75992464,5.731621219,62.50838671,2012
1916,Sengkang,Fernvale,North East Region,24450,7550,1800,15110,30.86670856,7.358950385,61.77430017,2012
1917,Sengkang,Lorong Halus North,North East Region,0,0,0,0,0,0,0,2012
1918,Sengkang,Rivervale,North East Region,56880,18780,3860,34230,33.02267751,6.787408689,60.18989622,2012
1919,Sengkang,Sengkang Town Centre,North East Region,55730,18340,3450,33950,32.90275692,6.189449912,60.90777522,2012
1920,Sengkang,Sengkang West,North East Region,10,0,0,0,0,0,0,2012
1921,Serangoon,Lorong Chuan,North East Region,8360,2700,1050,4620,32.25802598,12.54478788,55.19706667,2012
1922,Serangoon,Seletar Hills,North East Region,12760,3920,1720,7150,30.64892052,13.44799574,55.90300555,2012
1923,Serangoon,Serangoon Central,North East Region,27090,7030,3300,16770,25.94094984,12.17711728,61.88189598,2012
1924,Serangoon,Serangoon Garden,North East Region,40080,10770,5700,23620,26.86454805,14.21800593,58.91742107,2012
1925,Serangoon,Serangoon North,North East Region,18230,6040,1290,10890,33.150366,7.080127837,59.76945128,2012
1926,Serangoon,Serangoon North Ind Estate,North East Region,20,0,0,0,0,0,0,2012
1927,Serangoon,Upper Paya Lebar,North East Region,16060,4470,2000,9600,27.81578854,12.44554297,59.73860626,2012
1928,Simpang,Pulau Seletar,NA,0,0,0,0,0,0,0,2012
1929,Simpang,Simpang North,NA,0,0,0,0,0,0,0,2012
1930,Simpang,Simpang South,NA,0,0,0,0,0,0,0,2012
1931,Simpang,Tanjong Irau,NA,0,0,0,0,0,0,0,2012
1932,Singapore River,Boat Quay,Central Region,170,20,30,120,11.76401388,17.64602082,70.58408329,2012
1933,Singapore River,Clarke Quay,Central Region,140,30,10,100,21.42704093,7.142346975,71.42346975,2012
1934,Singapore River,Robertson Quay,Central Region,2230,570,150,1550,25.11002154,6.607900406,68.28163753,2012
1935,Southern Islands,Sentosa,Central Region,1300,370,60,860,28.6819482,4.651126735,66.66614987,2012
1936,Southern Islands,Southern Group,Central Region,0,0,0,0,0,0,0,2012
1937,Straits View,Straits View,NA,0,0,0,0,0,0,0,2012
1938,Sungei Kadut,Gali Batu,North Region,150,10,110,40,6.249609399,68.74570339,24.9984376,2012
1939,Sungei Kadut,Kranji,North Region,20,0,0,0,0,0,0,2012
1940,Sungei Kadut,Pang Sua,North Region,20,0,0,0,0,0,0,2012
1941,Sungei Kadut,Reservoir View,North Region,20,0,0,0,0,0,0,2012
1942,Sungei Kadut,Turf Club,North Region,660,170,130,370,25.37275563,19.40269548,55.22305637,2012
1943,Tampines,Simei,East Region,43380,13470,3660,26250,31.0511685,8.437065828,60.51174262,2012
1944,Tampines,Tampines East,East Region,137570,42860,12160,82540,31.15731091,8.839778363,60.00290346,2012
1945,Tampines,Tampines North,East Region,0,0,0,0,0,0,0,2012
1946,Tampines,Tampines West,East Region,76520,24310,6350,45860,31.76946788,8.298482972,59.93203608,2012
1947,Tampines,Xilin,East Region,1990,650,130,1240,32.17805852,6.435611705,61.38583472,2012
1948,Tanglin,Chatsworth,Central Region,5260,1320,570,3380,25.0473908,10.81591876,64.13650069,2012
1949,Tanglin,Nassim,Central Region,7950,2380,930,4650,29.89945993,11.68340241,58.41701204,2012
1950,Tanglin,Ridout,Central Region,1370,360,200,830,25.89909425,14.3883857,59.71180063,2012
1951,Tanglin,Tyersall,Central Region,3510,1010,450,2060,28.6931003,12.78405459,58.52256102,2012
1952,Tengah,Tengah,NA,10,0,0,0,0,0,0,2012
1953,Toa Payoh,Bidadari,Central Region,0,0,0,0,0,0,0,2012
1954,Toa Payoh,Boon Teck,Central Region,15810,3960,3040,8840,24.99998422,19.19190708,55.80804558,2012
1955,Toa Payoh,Braddell,Central Region,10920,2840,1770,6320,25.98350779,16.19394676,57.82245396,2012
1956,Toa Payoh,Joo Seng,Central Region,6950,1780,1070,4100,25.61147394,15.3956613,58.99272087,2012
1957,Toa Payoh,Kim Keat,Central Region,8790,2220,1310,5270,25.22724406,14.88634672,59.88629558,2012
1958,Toa Payoh,Lorong 8 Toa Payoh,Central Region,8480,2030,1560,4880,23.96691385,18.41792395,57.61504414,2012
1959,Toa Payoh,Pei Chun,Central Region,12080,3000,2030,7060,24.81387526,16.79072226,58.39531977,2012
1960,Toa Payoh,Potong Pasir,Central Region,13060,3030,1820,8220,23.18284378,13.92500847,62.89207124,2012
1961,Toa Payoh,Sennett,Central Region,4400,1160,860,2400,26.24428452,19.45696955,54.29851969,2012
1962,Toa Payoh,Toa Payoh Central,Central Region,30830,8130,4310,18400,26.36185916,13.97535215,59.66275627,2012
1963,Toa Payoh,Toa Payoh West,Central Region,13840,2840,2880,8110,20.53505384,20.82427995,58.6405939,2012
1964,Toa Payoh,Woodleigh,Central Region,2390,770,160,1460,32.21743842,6.694532659,61.08761051,2012
1965,Tuas,Tengeh,NA,0,0,0,0,0,0,0,2012
1966,Tuas,Tuas Bay,NA,20,0,0,0,0,0,0,2012
1967,Tuas,Tuas North,NA,30,0,0,0,0,0,0,2012
1968,Tuas,Tuas Promenade,NA,10,0,0,0,0,0,0,2012
1969,Tuas,Tuas View,NA,10,0,0,0,0,0,0,2012
1970,Tuas,Tuas View Extension,NA,0,0,0,0,0,0,0,2012
1971,Western Islands,Jurong Island And Bukom,NA,0,0,0,0,0,0,0,2012
1972,Western Islands,Semakau,NA,0,0,0,0,0,0,0,2012
1973,Western Islands,Sudong,NA,0,0,0,0,0,0,0,2012
1974,Western Water Catchment,Western Water Catchment,NA,1000,400,60,530,40.40363229,6.060544843,53.53481278,2012
1975,Woodlands,Greenwood Park,North Region,50,0,0,0,0,0,0,2012
1976,Woodlands,Midview,North Region,34880,13220,2020,19660,37.87964531,5.787963958,56.33236208,2012
1977,Woodlands,North Coast,North Region,15250,4470,1680,9110,29.29224817,11.0091671,59.6985192,2012
1978,Woodlands,Senoko West,North Region,20,0,0,0,0,0,0,2012
1979,Woodlands,Woodgrove,North Region,36020,13170,2120,20720,36.57316396,5.887251906,57.53955636,2012
1980,Woodlands,Woodlands East,North Region,94570,33860,4560,56150,35.80416244,4.821824593,59.37400239,2012
1981,Woodlands,Woodlands Regional Centre,North Region,0,0,0,0,0,0,0,2012
1982,Woodlands,Woodlands South,North Region,36100,12940,1970,21210,35.82501777,5.454040572,58.72091398,2012
1983,Woodlands,Woodlands West,North Region,32820,10180,3200,19440,31.0176627,9.750149375,59.23215746,2012
1984,Yishun,Khatib,North Region,11370,3280,1000,7110,28.79716524,8.779623547,62.42312342,2012
1985,Yishun,Lower Seletar,North Region,1130,460,90,580,40.70760436,7.964531287,51.32697941,2012
1986,Yishun,Nee Soon,North Region,860,240,110,520,27.58588982,12.64353283,59.76942794,2012
1987,Yishun,Northland,North Region,31920,9700,2440,19790,30.37894445,7.641713861,61.97931037,2012
1988,Yishun,Springleaf,North Region,3900,1230,480,2200,31.45772006,12.27618344,56.26584075,2012
1989,Yishun,Yishun Central,North Region,1560,480,130,960,30.57305367,8.280202037,61.14610735,2012
1990,Yishun,Yishun East,North Region,38350,12890,2440,23040,33.59394485,6.359133083,60.046896,2012
1991,Yishun,Yishun South,North Region,39570,11830,3510,24230,29.8963786,8.870354089,61.23324204,2012
1992,Yishun,Yishun West,North Region,59470,16750,5720,37000,28.16545684,9.618293321,62.21623302,2012
1993,Ang Mo Kio,Ang Mo Kio Town Centre,North East Region,4850,1430,530,2910,29.3633894,10.88293453,59.75347073,2011
1994,Ang Mo Kio,Cheng San,North East Region,31020,7390,3900,19740,23.81565459,12.56847806,63.61583512,2011
1995,Ang Mo Kio,Chong Boon,North East Region,29460,6910,4410,18150,23.44756585,14.96436547,61.58803475,2011
1996,Ang Mo Kio,Kebun Bahru,North East Region,25310,6170,3740,15390,24.38734214,14.78260285,60.83001548,2011
1997,Ang Mo Kio,Sembawang Hills,North East Region,6910,2260,900,3740,32.75357572,13.04345936,54.20282,2011
1998,Ang Mo Kio,Shangri-La,North East Region,18340,4520,2750,11100,24.60532139,14.97005173,60.42457244,2011
1999,Ang Mo Kio,Tagore,North East Region,7580,2430,870,4310,31.9316269,11.43231086,56.63593083,2011
2000,Ang Mo Kio,Townsville,North East Region,24330,5710,3820,14820,23.44968236,15.68787857,60.862398,2011
2001,Ang Mo Kio,Yio Chu Kang,North East Region,20,0,0,0,0,0,0,2011
2002,Ang Mo Kio,Yio Chu Kang East,North East Region,3900,1230,410,2280,31.37747098,10.45915699,58.16311693,2011
2003,Ang Mo Kio,Yio Chu Kang North,North East Region,0,0,0,0,0,0,0,2011
2004,Ang Mo Kio,Yio Chu Kang West,North East Region,27180,7610,2820,16770,27.97793089,10.36764325,61.6543891,2011
2005,Bedok,Bayshore,East Region,7010,2010,540,4470,28.63243785,7.692296735,63.67512297,2011
2006,Bedok,Bedok North,East Region,89980,24460,11130,54410,27.17777476,12.36666529,60.45554884,2011
2007,Bedok,Bedok Reservoir,East Region,23600,7270,1960,14390,30.77898782,8.298048985,60.92292086,2011
2008,Bedok,Bedok South,East Region,53170,14740,7270,31180,27.71197073,13.66798013,58.62003034,2011
2009,Bedok,Frankel,East Region,32250,9390,4180,18680,29.11627004,12.96123629,57.92246266,2011
2010,Bedok,Kaki Bukit,East Region,43070,13350,3780,25960,30.98165909,8.772334933,60.24598277,2011
2011,Bedok,Kembangan,East Region,38890,10550,5200,23140,27.12778937,13.3710431,59.50114181,2011
2012,Bedok,Siglap,East Region,7250,1880,1280,4100,25.89528114,17.63082971,56.47375141,2011
2013,Bishan,Bishan East,Central Region,30130,8570,3160,18390,28.4528458,10.49136438,61.05575662,2011
2014,Bishan,Marymount,Central Region,31300,10130,2550,18630,32.35387022,8.144360222,59.50173762,2011
2015,Bishan,Upper Thomson,Central Region,31280,8810,4310,18160,28.16495263,13.77876797,58.05624742,2011
2016,Boon Lay,Liu Fang,NA,0,0,0,0,0,0,0,2011
2017,Boon Lay,Samulun,NA,10,0,0,0,0,0,0,2011
2018,Boon Lay,Shipyard,NA,0,0,0,0,0,0,0,2011
2019,Boon Lay,Tukang,NA,20,0,0,0,0,0,0,2011
2020,Bukit Batok,Brickworks,West Region,0,0,0,0,0,0,0,2011
2021,Bukit Batok,Bukit Batok Central,West Region,26340,7880,2220,16220,29.93919835,8.434647251,61.6261164,2011
2022,Bukit Batok,Bukit Batok East,West Region,15410,4330,1260,9840,28.06219827,8.165905272,63.77183164,2011
2023,Bukit Batok,Bukit Batok South,West Region,14450,4990,780,8680,34.53284807,5.39792014,60.06916258,2011
2024,Bukit Batok,Bukit Batok West,West Region,15820,4740,1280,9790,29.9810057,8.096136562,61.92279448,2011
2025,Bukit Batok,Gombak,West Region,9290,2620,970,5710,28.17201272,10.43009631,61.39778344,2011
2026,Bukit Batok,Guilin,West Region,13580,4110,1010,8450,30.28737635,7.44288324,62.26966671,2011
2027,Bukit Batok,Hillview,West Region,18140,6210,1170,10790,34.17719638,6.439181927,59.38356666,2011
2028,Bukit Batok,Hong Kah North,West Region,29590,9170,2140,18300,30.96925668,7.227285638,61.80342391,2011
2029,Bukit Merah,Alexandra Hill,Central Region,16340,4210,2580,9550,25.76497811,15.78946402,58.44549667,2011
2030,Bukit Merah,Alexandra North,Central Region,890,250,60,590,27.77746914,6.666592593,65.55482717,2011
2031,Bukit Merah,Bukit Ho Swee,Central Region,17600,3930,3100,10590,22.30418711,17.5936336,60.10212253,2011
2032,Bukit Merah,Bukit Merah,Central Region,1240,320,180,740,25.8062435,14.51601197,59.67693809,2011
2033,Bukit Merah,City Terminals,Central Region,0,0,0,0,0,0,0,2011
2034,Bukit Merah,Depot Road,Central Region,4170,990,580,2600,23.74095026,13.90883955,62.34997038,2011
2035,Bukit Merah,Everton Park,Central Region,8590,1780,1480,5350,20.6736113,17.18929479,62.13697777,2011
2036,Bukit Merah,Henderson Hill,Central Region,14150,3380,2630,8150,23.87003964,18.57343321,57.55645653,2011
2037,Bukit Merah,Kampong Tiong Bahru,Central Region,11060,2420,1990,6660,21.86086553,17.97649686,60.16254728,2011
2038,Bukit Merah,Maritime Square,Central Region,2040,490,150,1410,23.90232243,7.317037478,68.78015229,2011
2039,Bukit Merah,Redhill,Central Region,12090,3150,1750,7210,26.01153921,14.45085512,59.53752309,2011
2040,Bukit Merah,Singapore General Hospital,Central Region,20,0,0,0,0,0,0,2011
2041,Bukit Merah,Telok Blangah Drive,Central Region,16240,3800,2650,9790,23.39900037,16.31772394,60.28321411,2011
2042,Bukit Merah,Telok Blangah Rise,Central Region,14530,3320,2370,8840,22.84926163,16.3110693,60.83960025,2011
2043,Bukit Merah,Telok Blangah Way,Central Region,11020,2440,1950,6660,22.08142798,17.64704285,60.27143867,2011
2044,Bukit Merah,Tiong Bahru,Central Region,10250,2110,1790,6350,20.58534577,17.4633976,61.95115907,2011
2045,Bukit Merah,Tiong Bahru Station,Central Region,16940,4390,2430,10130,25.89968973,14.33627473,59.76397654,2011
2046,Bukit Panjang,Bangkit,West Region,25160,7880,2410,14890,31.29466589,9.571084364,59.13421003,2011
2047,Bukit Panjang,Dairy Farm,West Region,3800,1230,320,2250,32.36833587,8.421030471,59.2103705,2011
2048,Bukit Panjang,Fajar,West Region,24290,8370,1630,14280,34.47280294,6.713341551,58.81381433,2011
2049,Bukit Panjang,Jelebu,West Region,35020,11650,2660,20740,33.23822162,7.58915618,59.17259367,2011
2050,Bukit Panjang,Nature Reserve,West Region,3770,1250,280,2260,32.98144332,7.387843304,59.63044952,2011
2051,Bukit Panjang,Saujana,West Region,22070,7710,1210,13150,34.93428413,5.482553021,59.58311754,2011
2052,Bukit Panjang,Senja,West Region,16860,5890,1000,9990,34.89334426,5.924167107,59.18242939,2011
2053,Bukit Timah,Anak Bukit,Central Region,22280,7180,2460,12650,32.2117397,11.03633421,56.75188122,2011
2054,Bukit Timah,Coronation Road,Central Region,6020,1940,830,3260,32.17241762,13.76448795,54.06292859,2011
2055,Bukit Timah,Farrer Court,Central Region,3730,970,650,2120,25.93575953,17.37963267,56.68434042,2011
2056,Bukit Timah,Hillcrest,Central Region,8780,2820,1080,4890,32.08187476,12.28667544,55.63133603,2011
2057,Bukit Timah,Holland Road,Central Region,9350,3100,960,5300,33.11962274,10.2563993,56.62387113,2011
2058,Bukit Timah,Leedon Park,Central Region,5960,1650,730,3590,27.63814466,12.22778521,60.13390262,2011
2059,Bukit Timah,Swiss Club,Central Region,5240,1640,680,2920,31.2976502,12.97707447,55.72508449,2011
2060,Bukit Timah,Ulu Pandan,Central Region,10560,3220,1260,6080,30.49239537,11.93180688,57.57570305,2011
2061,Central Water Catchment,Central Water Catchment,NA,10,0,0,0,0,0,0,2011
2062,Changi,Changi Airport,East Region,0,0,0,0,0,0,0,2011
2063,Changi,Changi Point,East Region,790,170,130,510,20.98739522,16.04918458,62.96218565,2011
2064,Changi,Changi West,East Region,1680,700,60,910,41.91591667,3.592792858,54.49069167,2011
2065,Changi Bay,Changi Bay,NA,0,0,0,0,0,0,0,2011
2066,Choa Chu Kang,Choa Chu Kang Central,West Region,20400,7140,1310,11950,34.99998284,6.42156548,58.57840266,2011
2067,Choa Chu Kang,Choa Chu Kang North,West Region,34150,13460,1610,19070,39.42588183,4.715874424,55.85821445,2011
2068,Choa Chu Kang,Keat Hong,West Region,16270,5880,960,9450,36.09574211,5.893182386,58.01101411,2011
2069,Choa Chu Kang,Peng Siang,West Region,31420,10780,1940,18690,34.32026924,6.176374984,59.50332394,2011
2070,Choa Chu Kang,Teck Whye,West Region,26850,8640,2450,15780,32.15480753,9.117972044,58.72718321,2011
2071,Choa Chu Kang,Yew Tee,West Region,45100,15810,2290,27000,35.0554246,5.077604196,59.86694903,2011
2072,Clementi,Clementi Central,West Region,13890,3430,1840,8610,24.71179776,13.2564746,62.0316556,2011
2073,Clementi,Clementi North,West Region,29000,6290,4680,18040,21.68217109,16.13236259,62.18543186,2011
2074,Clementi,Clementi West,West Region,17170,4450,1940,10800,25.88712863,11.28562462,62.82718858,2011
2075,Clementi,Clementi Woods,West Region,14870,3860,1960,9070,25.92342114,13.16318794,60.91332377,2011
2076,Clementi,Faber,West Region,4430,1450,420,2560,32.73130309,9.48079124,57.78767994,2011
2077,Clementi,Pandan,West Region,10,0,0,0,0,0,0,2011
2078,Clementi,Sunset Way,West Region,6570,1810,830,3950,27.46581568,12.59482156,59.93921102,2011
2079,Clementi,Toh Tuck,West Region,40,0,0,0,0,0,0,2011
2080,Clementi,West Coast,West Region,5270,1710,440,3140,32.32508067,8.317564617,59.35716568,2011
2081,Downtown Core,Anson,Central Region,60,0,0,0,0,0,0,2011
2082,Downtown Core,Bayfront Subzone,Central Region,0,0,0,0,0,0,0,2011
2083,Downtown Core,Bugis,Central Region,2550,470,530,1550,18.43130027,20.78423222,60.78407536,2011
2084,Downtown Core,Cecil,Central Region,140,20,0,110,15.38343204,0,84.60887624,2011
2085,Downtown Core,Central Subzone,Central Region,350,70,10,270,19.99942859,2.857061227,77.14065312,2011
2086,Downtown Core,City Hall,Central Region,70,0,0,0,0,0,0,2011
2087,Downtown Core,Clifford Pier,Central Region,10,0,0,0,0,0,0,2011
2088,Downtown Core,Marina Centre,Central Region,20,0,0,0,0,0,0,2011
2089,Downtown Core,Maxwell,Central Region,0,0,0,0,0,0,0,2011
2090,Downtown Core,Phillip,Central Region,0,0,0,0,0,0,0,2011
2091,Downtown Core,Raffles Place,Central Region,50,0,0,0,0,0,0,2011
2092,Downtown Core,Tanjong Pagar,Central Region,440,50,60,330,11.36337811,13.63605373,74.99829549,2011
2093,Geylang,Aljunied,Central Region,41820,10590,5640,25580,25.32886263,13.48959256,61.18152088,2011
2094,Geylang,Geylang East,Central Region,33760,9080,4360,20310,26.90369573,12.91851469,60.17775995,2011
2095,Geylang,Kallang Way,Central Region,50,0,0,0,0,0,0,2011
2096,Geylang,Kampong Ubi,Central Region,13800,4360,1020,8440,31.54845763,7.380602474,61.07086753,2011
2097,Geylang,Macpherson,Central Region,29870,7870,4660,17360,26.3298674,15.59049328,58.07960586,2011
2098,Hougang,Defu Industrial Park,North East Region,20,0,0,0,0,0,0,2011
2099,Hougang,Hougang Central,North East Region,5060,1630,500,2950,32.08655101,9.84250031,58.07075183,2011
2100,Hougang,Hougang East,North East Region,19240,5930,1680,11620,30.83721745,8.736344911,60.42638563,2011
2101,Hougang,Hougang West,North East Region,52870,15800,4720,32380,29.86766921,8.922493587,61.2098183,2011
2102,Hougang,Kangkar,North East Region,25330,7350,2770,15230,28.9940714,10.92701739,60.07887176,2011
2103,Hougang,Kovan,North East Region,24600,7670,2600,14340,31.16617994,10.56480676,58.26897267,2011
2104,Hougang,Lorong Ah Soo,North East Region,33900,9010,4410,20500,26.56249217,13.00117541,60.43630294,2011
2105,Hougang,Lorong Halus,North East Region,0,0,0,0,0,0,0,2011
2106,Hougang,Tai Seng,North East Region,12820,3850,1530,7460,29.98440032,11.91587857,58.09964322,2011
2107,Hougang,Trafalgar,North East Region,43590,14200,3480,25920,32.56879987,7.981649545,59.44952765,2011
2108,Jurong East,International Business Park,West Region,10,0,0,0,0,0,0,2011
2109,Jurong East,Jurong Gateway,West Region,30,0,0,0,0,0,0,2011
2110,Jurong East,Jurong Port,West Region,0,0,0,0,0,0,0,2011
2111,Jurong East,Jurong River,West Region,10,0,0,0,0,0,0,2011
2112,Jurong East,Lakeside,West Region,1100,230,150,720,20.90890083,13.63623967,65.45395042,2011
2113,Jurong East,Penjuru Crescent,West Region,10,0,0,0,0,0,0,2011
2114,Jurong East,Teban Gardens,West Region,19260,5400,2120,11760,28.00828423,10.99584492,60.99581899,2011
2115,Jurong East,Toh Guan,West Region,17280,5490,1110,10680,31.77081495,6.423607394,61.80551979,2011
2116,Jurong East,Yuhua East,West Region,28810,7830,3110,17900,27.14978254,10.7836301,62.06655268,2011
2117,Jurong East,Yuhua West,West Region,20040,5760,1970,12320,28.72816522,9.825431509,61.44635339,2011
2118,Jurong West,Boon Lay Place,West Region,27600,8560,2370,16640,31.04822958,8.596297208,60.35543694,2011
2119,Jurong West,Boon Lay Place,North Region,27600,8560,2370,16640,31.04822958,8.596297208,60.35543694,2011
2120,Jurong West,Chin Bee,West Region,10,0,0,0,0,0,0,2011
2121,Jurong West,Chin Bee,North Region,10,0,0,0,0,0,0,2011
2122,Jurong West,Hong Kah,West Region,58770,17420,5070,36280,29.64096824,8.626848966,61.73216578,2011
2123,Jurong West,Hong Kah,North Region,58770,17420,5070,36280,29.64096824,8.626848966,61.73216578,2011
2124,Jurong West,Jurong West Central,West Region,69680,22620,3250,43820,32.45802375,4.66350916,62.87845274,2011
2125,Jurong West,Jurong West Central,North Region,69680,22620,3250,43820,32.45802375,4.66350916,62.87845274,2011
2126,Jurong West,Kian Teck,West Region,30,0,0,0,0,0,0,2011
2127,Jurong West,Kian Teck,North Region,30,0,0,0,0,0,0,2011
2128,Jurong West,Safti,West Region,0,0,0,0,0,0,0,2011
2129,Jurong West,Safti,North Region,0,0,0,0,0,0,0,2011
2130,Jurong West,Taman Jurong,West Region,34090,11190,2530,20370,32.8248657,7.421529064,59.7535759,2011
2131,Jurong West,Taman Jurong,North Region,34090,11190,2530,20370,32.8248657,7.421529064,59.7535759,2011
2132,Jurong West,Wenya,West Region,8660,2740,440,5490,31.60319308,5.074965311,63.32172627,2011
2133,Jurong West,Wenya,North Region,8660,2740,440,5490,31.60319308,5.074965311,63.32172627,2011
2134,Jurong West,Yunnan,West Region,73030,25500,4120,43390,34.92671758,5.643061821,59.4302069,2011
2135,Jurong West,Yunnan,North Region,73030,25500,4120,43390,34.92671758,5.643061821,59.4302069,2011
2136,Kallang,Bendemeer,Central Region,33810,8160,4820,20850,24.12059589,14.24770492,61.63166963,2011
2137,Kallang,Boon Keng,Central Region,11370,2690,1720,6950,23.67955662,15.14083174,61.17952361,2011
2138,Kallang,Crawford,Central Region,10000,1900,2360,5760,18.96205692,23.55287071,57.48497257,2011
2139,Kallang,Geylang Bahru,Central Region,13480,3220,2190,8080,23.86951529,16.23423556,59.89617502,2011
2140,Kallang,Kallang Bahru,Central Region,20,0,0,0,0,0,0,2011
2141,Kallang,Kampong Bugis,Central Region,880,210,110,570,23.5952405,12.35941169,64.04422422,2011
2142,Kallang,Kampong Java,Central Region,11720,2880,1710,7150,24.53149529,14.56557533,60.90284421,2011
2143,Kallang,Lavender,Central Region,10510,2580,1520,6440,24.47815514,14.42123869,61.10051129,2011
2144,Kallang,Tanjong Rhu,Central Region,11130,2960,1170,7010,26.57089177,10.50268357,62.9263349,2011
2145,Lim Chu Kang,Lim Chu Kang,NA,90,0,0,0,0,0,0,2011
2146,Mandai,Mandai East,North Region,0,0,0,0,0,0,0,2011
2147,Mandai,Mandai Estate,North Region,2080,740,170,1180,35.40652916,8.133932374,56.45906,2011
2148,Mandai,Mandai West,North Region,0,0,0,0,0,0,0,2011
2149,Marina East,Marina East,NA,0,0,0,0,0,0,0,2011
2150,Marina South,Marina South,NA,0,0,0,0,0,0,0,2011
2151,Marine Parade,East Coast,Central Region,0,0,0,0,0,0,0,2011
2152,Marine Parade,Katong,Central Region,9500,2750,1200,5560,28.91689914,12.61828326,58.46471245,2011
2153,Marine Parade,Marina East (Mp),Central Region,0,0,0,0,0,0,0,2011
2154,Marine Parade,Marine Parade,Central Region,28980,7550,4900,16540,26.04345428,16.9023743,57.05413693,2011
2155,Marine Parade,Mountbatten,Central Region,10030,2910,1120,6000,29.01293219,11.16648937,59.82047874,2011
2156,Museum,Bras Basah,Central Region,10,0,0,0,0,0,0,2011
2157,Museum,Dhoby Ghaut,Central Region,200,50,0,140,26.31440451,0,73.68033261,2011
2158,Museum,Fort Canning,Central Region,150,40,10,80,30.76686409,7.691716022,61.53372817,2011
2159,Newton,Cairnhill,Central Region,3020,790,370,1870,26.07252121,12.21118082,61.71596793,2011
2160,Newton,Goodwood Park,Central Region,780,240,80,470,30.37936229,10.1264541,59.49291781,2011
2161,Newton,Istana Negara,Central Region,30,0,0,0,0,0,0,2011
2162,Newton,Monk's Hill,Central Region,1050,290,150,620,27.35823247,14.1508099,58.49001425,2011
2163,Newton,Newton Circus,Central Region,160,40,10,110,24.9984376,6.249609399,68.74570339,2011
2164,Newton,Orange Grove,Central Region,1430,380,150,900,26.57324075,10.48943714,62.93662282,2011
2165,North-Eastern Islands,North-Eastern Islands,NA,60,0,0,0,0,0,0,2011
2166,Novena,Balestier,Central Region,32520,8300,4900,19330,25.51490147,15.06301412,59.42205367,2011
2167,Novena,Dunearn,Central Region,3770,1170,550,2070,30.87063095,14.51183506,54.61727014,2011
2168,Novena,Malcolm,Central Region,2700,840,350,1520,30.99619559,12.91508149,56.08835392,2011
2169,Novena,Moulmein,Central Region,7450,2310,670,4490,30.92365338,8.969198167,60.10701458,2011
2170,Novena,Mount Pleasant,Central Region,650,200,90,370,30.30257117,13.63615703,56.05975667,2011
2171,Orchard,Boulevard,Central Region,390,80,60,250,20.51229456,15.38422092,64.10092049,2011
2172,Orchard,Somerset,Central Region,120,20,20,100,14.28469395,14.28469395,71.42346975,2011
2173,Orchard,Tanglin,Central Region,370,100,20,240,27.77700619,5.555401239,66.66481487,2011
2174,Outram,China Square,Central Region,1690,260,350,1090,15.29402768,20.58811419,64.1172699,2011
2175,Outram,Chinatown,Central Region,11570,2640,1740,7210,22.77823746,15.01292924,62.20874702,2011
2176,Outram,Pearl's Hill,Central Region,8350,1610,1910,4850,19.23534142,22.81956652,57.94497259,2011
2177,Outram,People's Park,Central Region,440,70,50,330,15.55520988,11.1108642,73.33170374,2011
2178,Pasir Ris,Flora Drive,East Region,11940,4060,1000,6880,34.00332161,8.375202366,57.62139228,2011
2179,Pasir Ris,Loyang East,East Region,2250,730,190,1330,32.44430025,8.444406914,59.1108484,2011
2180,Pasir Ris,Loyang West,East Region,210,0,170,40,0,80.94852626,19.04671206,2011
2181,Pasir Ris,Pasir Ris Central,East Region,22280,8090,1370,12820,36.31057616,6.149009807,57.54036915,2011
2182,Pasir Ris,Pasir Ris Drive,East Region,60910,22500,3770,34660,36.9276158,6.187427181,56.88494061,2011
2183,Pasir Ris,Pasir Ris Park,East Region,1730,590,100,1060,33.71409306,5.714253061,60.57108245,2011
2184,Pasir Ris,Pasir Ris Wafer Fab Park,East Region,30,0,0,0,0,0,0,2011
2185,Pasir Ris,Pasir Ris West,East Region,36540,13720,2110,20710,37.54788244,5.774492125,56.67759806,2011
2186,Paya Lebar,Airport Road,NA,0,0,0,0,0,0,0,2011
2187,Paya Lebar,Paya Lebar East,NA,10,0,0,0,0,0,0,2011
2188,Paya Lebar,Paya Lebar North,NA,30,0,0,0,0,0,0,2011
2189,Paya Lebar,Paya Lebar West,NA,0,0,0,0,0,0,0,2011
2190,Paya Lebar,Plab,NA,0,0,0,0,0,0,0,2011
2191,Pioneer,Benoi Sector,NA,10,0,0,0,0,0,0,2011
2192,Pioneer,Gul Basin,NA,10,0,0,0,0,0,0,2011
2193,Pioneer,Gul Circle,NA,20,0,0,0,0,0,0,2011
2194,Pioneer,Joo Koon,NA,40,0,0,0,0,0,0,2011
2195,Pioneer,Pioneer Sector,NA,10,0,0,0,0,0,0,2011
2196,Punggol,Coney Island,North East Region,0,0,0,0,0,0,0,2011
2197,Punggol,Matilda,North East Region,10910,3300,550,7070,30.21975255,5.036625424,64.74353045,2011
2198,Punggol,Northshore,North East Region,260,90,30,150,33.33209881,11.1106996,55.55349802,2011
2199,Punggol,Punggol Canal,North East Region,0,0,0,0,0,0,0,2011
2200,Punggol,Punggol Field,North East Region,42860,14570,2390,25900,33.99439244,5.576293613,60.42929061,2011
2201,Punggol,Punggol Town Centre,North East Region,4160,1240,150,2780,29.73613972,3.597113676,66.66650679,2011
2202,Punggol,Waterway East,North East Region,16540,5160,790,10620,31.14059678,4.767649507,64.09169337,2011
2203,Queenstown,Commonwealth,Central Region,8540,1750,1750,5060,20.44390135,20.44390135,59.11208048,2011
2204,Queenstown,Dover,Central Region,12260,3370,1590,7310,27.46534029,12.95842465,59.57615356,2011
2205,Queenstown,Ghim Moh,Central Region,11500,2700,2330,6470,23.47824045,20.26085195,56.26082064,2011
2206,Queenstown,Holland Drive,Central Region,14910,3030,3000,8880,20.32191796,20.12071085,59.55730412,2011
2207,Queenstown,Kent Ridge,Central Region,1200,300,90,820,24.79318353,7.437955058,67.76803497,2011
2208,Queenstown,Margaret Drive,Central Region,9250,2300,1320,5660,24.78445605,14.2241226,60.99131359,2011
2209,Queenstown,Mei Chin,Central Region,17230,4450,2640,10130,25.84202913,15.33100155,58.82691125,2011
2210,Queenstown,National University Of S'pore,Central Region,380,250,0,130,65.78774243,0,34.20962606,2011
2211,Queenstown,One North,Central Region,550,110,30,410,19.99963637,5.454446283,74.5440992,2011
2212,Queenstown,Pasir Panjang 1,Central Region,3960,1150,350,2470,28.96718144,8.8160987,62.21646797,2011
2213,Queenstown,Pasir Panjang 2,Central Region,3490,1020,300,2180,29.14277388,8.571404082,62.28553633,2011
2214,Queenstown,Port,Central Region,260,40,50,190,14.2852041,17.85650512,67.85471947,2011
2215,Queenstown,Queensway,Central Region,280,70,20,190,24.99910717,7.14260205,67.85471947,2011
2216,Queenstown,Singapore Polytechnic,Central Region,130,40,0,90,30.76686409,0,69.2254442,2011
2217,Queenstown,Tanglin Halt,Central Region,13910,2940,2580,8400,21.12067448,18.53446944,60.34478424,2011
2218,River Valley,Institution Hill,Central Region,3010,830,240,1960,27.39264887,7.920765938,64.68625516,2011
2219,River Valley,Leonie Hill,Central Region,2280,590,200,1500,25.76407963,8.733586316,65.50189737,2011
2220,River Valley,One Tree Hill,Central Region,1770,450,260,1080,25.13952436,14.52505852,60.33485846,2011
2221,River Valley,Oxley,Central Region,1390,310,230,860,22.14269898,16.42845408,61.42813266,2011
2222,River Valley,Paterson,Central Region,140,50,10,100,31.248047,6.249609399,62.49609399,2011
2223,Rochor,Bencoolen,Central Region,1510,320,260,960,20.77908585,16.88300725,62.33725755,2011
2224,Rochor,Farrer Park,Central Region,3410,820,500,2110,23.90663584,14.57721698,61.51585564,2011
2225,Rochor,Kampong Glam,Central Region,170,10,40,110,6.249609399,24.9984376,68.74570339,2011
2226,Rochor,Little India,Central Region,4040,890,700,2450,22.02964844,17.32668979,60.64341425,2011
2227,Rochor,Mackenzie,Central Region,90,0,0,0,0,0,0,2011
2228,Rochor,Mount Emily,Central Region,1020,240,70,710,23.52918109,6.862677817,69.60716071,2011
2229,Rochor,Rochor Canal,Central Region,0,0,0,0,0,0,0,2011
2230,Rochor,Selegie,Central Region,290,70,40,180,24.13709872,13.79262784,62.06682528,2011
2231,Rochor,Sungei Road,Central Region,2490,590,490,1420,23.5999056,19.5999216,56.7997728,2011
2232,Rochor,Victoria,Central Region,2240,390,450,1400,17.41063656,20.08919603,62.49972098,2011
2233,Seletar,Pulau Punggol Barat,NA,0,0,0,0,0,0,0,2011
2234,Seletar,Pulau Punggol Timor,NA,0,0,0,0,0,0,0,2011
2235,Seletar,Seletar,NA,280,80,30,190,26.66577781,9.999666678,63.33122229,2011
2236,Seletar,Seletar Aerospace Park,NA,20,0,0,0,0,0,0,2011
2237,Sembawang,Admiralty,North Region,12340,4110,850,7370,33.3333063,6.893749478,59.77286312,2011
2238,Sembawang,Sembawang Central,North Region,29800,10170,1480,18170,34.10461633,4.963110341,60.93223979,2011
2239,Sembawang,Sembawang East,North Region,110,20,20,80,16.66527789,16.66527789,66.66111157,2011
2240,Sembawang,Sembawang North,North Region,26050,8750,1290,16010,33.58923855,4.952013454,61.45870961,2011
2241,Sembawang,Sembawang Springs,North Region,3640,1130,510,2020,30.87423258,13.93438816,55.19110604,2011
2242,Sembawang,Sembawang Straits,North Region,1340,440,130,790,32.35270329,9.558753244,58.08780818,2011
2243,Sembawang,Senoko North,North Region,20,0,0,0,0,0,0,2011
2244,Sembawang,Senoko South,North Region,20,0,0,0,0,0,0,2011
2245,Sembawang,The Wharves,North Region,0,0,0,0,0,0,0,2011
2246,Sengkang,Anchorvale,North East Region,31130,10430,1700,19020,33.48313532,5.457462132,61.05937045,2011
2247,Sengkang,Compassvale,North East Region,14730,4630,780,9320,31.43242944,5.295312087,63.27219058,2011
2248,Sengkang,Fernvale,North East Region,20680,6330,1440,12890,30.63890095,6.969986946,62.3910637,2011
2249,Sengkang,Lorong Halus North,North East Region,0,0,0,0,0,0,0,2011
2250,Sengkang,Rivervale,North East Region,55890,18690,3440,33730,33.45864063,6.158251672,60.3830898,2011
2251,Sengkang,Sengkang Town Centre,North East Region,55340,18540,3160,33660,33.48987834,5.708091454,60.80201214,2011
2252,Sengkang,Sengkang West,North East Region,10,0,0,0,0,0,0,2011
2253,Serangoon,Lorong Chuan,North East Region,8430,2750,990,4680,32.66029375,11.75770575,55.58188173,2011
2254,Serangoon,Seletar Hills,North East Region,12380,3850,1600,6930,31.09852092,12.92406064,55.97733766,2011
2255,Serangoon,Serangoon Central,North East Region,27470,7430,3090,16970,27.02800035,11.24044698,61.73151629,2011
2256,Serangoon,Serangoon Garden,North East Region,40170,11000,5410,23780,27.36998573,13.46105662,59.16893278,2011
2257,Serangoon,Serangoon North,North East Region,18410,6260,1210,10950,33.98478068,6.568943231,59.4462218,2011
2258,Serangoon,Serangoon North Ind Estate,North East Region,20,0,0,0,0,0,0,2011
2259,Serangoon,Upper Paya Lebar,North East Region,16430,4690,1940,9840,28.47599971,11.77898496,59.74495462,2011
2260,Simpang,Pulau Seletar,NA,0,0,0,0,0,0,0,2011
2261,Simpang,Simpang North,NA,0,0,0,0,0,0,0,2011
2262,Simpang,Simpang South,NA,0,0,0,0,0,0,0,2011
2263,Simpang,Tanjong Irau,NA,0,0,0,0,0,0,0,2011
2264,Singapore River,Boat Quay,Central Region,170,20,30,120,11.76401388,17.64602082,70.58408329,2011
2265,Singapore River,Clarke Quay,Central Region,120,20,10,100,15.38343204,7.691716022,76.91716022,2011
2266,Singapore River,Robertson Quay,Central Region,2050,520,120,1430,25.12065159,5.797073444,69.08179188,2011
2267,Southern Islands,Sentosa,Central Region,1070,300,60,730,27.52268328,5.504536656,66.97186264,2011
2268,Southern Islands,Southern Group,Central Region,0,0,0,0,0,0,0,2011
2269,Straits View,Straits View,NA,0,0,0,0,0,0,0,2011
2270,Sungei Kadut,Gali Batu,North Region,150,0,100,30,0,76.91716022,23.07514807,2011
2271,Sungei Kadut,Kranji,North Region,10,0,0,0,0,0,0,2011
2272,Sungei Kadut,Pang Sua,North Region,10,0,0,0,0,0,0,2011
2273,Sungei Kadut,Reservoir View,North Region,20,0,0,0,0,0,0,2011
2274,Sungei Kadut,Turf Club,North Region,690,170,120,400,24.6373241,17.3910523,57.97017435,2011
2275,Tampines,Simei,East Region,42790,13570,3320,25910,31.70560007,7.757007533,60.53736903,2011
2276,Tampines,Tampines East,East Region,138010,44190,11280,82540,32.01941656,8.173320182,59.80725601,2011
2277,Tampines,Tampines North,East Region,0,0,0,0,0,0,0,2011
2278,Tampines,Tampines West,East Region,77140,25220,5890,46040,32.68956154,7.634477299,59.67594819,2011
2279,Tampines,Xilin,East Region,2050,710,110,1250,34.29935121,5.31398399,60.38618171,2011
2280,Tanglin,Chatsworth,Central Region,5150,1310,530,3310,25.43684381,10.29124215,64.27171986,2011
2281,Tanglin,Nassim,Central Region,7820,2310,860,4650,29.53960417,10.99742839,59.46283956,2011
2282,Tanglin,Ridout,Central Region,1310,350,190,770,26.7173533,14.50370608,58.77817727,2011
2283,Tanglin,Tyersall,Central Region,3500,1030,440,2050,29.26128051,12.49996449,58.23847091,2011
2284,Tengah,Tengah,NA,10,0,0,0,0,0,0,2011
2285,Toa Payoh,Bidadari,Central Region,0,0,0,0,0,0,0,2011
2286,Toa Payoh,Boon Teck,Central Region,16980,4410,3020,9560,25.95642969,17.7751514,56.26836005,2011
2287,Toa Payoh,Braddell,Central Region,10690,2770,1670,6240,25.9363053,15.63668948,58.42691159,2011
2288,Toa Payoh,Joo Seng,Central Region,6970,1810,1020,4140,25.9683989,14.63412535,59.39733229,2011
2289,Toa Payoh,Kim Keat,Central Region,8940,2350,1250,5360,26.2276493,13.95087729,59.82136181,2011
2290,Toa Payoh,Lorong 8 Toa Payoh,Central Region,8600,2120,1520,4960,24.65113413,17.67439805,57.67435154,2011
2291,Toa Payoh,Pei Chun,Central Region,12200,3050,1970,7190,24.97950452,16.13430292,58.88611066,2011
2292,Toa Payoh,Potong Pasir,Central Region,13230,3120,1690,8440,23.54715204,12.75470735,63.69806513,2011
2293,Toa Payoh,Sennett,Central Region,4480,1190,830,2470,26.50328173,18.48548221,55.01101334,2011
2294,Toa Payoh,Toa Payoh Central,Central Region,27970,7360,4000,16630,26.295096,14.29081304,59.41405523,2011
2295,Toa Payoh,Toa Payoh West,Central Region,14090,2970,2830,8290,21.07876432,20.08515253,58.83601218,2011
2296,Toa Payoh,Woodleigh,Central Region,2040,690,120,1250,33.49498303,5.825214441,60.67931709,2011
2297,Tuas,Tengeh,NA,0,0,0,0,0,0,0,2011
2298,Tuas,Tuas Bay,NA,20,0,0,0,0,0,0,2011
2299,Tuas,Tuas North,NA,20,0,0,0,0,0,0,2011
2300,Tuas,Tuas Promenade,NA,10,0,0,0,0,0,0,2011
2301,Tuas,Tuas View,NA,10,0,0,0,0,0,0,2011
2302,Tuas,Tuas View Extension,NA,0,0,0,0,0,0,0,2011
2303,Western Islands,Jurong Island And Bukom,NA,10,0,0,0,0,0,0,2011
2304,Western Islands,Semakau,NA,0,0,0,0,0,0,0,2011
2305,Western Islands,Sudong,NA,0,0,0,0,0,0,0,2011
2306,Western Water Catchment,Western Water Catchment,NA,1050,410,70,560,39.42269786,6.730704512,53.8456361,2011
2307,Woodlands,Greenwood Park,North Region,30,0,0,0,0,0,0,2011
2308,Woodlands,Midview,North Region,34940,13580,1800,19560,38.86661738,5.151687135,55.98166686,2011
2309,Woodlands,North Coast,North Region,15230,4520,1580,9140,29.65877319,10.36744727,59.97371393,2011
2310,Woodlands,Senoko West,North Region,10,0,0,0,0,0,0,2011
2311,Woodlands,Woodgrove,North Region,36250,13550,1990,20710,37.37930003,5.489653658,57.13101872,2011
2312,Woodlands,Woodlands East,North Region,95000,34590,4290,56130,36.4066902,4.515313702,59.07798557,2011
2313,Woodlands,Woodlands Regional Centre,North Region,0,0,0,0,0,0,0,2011
2314,Woodlands,Woodlands South,North Region,34060,12510,1690,19860,36.72929045,4.961830604,58.30884959,2011
2315,Woodlands,Woodlands West,North Region,32320,10200,3030,19120,31.53012936,9.366303133,59.1035366,2011
2316,Yishun,Khatib,North Region,11460,3380,920,7150,29.51962487,8.03492748,62.44536031,2011
2317,Yishun,Lower Seletar,North Region,1070,460,60,550,42.99025243,5.60742423,51.40138877,2011
2318,Yishun,Nee Soon,North Region,890,260,90,530,29.54511881,10.22715651,60.22658833,2011
2319,Yishun,Northland,North Region,32300,10150,2270,19900,31.40469325,7.023512678,61.57176313,2011
2320,Yishun,Springleaf,North Region,3890,1270,440,2200,32.48073534,11.25316815,56.26584075,2011
2321,Yishun,Yishun Central,North Region,1570,500,130,950,31.64536933,8.227796027,60.12620173,2011
2322,Yishun,Yishun East,North Region,36530,12420,2140,21990,33.98083886,5.854991558,60.16414223,2011
2323,Yishun,Yishun South,North Region,39720,12280,3230,24220,30.90862549,8.129874621,60.96147471,2011
2324,Yishun,Yishun West,North Region,59770,17280,5390,37070,28.92533831,9.022429022,62.05221593,2011
2325,Ang Mo Kio,Ang Mo Kio Town Centre,North East Region,4960,1470,500,2980,29.6969097,10.10098969,60.20189858,2010
2326,Ang Mo Kio,Cheng San,North East Region,30140,7230,3580,19340,23.98009155,11.87395958,64.14591571,2010
2327,Ang Mo Kio,Chong Boon,North East Region,29860,7110,4080,18660,23.8190875,13.66833713,62.51254187,2010
2328,Ang Mo Kio,Kebun Bahru,North East Region,25700,6330,3480,15890,24.63034061,13.54085076,61.82876972,2010
2329,Ang Mo Kio,Sembawang Hills,North East Region,6890,2250,860,3800,32.56145794,12.44571281,54.99268453,2010
2330,Ang Mo Kio,Shangri-La,North East Region,20160,5000,2850,12300,24.81388347,14.14391358,61.04215333,2010
2331,Ang Mo Kio,Tagore,North East Region,7270,2390,780,4110,32.82962523,10.714271,56.45596641,2010
2332,Ang Mo Kio,Townsville,North East Region,22380,5170,3280,13950,23.08034684,14.64285061,62.27675791,2010
2333,Ang Mo Kio,Yio Chu Kang,North East Region,10,0,0,0,0,0,0,2010
2334,Ang Mo Kio,Yio Chu Kang East,North East Region,3810,1260,310,2230,33.15780748,8.157873269,58.68405609,2010
2335,Ang Mo Kio,Yio Chu Kang North,North East Region,0,0,0,0,0,0,0,2010
2336,Ang Mo Kio,Yio Chu Kang West,North East Region,27590,7790,2600,17250,28.18378141,9.406653616,62.4095288,2010
2337,Bedok,Bayshore,East Region,6750,1910,480,4340,28.38034416,7.132233087,64.48727416,2010
2338,Bedok,Bedok North,East Region,90800,25070,10340,55400,27.60708869,11.38640993,61.00649036,2010
2339,Bedok,Bedok Reservoir,East Region,23000,7160,1770,14070,31.13042125,7.695648828,61.17388645,2010
2340,Bedok,Bedok South,East Region,53340,15020,6860,31480,28.14842051,12.85606955,58.99549119,2010
2341,Bedok,Frankel,East Region,31860,9330,3960,18570,29.28435992,12.42937463,58.28623406,2010
2342,Bedok,Kaki Bukit,East Region,43570,13870,3440,26280,31.81921729,7.891716474,60.28904329,2010
2343,Bedok,Kembangan,East Region,38740,10660,4850,23260,27.49547911,12.5096692,59.9948259,2010
2344,Bedok,Siglap,East Region,7330,1900,1210,4260,25.78015498,16.41788817,57.80182116,2010
2345,Bishan,Bishan East,Central Region,30250,8760,2920,18580,28.94909817,9.649699389,61.4011694,2010
2346,Bishan,Marymount,Central Region,29010,9400,2300,17340,32.36913486,7.920107466,59.71072324,2010
2347,Bishan,Upper Thomson,Central Region,31550,9050,4040,18470,28.67552957,12.80100989,58.52342886,2010
2348,Boon Lay,Liu Fang,NA,0,0,0,0,0,0,0,2010
2349,Boon Lay,Samulun,NA,10,0,0,0,0,0,0,2010
2350,Boon Lay,Shipyard,NA,10,0,0,0,0,0,0,2010
2351,Boon Lay,Tukang,NA,10,0,0,0,0,0,0,2010
2352,Bukit Batok,Brickworks,West Region,0,0,0,0,0,0,0,2010
2353,Bukit Batok,Bukit Batok Central,West Region,26440,8090,2060,16300,30.58599978,7.788276829,61.62568559,2010
2354,Bukit Batok,Bukit Batok East,West Region,15540,4520,1140,9890,29.06750542,7.331184996,63.60124527,2010
2355,Bukit Batok,Bukit Batok South,West Region,14480,5150,700,8640,35.5417284,4.83091454,59.62728804,2010
2356,Bukit Batok,Bukit Batok West,West Region,16010,4900,1180,9920,30.62498086,7.374995391,61.99996125,2010
2357,Bukit Batok,Gombak,West Region,8980,2490,900,5610,27.66663593,9.999988889,62.33326407,2010
2358,Bukit Batok,Guilin,West Region,13880,4320,980,8580,31.12389688,7.060513645,61.81551742,2010
2359,Bukit Batok,Hillview,West Region,18070,6320,1070,10680,34.97507749,5.921413436,59.10345373,2010
2360,Bukit Batok,Hong Kah North,West Region,29970,9480,1950,18560,31.61052631,6.502165221,61.88727513,2010
2361,Bukit Merah,Alexandra Hill,Central Region,16320,4240,2490,9600,25.96446665,15.24800046,58.78747165,2010
2362,Bukit Merah,Alexandra North,Central Region,840,240,60,570,27.58588982,6.896472454,65.51648832,2010
2363,Bukit Merah,Bukit Ho Swee,Central Region,16790,3850,2890,10050,22.93030201,17.21261631,59.85702212,2010
2364,Bukit Merah,Bukit Merah,Central Region,1280,350,170,770,27.13157262,13.17819242,59.68945977,2010
2365,Bukit Merah,City Terminals,Central Region,0,0,0,0,0,0,0,2010
2366,Bukit Merah,Depot Road,Central Region,4220,1020,540,2670,24.11341817,12.76592727,63.12041816,2010
2367,Bukit Merah,Everton Park,Central Region,8800,1830,1400,5590,20.7482758,15.87299788,63.37861295,2010
2368,Bukit Merah,Henderson Hill,Central Region,15580,3620,2760,9210,23.21999793,17.70364483,59.07629309,2010
2369,Bukit Merah,Kampong Tiong Bahru,Central Region,11550,2510,1970,7070,21.73158292,17.05626229,61.21206821,2010
2370,Bukit Merah,Maritime Square,Central Region,1830,450,130,1250,24.59002956,7.103786318,68.30563767,2010
2371,Bukit Merah,Redhill,Central Region,12080,3090,1700,7290,25.57944902,14.07283603,60.34763216,2010
2372,Bukit Merah,Singapore General Hospital,Central Region,20,0,0,0,0,0,0,2010
2373,Bukit Merah,Telok Blangah Drive,Central Region,15940,3800,2470,9690,23.80950889,15.47618078,60.71424767,2010
2374,Bukit Merah,Telok Blangah Rise,Central Region,14680,3390,2190,9110,23.07690737,14.9080906,62.01493396,2010
2375,Bukit Merah,Telok Blangah Way,Central Region,11090,2450,1890,6770,22.05218537,17.01168586,60.93603876,2010
2376,Bukit Merah,Tiong Bahru,Central Region,8450,1700,1410,5370,20.04714617,16.62733888,63.32539702,2010
2377,Bukit Merah,Tiong Bahru Station,Central Region,16890,4290,2370,10240,25.38460036,14.02366034,60.59168012,2010
2378,Bukit Panjang,Bangkit,West Region,25230,8100,2260,14890,32.07919522,8.950491505,58.97027368,2010
2379,Bukit Panjang,Dairy Farm,West Region,3730,1250,300,2200,33.33324444,7.999978667,58.66651022,2010
2380,Bukit Panjang,Fajar,West Region,23380,8190,1490,13700,35.02992514,6.372965623,58.59706647,2010
2381,Bukit Panjang,Jelebu,West Region,35030,11820,2430,20800,33.72324287,6.932950946,59.34377765,2010
2382,Bukit Panjang,Nature Reserve,West Region,3670,1240,260,2190,33.60424497,7.046051366,59.34943266,2010
2383,Bukit Panjang,Saujana,West Region,22080,7870,1130,13120,35.57864576,5.108496786,59.31281225,2010
2384,Bukit Panjang,Senja,West Region,16280,5720,880,9710,35.07048739,5.395459598,59.5339917,2010
2385,Bukit Timah,Anak Bukit,Central Region,21970,7140,2310,12520,32.49884729,10.51433295,56.98677424,2010
2386,Bukit Timah,Coronation Road,Central Region,5690,1760,760,3180,30.87713881,13.33330994,55.78937581,2010
2387,Bukit Timah,Farrer Court,Central Region,3720,980,610,2140,26.27338801,16.35384356,57.37250034,2010
2388,Bukit Timah,Hillcrest,Central Region,8420,2650,990,4780,31.47264671,11.75770575,56.76952878,2010
2389,Bukit Timah,Holland Road,Central Region,8760,2900,890,4990,33.02957514,10.13666271,56.83364825,2010
2390,Bukit Timah,Leedon Park,Central Region,5880,1640,670,3600,27.74953003,11.33669825,60.91360252,2010
2391,Bukit Timah,Swiss Club,Central Region,5300,1670,640,2990,31.50937451,12.07544891,56.4149879,2010
2392,Bukit Timah,Ulu Pandan,Central Region,10680,3290,1170,6230,30.77639778,10.94479799,58.27871068,2010
2393,Central Water Catchment,Central Water Catchment,NA,10,0,0,0,0,0,0,2010
2394,Changi,Changi Airport,East Region,0,0,0,0,0,0,0,2010
2395,Changi,Changi Point,East Region,820,180,140,500,21.95095182,17.07296252,60.97486616,2010
2396,Changi,Changi West,East Region,1600,670,60,870,41.87473828,3.749976563,54.37466016,2010
2397,Changi Bay,Changi Bay,NA,0,0,0,0,0,0,0,2010
2398,Choa Chu Kang,Choa Chu Kang Central,West Region,20230,7200,1210,11820,35.59068928,5.981213059,58.42804823,2010
2399,Choa Chu Kang,Choa Chu Kang North,West Region,34010,13520,1460,19020,39.76469419,4.294116384,55.94116002,2010
2400,Choa Chu Kang,Keat Hong,West Region,16310,5990,890,9450,36.68093283,5.450088518,57.86891741,2010
2401,Choa Chu Kang,Peng Siang,West Region,31030,10890,1700,18440,35.09505798,5.478567361,59.42634243,2010
2402,Choa Chu Kang,Teck Whye,West Region,26930,8890,2270,15770,33.01149907,8.429257917,58.55920588,2010
2403,Choa Chu Kang,Yew Tee,West Region,45260,15960,2160,27170,35.23955945,4.769263685,59.99115478,2010
2404,Clementi,Clementi Central,West Region,13750,3360,1730,8680,24.40085374,12.56353481,63.03553883,2010
2405,Clementi,Clementi North,West Region,29300,6380,4350,18580,21.76730748,14.84134601,63.39131239,2010
2406,Clementi,Clementi West,West Region,17300,4500,1780,11000,26.0416516,10.30091996,63.65737057,2010
2407,Clementi,Clementi Woods,West Region,15110,3950,1790,9360,26.15892307,11.85429679,61.98671392,2010
2408,Clementi,Faber,West Region,4370,1450,380,2560,33.02953752,8.656016729,58.31421796,2010
2409,Clementi,Pandan,West Region,10,0,0,0,0,0,0,2010
2410,Clementi,Sunset Way,West Region,6670,1890,760,4020,28.3357896,11.39428577,60.26977471,2010
2411,Clementi,Toh Tuck,West Region,40,0,0,0,0,0,0,2010
2412,Clementi,West Coast,West Region,5110,1640,360,3110,32.09387066,7.044995998,60.86093765,2010
2413,Downtown Core,Anson,Central Region,60,0,0,0,0,0,0,2010
2414,Downtown Core,Bayfront Subzone,Central Region,0,0,0,0,0,0,0,2010
2415,Downtown Core,Bugis,Central Region,2630,500,510,1620,19.01133456,19.39156125,61.59672397,2010
2416,Downtown Core,Cecil,Central Region,70,0,0,0,0,0,0,2010
2417,Downtown Core,Central Subzone,Central Region,300,50,0,250,16.66611113,0,83.33055565,2010
2418,Downtown Core,City Hall,Central Region,80,0,0,0,0,0,0,2010
2419,Downtown Core,Clifford Pier,Central Region,0,0,0,0,0,0,0,2010
2420,Downtown Core,Marina Centre,Central Region,20,0,0,0,0,0,0,2010
2421,Downtown Core,Maxwell,Central Region,0,0,0,0,0,0,0,2010
2422,Downtown Core,Phillip,Central Region,10,0,0,0,0,0,0,2010
2423,Downtown Core,Raffles Place,Central Region,70,0,0,0,0,0,0,2010
2424,Downtown Core,Tanjong Pagar,Central Region,460,70,70,320,15.2170605,15.2170605,69.56370514,2010
2425,Geylang,Aljunied,Central Region,42450,10880,5370,26210,25.62411078,12.64719438,61.72867128,2010
2426,Geylang,Geylang East,Central Region,33660,9120,4050,20490,27.0944661,12.03208199,60.8734222,2010
2427,Geylang,Kallang Way,Central Region,50,0,0,0,0,0,0,2010
2428,Geylang,Kampong Ubi,Central Region,13930,4560,930,8470,32.66473305,6.661886345,60.67330897,2010
2429,Geylang,Macpherson,Central Region,30030,7900,4540,17600,26.29826022,15.11317739,58.5885291,2010
2430,Hougang,Defu Industrial Park,North East Region,30,0,0,0,0,0,0,2010
2431,Hougang,Hougang Central,North East Region,5100,1660,460,2970,32.61290253,9.037310339,58.34959067,2010
2432,Hougang,Hougang East,North East Region,19350,6110,1540,11710,31.55990105,7.954541346,60.48550595,2010
2433,Hougang,Hougang West,North East Region,53350,16330,4410,32650,30.58624638,8.259972231,61.15376266,2010
2434,Hougang,Kangkar,North East Region,25580,7510,2650,15450,29.32447117,10.34751646,60.32797332,2010
2435,Hougang,Kovan,North East Region,23450,7400,2370,13700,31.52959884,10.09799314,58.37236541,2010
2436,Hougang,Lorong Ah Soo,North East Region,34280,9260,4160,20890,26.98920811,12.12474144,60.88602131,2010
2437,Hougang,Lorong Halus,North East Region,0,0,0,0,0,0,0,2010
2438,Hougang,Tai Seng,North East Region,12890,3910,1480,7500,30.3335684,11.48175991,58.18459412,2010
2439,Hougang,Trafalgar,North East Region,43200,14150,3240,25810,32.75462205,7.499998264,59.74535654,2010
2440,Jurong East,International Business Park,West Region,10,0,0,0,0,0,0,2010
2441,Jurong East,Jurong Gateway,West Region,20,0,0,0,0,0,0,2010
2442,Jurong East,Jurong Port,West Region,0,0,0,0,0,0,0,2010
2443,Jurong East,Jurong River,West Region,20,0,0,0,0,0,0,2010
2444,Jurong East,Lakeside,West Region,1100,250,150,730,22.12369802,13.27421881,64.60119822,2010
2445,Jurong East,Penjuru Crescent,West Region,10,0,0,0,0,0,0,2010
2446,Jurong East,Teban Gardens,West Region,19230,5430,1890,11910,28.2371148,9.828388025,61.93444517,2010
2447,Jurong East,Toh Guan,West Region,17500,5660,1050,10800,32.3243676,5.996569962,61.67900532,2010
2448,Jurong East,Yuhua East,West Region,29230,8030,2850,18370,27.45298207,9.743586412,62.80339733,2010
2449,Jurong East,Yuhua West,West Region,19880,5900,1790,12190,29.67805348,9.004019616,61.3178766,2010
2450,Jurong West,Boon Lay Place,West Region,26340,8090,2090,16180,30.69042842,7.92867681,61.38085684,2010
2451,Jurong West,Boon Lay Place,North Region,26340,8090,2090,16180,30.69042842,7.92867681,61.38085684,2010
2452,Jurong West,Chin Bee,West Region,10,0,0,0,0,0,0,2010
2453,Jurong West,Chin Bee,North Region,10,0,0,0,0,0,0,2010
2454,Jurong West,Hong Kah,West Region,59330,17890,4640,36820,30.14321312,7.818027326,62.03874271,2010
2455,Jurong West,Hong Kah,North Region,59330,17890,4640,36820,30.14321312,7.818027326,62.03874271,2010
2456,Jurong West,Jurong West Central,West Region,69460,22650,2950,43860,32.60869096,4.24704805,63.1442466,2010
2457,Jurong West,Jurong West Central,North Region,69460,22650,2950,43860,32.60869096,4.24704805,63.1442466,2010
2458,Jurong West,Kian Teck,West Region,30,0,0,0,0,0,0,2010
2459,Jurong West,Kian Teck,North Region,30,0,0,0,0,0,0,2010
2460,Jurong West,Safti,West Region,0,0,0,0,0,0,0,2010
2461,Jurong West,Safti,North Region,0,0,0,0,0,0,0,2010
2462,Jurong West,Taman Jurong,West Region,33320,10980,2340,20010,32.94328445,7.020699964,60.03598559,2010
2463,Jurong West,Taman Jurong,North Region,33320,10980,2340,20010,32.94328445,7.020699964,60.03598559,2010
2464,Jurong West,Wenya,West Region,8370,2660,400,5330,31.70437222,4.76757477,63.52793382,2010
2465,Jurong West,Wenya,North Region,8370,2660,400,5330,31.70437222,4.76757477,63.52793382,2010
2466,Jurong West,Yunnan,West Region,73270,25850,3710,43700,35.28528047,5.064154373,59.65055151,2010
2467,Jurong West,Yunnan,North Region,73270,25850,3710,43700,35.28528047,5.064154373,59.65055151,2010
2468,Kallang,Bendemeer,Central Region,32790,7910,4520,20360,24.12320094,13.78468625,62.09208231,2010
2469,Kallang,Boon Keng,Central Region,11440,2740,1640,7060,23.95102801,14.3356518,61.71323277,2010
2470,Kallang,Crawford,Central Region,9960,1870,2280,5800,18.79395096,22.91454983,58.2913987,2010
2471,Kallang,Geylang Bahru,Central Region,13590,3260,2090,8250,23.97057061,15.36763576,60.6617201,2010
2472,Kallang,Kallang Bahru,Central Region,20,0,0,0,0,0,0,2010
2473,Kallang,Kampong Bugis,Central Region,850,210,100,570,23.86336519,11.36350723,64.77199123,2010
2474,Kallang,Kampong Java,Central Region,11820,2890,1630,7320,24.40876317,13.76688026,61.82427211,2010
2475,Kallang,Lavender,Central Region,10550,2570,1460,6510,24.38327857,13.85197927,61.76464728,2010
2476,Kallang,Tanjong Rhu,Central Region,10970,2930,1100,6960,26.66057629,10.00909007,63.33024265,2010
2477,Lim Chu Kang,Lim Chu Kang,NA,90,0,0,0,0,0,0,2010
2478,Mandai,Mandai East,North Region,0,0,0,0,0,0,0,2010
2479,Mandai,Mandai Estate,North Region,2030,710,160,1170,34.80375096,7.843098808,57.35266004,2010
2480,Mandai,Mandai West,North Region,0,0,0,0,0,0,0,2010
2481,Marina East,Marina East,NA,0,0,0,0,0,0,0,2010
2482,Marina South,Marina South,NA,0,0,0,0,0,0,0,2010
2483,Marine Parade,East Coast,Central Region,0,0,0,0,0,0,0,2010
2484,Marine Parade,Katong,Central Region,9380,2770,1130,5490,29.4994361,12.03406599,58.46639141,2010
2485,Marine Parade,Marina East (Mp),Central Region,0,0,0,0,0,0,0,2010
2486,Marine Parade,Marine Parade,Central Region,29150,7570,4730,16900,25.92464866,16.19862459,57.87669251,2010
2487,Marine Parade,Mountbatten,Central Region,9820,2870,1030,5910,29.25583154,10.49947961,60.24458691,2010
2488,Museum,Bras Basah,Central Region,10,0,0,0,0,0,0,2010
2489,Museum,Dhoby Ghaut,Central Region,190,40,0,140,22.22098772,0,77.77345703,2010
2490,Museum,Fort Canning,Central Region,150,30,10,110,19.99866676,6.666222252,73.32844477,2010
2491,Newton,Cairnhill,Central Region,2960,800,360,1830,26.75576336,12.04009351,61.20380868,2010
2492,Newton,Goodwood Park,Central Region,800,250,50,510,30.8638165,6.172763299,62.96218565,2010
2493,Newton,Istana Negara,Central Region,60,0,0,0,0,0,0,2010
2494,Newton,Monk's Hill,Central Region,1070,320,130,630,29.62935528,12.03692558,58.33279321,2010
2495,Newton,Newton Circus,Central Region,160,50,0,120,29.4100347,0,70.58408329,2010
2496,Newton,Orange Grove,Central Region,1350,340,140,880,24.99981618,10.29404196,64.70540658,2010
2497,North-Eastern Islands,North-Eastern Islands,NA,60,0,0,0,0,0,0,2010
2498,Novena,Balestier,Central Region,32600,8300,4670,19660,25.43670688,14.31197845,60.25128402,2010
2499,Novena,Dunearn,Central Region,3740,1150,520,2080,30.66658489,13.86662969,55.46651876,2010
2500,Novena,Malcolm,Central Region,2690,820,320,1550,30.48315806,11.89586656,57.62060364,2010
2501,Novena,Moulmein,Central Region,7130,2170,630,4330,30.43473992,8.835892236,60.72922759,2010
2502,Novena,Mount Pleasant,Central Region,650,190,80,400,28.3577857,11.9401203,59.70060148,2010
2503,Orchard,Boulevard,Central Region,320,70,50,210,21.21147844,15.15105603,63.63443532,2010
2504,Orchard,Somerset,Central Region,120,30,10,80,24.99791684,8.332638947,66.66111157,2010
2505,Orchard,Tanglin,Central Region,370,90,20,260,24.32366693,5.405259317,70.26837113,2010
2506,Outram,China Square,Central Region,1730,270,330,1140,15.5171522,18.96540824,65.51686485,2010
2507,Outram,Chinatown,Central Region,11140,2390,1690,7060,21.45419977,15.17054293,63.37516753,2010
2508,Outram,Pearl's Hill,Central Region,8370,1640,1870,4890,19.52378628,22.26187826,58.21421641,2010
2509,Outram,People's Park,Central Region,450,70,60,330,15.2170605,13.04319471,71.73757092,2010
2510,Pasir Ris,Flora Drive,East Region,11940,4080,950,6920,34.14223084,7.949784142,57.90790133,2010
2511,Pasir Ris,Loyang East,East Region,2240,760,180,1300,33.92841996,8.035678412,58.0354552,2010
2512,Pasir Ris,Loyang West,East Region,220,0,170,30,0,84.99575021,14.99925004,2010
2513,Pasir Ris,Pasir Ris Central,East Region,20730,7570,1250,11930,36.48191013,6.024093482,57.4939482,2010
2514,Pasir Ris,Pasir Ris Drive,East Region,61070,22910,3470,34700,37.50817984,5.681073071,56.81073071,2010
2515,Pasir Ris,Pasir Ris Park,East Region,1570,530,90,970,33.33312369,5.660341759,61.00590562,2010
2516,Pasir Ris,Pasir Ris Wafer Fab Park,East Region,40,0,0,0,0,0,0,2010
2517,Pasir Ris,Pasir Ris West,East Region,35990,13630,1970,20400,37.86110059,5.472220702,56.66665093,2010
2518,Paya Lebar,Airport Road,NA,0,0,0,0,0,0,0,2010
2519,Paya Lebar,Paya Lebar East,NA,10,0,0,0,0,0,0,2010
2520,Paya Lebar,Paya Lebar North,NA,30,0,0,0,0,0,0,2010
2521,Paya Lebar,Paya Lebar West,NA,10,0,0,0,0,0,0,2010
2522,Paya Lebar,Plab,NA,0,0,0,0,0,0,0,2010
2523,Pioneer,Benoi Sector,NA,10,0,0,0,0,0,0,2010
2524,Pioneer,Gul Basin,NA,10,0,0,0,0,0,0,2010
2525,Pioneer,Gul Circle,NA,20,0,0,0,0,0,0,2010
2526,Pioneer,Joo Koon,NA,40,0,0,0,0,0,0,2010
2527,Pioneer,Pioneer Sector,NA,10,0,0,0,0,0,0,2010
2528,Punggol,Coney Island,North East Region,0,0,0,0,0,0,0,2010
2529,Punggol,Matilda,North East Region,6640,2100,370,4180,31.57889988,5.563901408,62.85704834,2010
2530,Punggol,Northshore,North East Region,260,80,30,160,29.62853228,11.1106996,59.25706455,2010
2531,Punggol,Punggol Canal,North East Region,0,0,0,0,0,0,0,2010
2532,Punggol,Punggol Field,North East Region,42660,14490,2230,25970,33.94236731,5.223704562,60.8339047,2010
2533,Punggol,Punggol Town Centre,North East Region,3300,940,120,2250,28.39870574,3.625366691,67.97562545,2010
2534,Punggol,Waterway East,North East Region,11670,3740,570,7370,32.02052053,4.880132808,63.09926105,2010
2535,Queenstown,Commonwealth,Central Region,8540,1700,1720,5120,19.90629988,20.14049164,59.95309139,2010
2536,Queenstown,Dover,Central Region,12100,3280,1500,7330,27.08503131,12.38644724,60.52843887,2010
2537,Queenstown,Ghim Moh,Central Region,11630,2730,2220,6680,23.47375454,19.08854765,57.43761183,2010
2538,Queenstown,Holland Drive,Central Region,15180,3130,2860,9190,20.61922225,18.8405673,60.54014457,2010
2539,Queenstown,Kent Ridge,Central Region,1250,320,80,870,25.19665199,6.299162999,68.50339761,2010
2540,Queenstown,Margaret Drive,Central Region,9180,2240,1250,5700,24.37429339,13.60172622,62.02387157,2010
2541,Queenstown,Mei Chin,Central Region,17310,4510,2570,10220,26.06934909,14.85548274,59.07511036,2010
2542,Queenstown,National University Of S'pore,Central Region,260,140,0,130,51.84993148,0,48.14636495,2010
2543,Queenstown,One North,Central Region,460,90,20,350,19.56479207,4.347731571,76.08530249,2010
2544,Queenstown,Pasir Panjang 1,Central Region,3710,1080,310,2320,29.11043366,8.355772626,62.53352417,2010
2545,Queenstown,Pasir Panjang 2,Central Region,3420,990,260,2170,28.94728378,7.602316952,63.45010687,2010
2546,Queenstown,Port,Central Region,260,60,40,180,21.42780615,14.2852041,64.28341845,2010
2547,Queenstown,Queensway,Central Region,280,70,20,190,24.99910717,7.14260205,67.85471947,2010
2548,Queenstown,Singapore Polytechnic,Central Region,140,50,0,110,31.248047,0,68.74570339,2010
2549,Queenstown,Tanglin Halt,Central Region,14130,2980,2510,8660,21.06005579,17.73850337,61.20137018,2010
2550,River Valley,Institution Hill,Central Region,2790,740,210,1860,26.33442586,7.473283013,66.19193526,2010
2551,River Valley,Leonie Hill,Central Region,2340,630,180,1550,26.69480214,7.627086326,65.67768781,2010
2552,River Valley,One Tree Hill,Central Region,1740,450,250,1040,25.86192033,14.36773352,59.76977144,2010
2553,River Valley,Oxley,Central Region,1390,310,220,860,22.30199783,15.82722426,61.87005849,2010
2554,River Valley,Paterson,Central Region,120,40,0,90,30.76686409,0,69.2254442,2010
2555,Rochor,Bencoolen,Central Region,1540,310,260,960,20.26130548,16.99335298,62.74468794,2010
2556,Rochor,Farrer Park,Central Region,3450,850,490,2140,24.42521717,14.08041931,61.49407617,2010
2557,Rochor,Kampong Glam,Central Region,160,20,60,90,11.76401388,35.29204164,52.93806247,2010
2558,Rochor,Little India,Central Region,4120,960,680,2500,23.18834979,16.4250811,60.38632757,2010
2559,Rochor,Mackenzie,Central Region,90,0,0,0,0,0,0,2010
2560,Rochor,Mount Emily,Central Region,970,220,70,690,22.44875052,7.142784257,70.40744482,2010
2561,Rochor,Rochor Canal,Central Region,0,0,0,0,0,0,0,2010
2562,Rochor,Selegie,Central Region,300,80,40,180,26.66577781,13.3328889,59.99800007,2010
2563,Rochor,Sungei Road,Central Region,2500,590,460,1460,23.50588245,18.32662021,58.16709894,2010
2564,Rochor,Victoria,Central Region,2310,420,430,1470,18.10337024,18.53440287,63.36179585,2010
2565,Seletar,Pulau Punggol Barat,NA,0,0,0,0,0,0,0,2010
2566,Seletar,Pulau Punggol Timor,NA,0,0,0,0,0,0,0,2010
2567,Seletar,Seletar,NA,280,90,20,190,29.99900003,6.666444452,63.33122229,2010
2568,Seletar,Seletar Aerospace Park,NA,30,0,0,0,0,0,0,2010
2569,Sembawang,Admiralty,North Region,12270,4120,800,7360,33.55046128,6.514652675,59.93480461,2010
2570,Sembawang,Sembawang Central,North Region,29920,10310,1400,18210,34.45854463,4.679142821,60.86227912,2010
2571,Sembawang,Sembawang East,North Region,110,50,20,80,33.33111126,13.3324445,53.32977801,2010
2572,Sembawang,Sembawang North,North Region,26000,8800,1200,16020,33.82012536,4.611835276,61.56800093,2010
2573,Sembawang,Sembawang Springs,North Region,3580,1100,480,2020,30.55547068,13.3332963,56.11095525,2010
2574,Sembawang,Sembawang Straits,North Region,1190,380,100,710,31.93250477,8.403290729,59.66336417,2010
2575,Sembawang,Senoko North,North Region,20,0,0,0,0,0,0,2010
2576,Sembawang,Senoko South,North Region,20,0,0,0,0,0,0,2010
2577,Sembawang,The Wharves,North Region,0,0,0,0,0,0,0,2010
2578,Sengkang,Anchorvale,North East Region,31060,10360,1530,19180,33.34405106,4.924362754,61.731554,2010
2579,Sengkang,Compassvale,North East Region,14330,4380,730,9240,30.52262681,5.087104469,64.39019903,2010
2580,Sengkang,Fernvale,North East Region,16560,4970,1210,10390,29.9939469,7.302349244,62.70364351,2010
2581,Sengkang,Lorong Halus North,North East Region,0,0,0,0,0,0,0,2010
2582,Sengkang,Rivervale,North East Region,56250,19080,3180,34020,33.90191295,5.650318825,60.44775045,2010
2583,Sengkang,Sengkang Town Centre,North East Region,53030,17960,2900,32190,33.85484753,5.466539969,60.67859365,2010
2584,Sengkang,Sengkang West,North East Region,30,0,0,0,0,0,0,2010
2585,Serangoon,Lorong Chuan,North East Region,8540,2780,940,4820,32.55265509,11.00701287,56.44021494,2010
2586,Serangoon,Seletar Hills,North East Region,12050,3780,1470,6800,31.36926857,12.19916,56.43148844,2010
2587,Serangoon,Serangoon Central,North East Region,27720,7710,2820,17210,27.79378955,10.16582186,62.04035254,2010
2588,Serangoon,Serangoon Garden,North East Region,39980,11050,5010,23950,27.61808857,12.5218664,59.86002003,2010
2589,Serangoon,Serangoon North,North East Region,18620,6490,1090,11040,34.85497591,5.853917372,59.29105301,2010
2590,Serangoon,Serangoon North Ind Estate,North East Region,20,0,0,0,0,0,0,2010
2591,Serangoon,Upper Paya Lebar,North East Region,16680,4810,1820,10040,28.85421185,10.91780989,60.22791828,2010
2592,Simpang,Pulau Seletar,NA,0,0,0,0,0,0,0,2010
2593,Simpang,Simpang North,NA,0,0,0,0,0,0,0,2010
2594,Simpang,Simpang South,NA,0,0,0,0,0,0,0,2010
2595,Simpang,Tanjong Irau,NA,0,0,0,0,0,0,0,2010
2596,Singapore River,Boat Quay,Central Region,170,30,20,130,16.66574079,11.11049386,72.2182101,2010
2597,Singapore River,Clarke Quay,Central Region,110,30,10,70,27.27024816,9.09008272,63.63057904,2010
2598,Singapore River,Robertson Quay,Central Region,1870,440,110,1340,23.2803001,5.820075026,70.89909577,2010
2599,Southern Islands,Sentosa,Central Region,880,260,50,600,28.5711146,5.494445116,65.93334139,2010
2600,Southern Islands,Southern Group,Central Region,0,0,0,0,0,0,0,2010
2601,Straits View,Straits View,NA,0,0,0,0,0,0,0,2010
2602,Sungei Kadut,Gali Batu,North Region,150,0,120,20,0,85.7081637,14.28469395,2010
2603,Sungei Kadut,Kranji,North Region,10,0,0,0,0,0,0,2010
2604,Sungei Kadut,Pang Sua,North Region,10,0,0,0,0,0,0,2010
2605,Sungei Kadut,Reservoir View,North Region,20,0,0,0,0,0,0,2010
2606,Sungei Kadut,Turf Club,North Region,670,160,110,390,24.24205694,16.66641415,59.09001379,2010
2607,Tampines,Simei,East Region,42630,13740,3010,25870,32.23837817,7.062410356,60.69918801,2010
2608,Tampines,Tampines East,East Region,138800,45200,10430,83190,32.56014749,7.513326069,59.92651924,2010
2609,Tampines,Tampines North,East Region,0,0,0,0,0,0,0,2010
2610,Tampines,Tampines West,East Region,77370,25890,5410,46100,33.44960808,6.98966318,59.56071582,2010
2611,Tampines,Xilin,East Region,2060,710,120,1240,34.29935121,5.797073444,59.90309226,2010
2612,Tanglin,Chatsworth,Central Region,5000,1260,510,3250,25.09955159,10.15934231,64.74090689,2010
2613,Tanglin,Nassim,Central Region,7690,2260,780,4650,29.38877843,10.14302972,60.46806181,2010
2614,Tanglin,Ridout,Central Region,1300,340,170,780,26.35638483,13.17819242,60.46464756,2010
2615,Tanglin,Tyersall,Central Region,3520,1040,400,2120,29.21340109,11.23592349,59.55039452,2010
2616,Tengah,Tengah,NA,10,0,0,0,0,0,0,2010
2617,Toa Payoh,Bidadari,Central Region,10,0,0,0,0,0,0,2010
2618,Toa Payoh,Boon Teck,Central Region,17010,4450,2950,9620,26.14569557,17.33253976,56.52170592,2010
2619,Toa Payoh,Braddell,Central Region,10160,2550,1600,6010,25.09840049,15.748016,59.15348509,2010
2620,Toa Payoh,Joo Seng,Central Region,6920,1840,950,4160,26.47478205,13.66904508,59.85602898,2010
2621,Toa Payoh,Kim Keat,Central Region,8890,2370,1180,5340,26.65913762,13.2733259,60.067424,2010
2622,Toa Payoh,Lorong 8 Toa Payoh,Central Region,8670,2170,1470,5030,25.0288062,16.95499775,58.01608072,2010
2623,Toa Payoh,Pei Chun,Central Region,12210,3060,1880,7270,25.06140454,15.39720279,59.54131078,2010
2624,Toa Payoh,Potong Pasir,Central Region,13270,3150,1540,8570,23.75563819,11.61386756,64.63041883,2010
2625,Toa Payoh,Sennett,Central Region,4440,1180,750,2530,26.45733978,16.81610579,56.72633021,2010
2626,Toa Payoh,Toa Payoh Central,Central Region,27670,7220,3880,16580,26.08380561,14.01733598,59.89882229,2010
2627,Toa Payoh,Toa Payoh West,Central Region,14350,3060,2750,8550,21.30917736,19.15040449,59.54034851,2010
2628,Toa Payoh,Woodleigh,Central Region,1970,670,120,1210,33.4998325,5.99997,60.4996975,2010
2629,Tuas,Tengeh,NA,0,0,0,0,0,0,0,2010
2630,Tuas,Tuas Bay,NA,10,0,0,0,0,0,0,2010
2631,Tuas,Tuas North,NA,20,0,0,0,0,0,0,2010
2632,Tuas,Tuas Promenade,NA,10,0,0,0,0,0,0,2010
2633,Tuas,Tuas View,NA,10,0,0,0,0,0,0,2010
2634,Tuas,Tuas View Extension,NA,0,0,0,0,0,0,0,2010
2635,Western Islands,Jurong Island And Bukom,NA,10,0,0,0,0,0,0,2010
2636,Western Islands,Semakau,NA,0,0,0,0,0,0,0,2010
2637,Western Islands,Sudong,NA,0,0,0,0,0,0,0,2010
2638,Western Water Catchment,Western Water Catchment,NA,1000,380,70,550,37.99962,6.999930001,54.99945001,2010
2639,Woodlands,Greenwood Park,North Region,30,0,0,0,0,0,0,2010
2640,Woodlands,Midview,North Region,35020,13820,1730,19500,39.42937534,4.935804583,55.63479154,2010
2641,Woodlands,North Coast,North Region,15510,4690,1470,9370,30.19959421,9.465544452,60.33479695,2010
2642,Woodlands,Senoko West,North Region,10,0,0,0,0,0,0,2010
2643,Woodlands,Woodgrove,North Region,35780,13600,1800,20390,37.99943057,5.029336399,56.97120509,2010
2644,Woodlands,Woodlands East,North Region,95360,35110,3980,56270,36.81836862,4.17365728,59.00796361,2010
2645,Woodlands,Woodlands Regional Centre,North Region,0,0,0,0,0,0,0,2010
2646,Woodlands,Woodlands South,North Region,33710,12480,1520,19730,36.99969256,4.506372812,58.49390498,2010
2647,Woodlands,Woodlands West,North Region,32000,10290,2810,18920,32.13615486,8.775762406,59.0880515,2010
2648,Yishun,Khatib,North Region,11570,3510,850,7210,30.33705243,7.346579649,62.31628149,2010
2649,Yishun,Lower Seletar,North Region,1090,470,80,550,42.7268843,7.272661158,49.99954546,2010
2650,Yishun,Nee Soon,North Region,890,260,90,530,29.54511881,10.22715651,60.22658833,2010
2651,Yishun,Northland,North Region,32500,10470,2110,19940,32.19556206,6.488312888,61.31609431,2010
2652,Yishun,Springleaf,North Region,3820,1280,380,2170,33.42027828,9.921645113,56.65781551,2010
2653,Yishun,Yishun Central,North Region,1590,500,140,980,30.86400701,8.641921963,60.49345374,2010
2654,Yishun,Yishun East,North Region,33970,11880,1870,20270,34.92062466,5.496764992,59.58258096,2010
2655,Yishun,Yishun South,North Region,40040,12620,2950,24490,31.50273802,7.363952231,61.13328479,2010
2656,Yishun,Yishun West,North Region,60020,17770,4990,37260,29.6067928,8.313893983,62.07929655,2010
2657,Ang Mo Kio,Cheng San,North East Region,30500,7460,3440,19620,24.4429802,11.27129382,64.28569322,2009
2658,Ang Mo Kio,Chong Boon,North East Region,29900,7250,3930,18730,24.23937672,13.13941386,62.62117599,2009
2659,Ang Mo Kio,Kebun Bahru,North East Region,25850,6490,3350,16010,25.10637327,12.95937603,61.93421202,2009
2660,Ang Mo Kio,Seletar,North East Region,0,0,0,0,0,0,0,2009
2661,Ang Mo Kio,Sembawang Hills,North East Region,6850,2240,830,3790,32.65301363,12.09910773,55.24773288,2009
2662,Ang Mo Kio,Shangri-La,North East Region,21070,5220,2970,12890,24.7627966,14.08917738,61.14797858,2009
2663,Ang Mo Kio,Sindo,North East Region,7290,2470,710,4120,33.83557009,9.726014074,56.43827885,2009
2664,Ang Mo Kio,Town Centre,North East Region,4980,1460,480,3030,29.37619844,9.657928254,60.9656721,2009
2665,Ang Mo Kio,Townsville,North East Region,21400,5070,2960,13380,23.68051206,13.82530882,62.49413242,2009
2666,Ang Mo Kio,Yio Chu Kang,North East Region,31440,9180,2730,19530,29.198464,8.683203345,62.11830085,2009
2667,Bedok,Bayshore,East Region,6500,1840,420,4240,28.30764876,6.461528521,65.23066888,2009
2668,Bedok,Bedok North,East Region,91140,25540,9990,55630,28.01667091,10.95875264,61.02456549,2009
2669,Bedok,Bedok Reservoir,East Region,23080,7390,1700,13990,32.01905025,7.365681384,60.61522504,2009
2670,Bedok,Bedok South,East Region,52310,14750,6610,30980,28.18111804,12.62896205,59.1899008,2009
2671,Bedok,Frankel,East Region,31540,9350,3860,18330,29.64488597,12.23842351,58.11665881,2009
2672,Bedok,Kaki Bukit,East Region,43780,14230,3230,26320,32.5034188,7.377796396,60.11876196,2009
2673,Bedok,Kembangan,East Region,38720,10910,4700,23100,28.18392452,12.14156235,59.6744873,2009
2674,Bedok,Siglap,East Region,7460,1990,1130,4330,26.71137354,15.16776488,58.12072735,2009
2675,Bishan,Bishan East,Central Region,30370,9050,2710,18610,29.79913408,8.923276614,61.27755638,2009
2676,Bishan,Marymount,Central Region,29260,9660,2180,17410,33.02562973,7.452988905,59.52134717,2009
2677,Bishan,Upper Thomson,Central Region,31670,9210,3930,18530,29.08114017,12.40921616,58.50961209,2009
2678,Boon Lay,Liu Fang,NA,0,0,0,0,0,0,0,2009
2679,Boon Lay,Samulun,NA,10,0,0,0,0,0,0,2009
2680,Boon Lay,Shipyard,NA,10,0,0,0,0,0,0,2009
2681,Boon Lay,Tukang,NA,20,0,0,0,0,0,0,2009
2682,Bukit Batok,Brickworks,West Region,0,0,0,0,0,0,0,2009
2683,Bukit Batok,Bukit Batok Central,West Region,26550,8260,1920,16390,31.08768119,7.226192237,61.68608894,2009
2684,Bukit Batok,Bukit Batok East,West Region,15920,4790,1100,10030,30.0879208,6.909543399,63.00247299,2009
2685,Bukit Batok,Bukit Batok South,West Region,14650,5290,670,8680,36.1338551,4.576499606,59.28957699,2009
2686,Bukit Batok,Bukit Batok West,West Region,16290,5070,1170,10050,31.12336948,7.182316033,61.6942531,2009
2687,Bukit Batok,Gombak,West Region,8870,2470,840,5560,27.84664279,9.470113337,62.68313114,2009
2688,Bukit Batok,Guilin,West Region,13910,4440,940,8540,31.89652881,6.752868712,61.35053064,2009
2689,Bukit Batok,Hillview,West Region,17940,6400,990,10540,35.69434708,5.521469313,58.78412784,2009
2690,Bukit Batok,Hong Kah,West Region,30070,9770,1830,18450,32.51246838,6.089848223,61.39765012,2009
2691,Bukit Merah,Alexandra Hill,Central Region,16350,4280,2440,9630,26.17735402,14.92353827,58.89904654,2009
2692,Bukit Merah,Alexandra North,Central Region,810,240,50,520,29.62926384,6.172763299,64.19673831,2009
2693,Bukit Merah,Bukit Ho Swee,Central Region,16480,3690,2900,9880,22.40435798,17.60776102,59.98782029,2009
2694,Bukit Merah,Bukit Merah,Central Region,1300,360,150,800,27.48070625,11.45029427,61.06823612,2009
2695,Bukit Merah,Depot Road,Central Region,4210,1020,550,2660,24.11341817,13.00233333,62.88401209,2009
2696,Bukit Merah,Everton Park,Central Region,9260,1950,1420,5900,21.03557601,15.31821433,63.64610178,2009
2697,Bukit Merah,Henderson Hill,Central Region,15610,3660,2700,9240,23.46152342,17.30768121,59.23073126,2009
2698,Bukit Merah,Kampong Tiong Bahru,Central Region,11740,2630,1960,7160,22.38295967,16.68083687,60.93611835,2009
2699,Bukit Merah,Maritime Square,Central Region,1920,500,120,1320,25.77306303,6.185535126,68.04088639,2009
2700,Bukit Merah,Redhill,Central Region,11910,3000,1650,7260,25.18889573,13.85389265,60.95712766,2009
2701,Bukit Merah,Singapore General Hospital,Central Region,20,0,0,0,0,0,0,2009
2702,Bukit Merah,Tanjong Pagar,Central Region,10,0,0,0,0,0,0,2009
2703,Bukit Merah,Telok Blangah Drive,Central Region,16160,3920,2400,9860,24.22742631,14.83311815,60.93939373,2009
2704,Bukit Merah,Telok Blangah Rise,Central Region,15010,3560,2130,9320,23.71750585,14.19053019,62.09189734,2009
2705,Bukit Merah,Telok Blangah Way,Central Region,11140,2470,1850,6810,22.1922532,16.6217281,61.18592885,2009
2706,Bukit Merah,Tiong Bahru,Central Region,8440,1730,1360,5360,20.47334855,16.09465551,63.4318776,2009
2707,Bukit Merah,Tiong Bahru Station,Central Region,16750,4270,2320,10170,25.47731177,13.84247384,60.68015473,2009
2708,Bukit Panjang,Bangkit,West Region,25290,8260,2190,14850,32.64820844,8.656123061,58.69562897,2009
2709,Bukit Panjang,Bukit Panjang,West Region,34960,12030,2300,20650,34.39107079,6.575183941,59.03371669,2009
2710,Bukit Panjang,Dairy Farm,West Region,3750,1280,270,2210,34.04246265,7.180831966,58.77643942,2009
2711,Bukit Panjang,Fajar,West Region,22990,8160,1380,13470,35.46282683,5.997389832,58.53973988,2009
2712,Bukit Panjang,Nature Reserve,West Region,3600,1260,220,2120,34.99990278,6.111094136,58.88872531,2009
2713,Bukit Panjang,Saujana,West Region,21960,8030,1050,12890,36.54982406,4.779242249,58.67088818,2009
2714,Bukit Panjang,Senja,West Region,16190,5730,860,9620,35.34852847,5.305363784,59.34604605,2009
2715,Bukit Timah,Anak Bukit,Central Region,21990,7210,2210,12590,32.75782246,10.04088594,57.20124616,2009
2716,Bukit Timah,Coronation Road,Central Region,5640,1720,720,3190,30.55056741,12.78860961,56.66064536,2009
2717,Bukit Timah,Farrer Court,Central Region,4090,1130,610,2370,27.49385038,14.84181304,57.66409327,2009
2718,Bukit Timah,Hillcrest,Central Region,8320,2620,970,4750,31.41483044,11.6306815,56.95436816,2009
2719,Bukit Timah,Holland Road,Central Region,8450,2790,840,4850,32.9009046,9.905648696,57.19332878,2009
2720,Bukit Timah,Leedon Park,Central Region,5840,1610,600,3630,27.56844594,10.27395501,62.15742781,2009
2721,Bukit Timah,Swiss Club,Central Region,5230,1660,640,2930,31.73990107,12.23707029,56.02283743,2009
2722,Bukit Timah,Ulu Pandan,Central Region,10750,3380,1070,6310,31.41261021,9.944228676,58.64306818,2009
2723,Central Water Catchment,Central Water Catchment,NA,10,0,0,0,0,0,0,2009
2724,Changi,Changi Airport,East Region,10,0,0,0,0,0,0,2009
2725,Changi,Changi Point,East Region,770,170,130,470,22.07763536,16.88289762,61.03816834,2009
2726,Changi,Changi West,East Region,1380,590,40,740,43.06537908,2.919686718,54.01420428,2009
2727,Changi Bay,Changi Bay,NA,0,0,0,0,0,0,0,2009
2728,Choa Chu Kang,Central,West Region,20280,7360,1150,11770,36.29189532,5.670608644,58.03744673,2009
2729,Choa Chu Kang,Keat Hong,West Region,16400,6080,880,9450,37.05055634,5.362580522,57.5868022,2009
2730,Choa Chu Kang,Kranji North,West Region,16020,6340,600,9080,39.57550588,3.745316014,56.67911568,2009
2731,Choa Chu Kang,Pang Sua,West Region,17190,7020,740,9440,40.81392976,4.30232308,54.88368902,2009
2732,Choa Chu Kang,Peng Siang,West Region,31260,11230,1660,18380,35.91300419,5.308600797,58.77836304,2009
2733,Choa Chu Kang,Teck Whye,West Region,26890,9070,2180,15650,33.71745958,8.104086207,58.17841703,2009
2734,Choa Chu Kang,Yew Tee,West Region,45260,16180,2070,27010,35.74899785,4.57357389,59.67740617,2009
2735,Clementi,Clementi Central,West Region,13020,3070,1610,8340,23.57909095,12.3655819,64.05525034,2009
2736,Clementi,Clementi North,West Region,23880,5210,3330,15350,21.80827886,13.93888073,64.25279855,2009
2737,Clementi,Clementi West,West Region,17540,4630,1660,11230,26.42692556,9.474880437,64.09813693,2009
2738,Clementi,Clementi Woods,West Region,21000,5350,2580,13080,25.46405261,12.27986089,62.25603891,2009
2739,Clementi,Faber,West Region,4480,1490,370,2620,33.25885433,8.258910136,58.48201232,2009
2740,Clementi,Pandan,West Region,10,0,0,0,0,0,0,2009
2741,Clementi,Sunset Way,West Region,6800,2000,740,4080,29.3254702,10.85042397,59.8239592,2009
2742,Clementi,Toh Tuck,West Region,30,0,0,0,0,0,0,2009
2743,Clementi,West Coast,West Region,5130,1630,340,3170,31.71200056,6.614773123,61.67303176,2009
2744,Downtown Core,Anson,Central Region,90,0,0,0,0,0,0,2009
2745,Downtown Core,Bayfront Subzone,Central Region,0,0,0,0,0,0,0,2009
2746,Downtown Core,Bugis,Central Region,2710,510,520,1670,18.88881893,19.25918793,61.85162277,2009
2747,Downtown Core,Cecil,Central Region,70,0,0,0,0,0,0,2009
2748,Downtown Core,Central Subzone,Central Region,200,20,0,160,11.11049386,0,88.88395089,2009
2749,Downtown Core,City Hall,Central Region,80,0,0,0,0,0,0,2009
2750,Downtown Core,Clifford Pier,Central Region,10,0,0,0,0,0,0,2009
2751,Downtown Core,Marina Centre,Central Region,40,0,0,0,0,0,0,2009
2752,Downtown Core,Maxwell,Central Region,0,0,0,0,0,0,0,2009
2753,Downtown Core,Phillip,Central Region,10,0,0,0,0,0,0,2009
2754,Downtown Core,Raffles Place,Central Region,100,0,0,0,0,0,0,2009
2755,Downtown Core,Tanjong Pagar,Central Region,420,60,60,300,14.28537416,14.28537416,71.42687079,2009
2756,Geylang,Aljunied,Central Region,43890,11360,5540,27020,25.86520358,12.61384048,61.52093317,2009
2757,Geylang,Geylang East,Central Region,32560,8980,3890,19710,27.56291358,11.93983673,60.497219,2009
2758,Geylang,Kallang Way,Central Region,60,0,0,0,0,0,0,2009
2759,Geylang,Kampong Ubi,Central Region,14130,4740,890,8520,33.49820954,6.289748205,60.21197158,2009
2760,Geylang,Macpherson,Central Region,30050,8010,4490,17550,26.65556517,14.94175875,58.40264279,2009
2761,Hougang,Defu Industrial Park,North East Region,30,0,0,0,0,0,0,2009
2762,Hougang,Hougang Central,North East Region,50320,15700,4480,30150,31.19411262,8.90124997,59.90461754,2009
2763,Hougang,Lorong Ah Soo,North East Region,34460,9530,4020,20900,27.66327209,11.66908224,60.66761664,2009
2764,Hougang,Rosyth,North East Region,23070,7400,2220,13450,32.07627565,9.622882695,58.30079831,2009
2765,Hougang,Sungei Serangoon,North East Region,0,0,0,0,0,0,0,2009
2766,Hougang,Tai Keng,North East Region,12910,3990,1430,7510,30.85844481,11.05954288,58.08193497,2009
2767,Hougang,Trafalgar,North East Region,95920,30980,7260,57700,32.29101185,7.56722873,60.141749,2009
2768,Jurong East,Boon Lay,West Region,20180,6140,1750,12270,30.4563341,8.68055125,60.86306505,2009
2769,Jurong East,International Business Park,West Region,10,0,0,0,0,0,0,2009
2770,Jurong East,Jurong Lake,West Region,1140,280,140,730,24.34761437,12.17380718,63.47770889,2009
2771,Jurong East,Jurong Port,West Region,10,0,0,0,0,0,0,2009
2772,Jurong East,Jurong Regional Centre,West Region,2540,700,260,1580,27.55894662,10.23618017,62.20447951,2009
2773,Jurong East,Jurong River,West Region,10,0,0,0,0,0,0,2009
2774,Jurong East,Penjuru Crescent,West Region,10,0,0,0,0,0,0,2009
2775,Jurong East,Teban Gardens,West Region,19210,5480,1790,11950,28.51195187,9.313210555,62.17478555,2009
2776,Jurong East,Toh Guan,West Region,15230,5240,730,9290,34.33811642,4.783745227,60.87807282,2009
2777,Jurong East,Yuhua,West Region,29780,8430,2730,18640,28.28858111,9.161070751,62.55031458,2009
2778,Jurong West,Boon Lay,West Region,24380,7370,1920,15110,30.20490565,7.868849234,61.92620413,2009
2779,Jurong West,Boon Lay,North Region,24380,7370,1920,15110,30.20490565,7.868849234,61.92620413,2009
2780,Jurong West,Central,West Region,69320,22900,2800,43620,33.03519431,4.039237732,62.92555353,2009
2781,Jurong West,Central,North Region,69320,22900,2800,43620,33.03519431,4.039237732,62.92555353,2009
2782,Jurong West,Chin Bee,West Region,10,0,0,0,0,0,0,2009
2783,Jurong West,Chin Bee,North Region,10,0,0,0,0,0,0,2009
2784,Jurong West,Hong Kah,West Region,59660,18380,4350,36920,30.81307111,7.292538593,61.89437353,2009
2785,Jurong West,Hong Kah,North Region,59660,18380,4350,36920,30.81307111,7.292538593,61.89437353,2009
2786,Jurong West,Kian Teck,West Region,40,0,0,0,0,0,0,2009
2787,Jurong West,Kian Teck,North Region,40,0,0,0,0,0,0,2009
2788,Jurong West,Safti,West Region,0,0,0,0,0,0,0,2009
2789,Jurong West,Safti,North Region,0,0,0,0,0,0,0,2009
2790,Jurong West,Taman Jurong,West Region,32340,10850,2200,19300,33.53940231,6.800616136,59.65995065,2009
2791,Jurong West,Taman Jurong,North Region,32340,10850,2200,19300,33.53940231,6.800616136,59.65995065,2009
2792,Jurong West,Wenya,West Region,8190,2630,350,5240,31.9950949,4.257902363,63.74688109,2009
2793,Jurong West,Wenya,North Region,8190,2630,350,5240,31.9950949,4.257902363,63.74688109,2009
2794,Jurong West,Yunnan,West Region,73590,26440,3530,43630,35.92390816,4.796195001,59.27988325,2009
2795,Jurong West,Yunnan,North Region,73590,26440,3530,43630,35.92390816,4.796195001,59.27988325,2009
2796,Kallang,Bendemeer,Central Region,30010,7400,4160,18430,24.6748834,13.8712858,61.45379745,2009
2797,Kallang,Boon Keng,Central Region,11160,2720,1550,6890,24.37273802,13.88887644,61.73829593,2009
2798,Kallang,Crawford,Central Region,10030,1920,2310,5830,19.08546811,22.96220381,57.95222868,2009
2799,Kallang,Geylang Bahru,Central Region,13740,3380,2060,8300,24.59969098,14.99271107,60.40752518,2009
2800,Kallang,Kallang Bahru,Central Region,20,0,0,0,0,0,0,2009
2801,Kallang,Kampong Bugis,Central Region,820,210,100,520,25.30089999,12.04804761,62.64984759,2009
2802,Kallang,Kampong Java,Central Region,12100,2990,1600,7540,24.6496087,13.19042606,62.1598828,2009
2803,Kallang,Lavender,Central Region,10560,2620,1420,6540,24.7636817,13.42153741,61.81468638,2009
2804,Kallang,Tanjong Rhu,Central Region,11120,3030,1080,7020,27.22369522,9.703495325,63.07271961,2009
2805,Lim Chu Kang,Lim Chu Kang,NA,90,0,0,0,0,0,0,2009
2806,Mandai,Subzone 1,North Region,0,0,0,0,0,0,0,2009
2807,Mandai,Subzone 2,North Region,0,0,0,0,0,0,0,2009
2808,Mandai,Subzone 3,North Region,1870,640,140,1090,34.22441591,7.486590981,58.28845835,2009
2809,Marina East,Marina East,NA,0,0,0,0,0,0,0,2009
2810,Marina South,Marina South,NA,0,0,0,0,0,0,0,2009
2811,Marine Parade,East Coast,Central Region,0,0,0,0,0,0,0,2009
2812,Marine Parade,Katong,Central Region,9400,2830,1100,5500,30.01057263,11.66488689,58.32443444,2009
2813,Marine Parade,Marina East,Central Region,0,0,0,0,0,0,0,2009
2814,Marine Parade,Marine Parade,Central Region,28550,7320,4590,16640,25.63922044,16.07705216,58.28369237,2009
2815,Marine Parade,Mountbatten,Central Region,9370,2790,960,5630,29.74410475,10.23453067,60.02125797,2009
2816,Museum,Bras Basah,Central Region,20,0,0,0,0,0,0,2009
2817,Museum,Dhoby Ghaut,Central Region,180,40,0,150,21.0515236,0,78.94321352,2009
2818,Museum,Fort Canning,Central Region,150,30,10,110,19.99866676,6.666222252,73.32844477,2009
2819,Newton,Cairnhill,Central Region,2840,740,350,1760,25.96482118,12.28065866,61.75416928,2009
2820,Newton,Goodwood Park,Central Region,750,250,50,480,32.05087114,6.410174229,61.53767259,2009
2821,Newton,Istana Negara,Central Region,60,0,0,0,0,0,0,2009
2822,Newton,Monk's Hill,Central Region,1160,320,130,700,27.82584499,11.30424953,60.86903592,2009
2823,Newton,Newton Circus,Central Region,90,0,0,0,0,0,0,2009
2824,Newton,Orange Grove,Central Region,1340,360,110,880,26.66646914,8.148087792,65.18470234,2009
2825,North Eastern Islands,North Eastern Islands,NA,60,0,0,0,0,0,0,2009
2826,Novena,Balestier,Central Region,32480,8280,4560,19650,25.4847567,14.0350834,60.48012912,2009
2827,Novena,Dunearn,Central Region,3750,1130,520,2090,30.21382296,13.90370614,55.88220352,2009
2828,Novena,Malcolm,Central Region,2690,830,310,1550,30.85490389,11.52412073,57.62060364,2009
2829,Novena,Moulmein,Central Region,7070,2080,630,4360,29.42004325,8.910878485,61.66893682,2009
2830,Novena,Mount Pleasant,Central Region,650,190,100,370,28.78744261,15.15128559,56.05975667,2009
2831,Orchard,Boulevard,Central Region,270,40,40,200,14.2852041,14.2852041,71.4260205,2009
2832,Orchard,Somerset,Central Region,130,30,20,90,21.42704093,14.28469395,64.28112278,2009
2833,Orchard,Tanglin,Central Region,420,100,20,300,23.80895693,4.761791386,71.42687079,2009
2834,Outram,China Square,Central Region,1790,300,330,1170,16.66657407,18.33323148,64.99963889,2009
2835,Outram,Chinatown,Central Region,9250,1830,1600,5820,19.7837624,17.2972786,62.9188509,2009
2836,Outram,Pearl's Hill,Central Region,8350,1640,1830,4880,19.64069504,21.91614142,58.44304378,2009
2837,Outram,People's Park,Central Region,470,90,60,320,19.14852875,12.76568584,68.08365779,2009
2838,Pasir Ris,Elias,East Region,36310,13880,1870,20580,38.20532942,5.1472598,56.64738325,2009
2839,Pasir Ris,Loyang,East Region,10,0,0,0,0,0,0,2009
2840,Pasir Ris,Loyang East,East Region,13920,4810,1080,8050,34.50499677,7.747483682,57.74744781,2009
2841,Pasir Ris,Pasir Ris Drive,East Region,61490,23280,3480,34740,37.85365238,5.658535665,56.48779569,2009
2842,Pasir Ris,Pasir Ris Park,East Region,1290,440,80,770,34.10826273,6.201502314,59.68945977,2009
2843,Pasir Ris,Pasir Ris Town,East Region,20810,7690,1180,11950,36.93562107,5.667624559,57.39670634,2009
2844,Pasir Ris,Pasir Ris West,East Region,40,0,0,0,0,0,0,2009
2845,Paya Lebar,Airport Road,NA,0,0,0,0,0,0,0,2009
2846,Paya Lebar,Paya Lebar East,NA,10,0,0,0,0,0,0,2009
2847,Paya Lebar,Paya Lebar North,NA,40,0,0,0,0,0,0,2009
2848,Paya Lebar,Paya Lebar West,NA,10,0,0,0,0,0,0,2009
2849,Paya Lebar,Plab,NA,0,0,0,0,0,0,0,2009
2850,Pioneer,Benoi Sector,NA,10,0,0,0,0,0,0,2009
2851,Pioneer,Gul Basin,NA,10,0,0,0,0,0,0,2009
2852,Pioneer,Gul Circle,NA,20,0,0,0,0,0,0,2009
2853,Pioneer,Joo Koon,NA,50,0,0,0,0,0,0,2009
2854,Pioneer,Pioneer Sector,NA,10,0,0,0,0,0,0,2009
2855,Punggol,Subzone 1,North East Region,250,70,30,170,25.92496574,11.1106996,62.96063109,2009
2856,Punggol,Subzone 2,North East Region,1540,400,60,1100,25.64086128,3.846129191,70.51236851,2009
2857,Punggol,Subzone 3,North East Region,6670,2140,350,4170,32.13208389,5.255247364,62.6125186,2009
2858,Punggol,Subzone 4,North East Region,42340,14390,2080,25870,33.98676571,4.912611027,61.10059965,2009
2859,Punggol,Subzone 5,North East Region,8580,2860,360,5390,33.21715074,4.181179813,62.60155331,2009
2860,Punggol,Subzone 6,North East Region,0,0,0,0,0,0,0,2009
2861,Queenstown,Commonwealth,Central Region,8730,1770,1730,5210,20.32144624,19.86220452,59.81623442,2009
2862,Queenstown,Dover,Central Region,11970,3260,1410,7300,27.2347308,11.77943878,60.98574688,2009
2863,Queenstown,Ghim Moh,Central Region,11830,2740,2190,6920,23.12234336,18.48099706,58.39657519,2009
2864,Queenstown,Holland Drive,Central Region,15380,3250,2800,9340,21.11759512,18.19362041,60.6887195,2009
2865,Queenstown,Kent Ridge,Central Region,1330,340,80,920,25.37294498,5.970104701,68.65620406,2009
2866,Queenstown,Margaret Drive,Central Region,9030,2260,1190,5590,24.99997235,13.16370225,61.83621478,2009
2867,Queenstown,Mei Chin,Central Region,17340,4580,2570,10210,26.38247328,14.80413894,58.81333018,2009
2868,Queenstown,National University Of Singapore,Central Region,310,160,0,140,53.33155561,0,46.66511116,2009
2869,Queenstown,One North,Central Region,390,60,10,320,15.38422092,2.56403682,82.04917823,2009
2870,Queenstown,Pasir Panjang 1,Central Region,3600,1070,290,2260,29.5579294,8.011027594,62.43076677,2009
2871,Queenstown,Pasir Panjang 2,Central Region,3480,1060,240,2190,30.37240581,6.876771127,62.75053653,2009
2872,Queenstown,Port,Central Region,290,80,40,190,25.80561917,12.90280959,61.28834554,2009
2873,Queenstown,Queensway,Central Region,310,90,20,220,27.27190085,6.060422411,66.66464653,2009
2874,Queenstown,Singapore Polytechnic,Central Region,150,50,0,100,33.33111126,0,66.66222252,2009
2875,Queenstown,Tanglin Halt,Central Region,14380,3030,2520,8840,21.05627446,17.51214905,61.431507,2009
2876,River Valley,Institution Hill,Central Region,2700,720,180,1800,26.6665679,6.666641975,66.66641975,2009
2877,River Valley,Leonie Hill,Central Region,2270,600,170,1510,26.31567405,7.456107649,66.2277797,2009
2878,River Valley,One Tree Hill,Central Region,1710,450,240,1050,25.86192033,13.79302418,60.34448078,2009
2879,River Valley,Oxley,Central Region,1420,310,220,910,21.52762828,15.27767168,63.1940056,2009
2880,River Valley,Paterson,Central Region,110,30,0,70,29.9970003,0,69.9930007,2009
2881,Rochor,Bencoolen,Central Region,1600,320,260,1030,19.87565295,16.14896802,63.97475792,2009
2882,Rochor,Farrer Park,Central Region,3400,790,450,2160,23.23522578,13.23525519,63.52922491,2009
2883,Rochor,Kampong Glam,Central Region,170,30,50,100,16.66574079,27.77623465,55.55246931,2009
2884,Rochor,Little India,Central Region,4160,980,680,2510,23.50114268,16.30691533,60.19170218,2009
2885,Rochor,Mackenzie,Central Region,90,0,0,0,0,0,0,2009
2886,Rochor,Mount Emily,Central Region,970,220,70,690,22.44875052,7.142784257,70.40744482,2009
2887,Rochor,Rochor Canal,Central Region,10,0,0,0,0,0,0,2009
2888,Rochor,Selegie,Central Region,330,90,40,210,26.46980971,11.76435987,61.76288933,2009
2889,Rochor,Sungei Road,Central Region,2500,560,460,1480,22.3999104,18.3999264,59.1997632,2009
2890,Rochor,Victoria,Central Region,2430,470,430,1550,19.18359517,17.55094877,63.2650479,2009
2891,Seletar,Seletar,NA,330,90,20,230,26.46980971,5.882179936,67.64506926,2009
2892,Sembawang,Admiralty,North Region,12020,4050,740,7240,33.66580743,6.151283332,60.18282612,2009
2893,Sembawang,Sembawang Central,North Region,30080,10600,1350,18140,35.22763867,4.486538888,60.2857892,2009
2894,Sembawang,Sembawang East,North Region,110,40,20,70,30.76686409,15.38343204,53.84201215,2009
2895,Sembawang,Sembawang North,North Region,25830,8860,1140,15820,34.31447161,4.415180319,61.27030935,2009
2896,Sembawang,Sembawang Springs,North Region,3530,1120,430,1980,31.72795544,12.18126861,56.09049266,2009
2897,Sembawang,Sembawang Straits,North Region,1110,350,100,670,31.24972098,8.92849171,59.82089446,2009
2898,Sembawang,Senoko North,North Region,30,0,0,0,0,0,0,2009
2899,Sembawang,Senoko South,North Region,20,0,0,0,0,0,0,2009
2900,Sembawang,The Wharves,North Region,10,0,0,0,0,0,0,2009
2901,Sengkang,Buangkok,North East Region,30750,10270,1460,19030,33.3875054,4.746422384,61.86603971,2009
2902,Sengkang,Jalan Kayu East,North East Region,12790,3940,690,8170,30.78122595,5.390620789,63.82807513,2009
2903,Sengkang,Jalan Kayu West,North East Region,1170,300,340,560,24.99979167,28.33309722,46.66627778,2009
2904,Sengkang,Sengkang Town Centre,North East Region,52150,17990,2710,31450,34.49663768,5.196547422,60.30679572,2009
2905,Sengkang,Sungei Serangoon East,North East Region,0,0,0,0,0,0,0,2009
2906,Sengkang,Sungei Serangoon West,North East Region,56570,19550,3060,33970,34.55283942,5.408270518,60.03887239,2009
2907,Sengkang,Trafalgar,North East Region,13620,4110,630,8880,30.1761893,4.625547265,65.19819002,2009
2908,Serangoon,Seletar Hills,North East Region,12110,3860,1370,6880,31.87445758,11.31295515,56.8125047,2009
2909,Serangoon,Serangoon Central,North East Region,53510,15830,5340,32350,29.57772243,9.977576611,60.44468228,2009
2910,Serangoon,Serangoon Garden,North East Region,40470,11470,4800,24190,28.34897965,11.86356602,59.78742961,2009
2911,Serangoon,Serangoon North,North East Region,18700,6620,1050,11040,35.38212967,5.611969208,59.00584767,2009
2912,Simpang,Pulau Seletar,NA,0,0,0,0,0,0,0,2009
2913,Simpang,Simpang North,NA,0,0,0,0,0,0,0,2009
2914,Simpang,Simpang South,NA,0,0,0,0,0,0,0,2009
2915,Simpang,Tanjong Irau,NA,0,0,0,0,0,0,0,2009
2916,Singapore River,Boat Quay,Central Region,170,30,20,120,17.64602082,11.76401388,70.58408329,2009
2917,Singapore River,Clarke Quay,Central Region,130,20,10,80,18.18016544,9.09008272,72.72066176,2009
2918,Singapore River,Robertson Quay,Central Region,1700,410,100,1200,23.97646797,5.847919018,70.17502822,2009
2919,Southern Islands,Sentosa,Central Region,640,190,30,430,29.23031953,4.615313611,66.15282842,2009
2920,Southern Islands,Southern Group,Central Region,0,0,0,0,0,0,0,2009
2921,Straits View,Straits View,NA,0,0,0,0,0,0,0,2009
2922,Sungei Kadut,Kranji,North Region,20,0,0,0,0,0,0,2009
2923,Sungei Kadut,Mandai,North Region,150,0,120,20,0,85.7081637,14.28469395,2009
2924,Sungei Kadut,Pang Sua,North Region,10,0,0,0,0,0,0,2009
2925,Sungei Kadut,Reservoir View,North Region,30,0,0,0,0,0,0,2009
2926,Sungei Kadut,Turf Club,North Region,670,180,120,400,25.71391837,17.14261225,57.14204083,2009
2927,Tampines,Simei,East Region,42860,14180,2830,25860,33.07673593,6.601351388,60.32188936,2009
2928,Tampines,Tampines East,East Region,138810,46250,9860,82720,33.31412279,7.102210826,59.58365918,2009
2929,Tampines,Tampines North,East Region,0,0,0,0,0,0,0,2009
2930,Tampines,Tampines West,East Region,77960,26740,5190,46050,34.29083941,6.655551852,59.05359592,2009
2931,Tampines,Xilin,East Region,2120,720,100,1310,33.8026582,4.694813639,61.50205868,2009
2932,Tanglin,Chatsworth,Central Region,5030,1300,470,3280,25.74252328,9.306912264,64.95036643,2009
2933,Tanglin,Nassim,Central Region,7530,2250,720,4580,29.80128503,9.53641121,60.66217131,2009
2934,Tanglin,Ridout,Central Region,1270,320,150,800,25.19665199,11.81093062,62.99162999,2009
2935,Tanglin,Tyersall,Central Region,3470,1050,370,2060,30.17232709,10.63215336,59.1952322,2009
2936,Tengah,Tengah,NA,10,0,0,0,0,0,0,2009
2937,Toa Payoh,Bidadari,Central Region,10,0,0,0,0,0,0,2009
2938,Toa Payoh,Boon Teck,Central Region,16360,4180,2870,9330,25.51890994,17.52135682,56.95967219,2009
2939,Toa Payoh,Braddell,Central Region,11540,2810,1880,6860,24.32898326,16.27704218,59.39388797,2009
2940,Toa Payoh,Kallang,Central Region,8670,2170,1440,5070,24.9999712,16.58984264,58.41007096,2009
2941,Toa Payoh,Kim Keat,Central Region,8990,2440,1110,5440,27.14123789,12.34703855,60.51161233,2009
2942,Toa Payoh,Marymount,Central Region,13210,2870,2440,7910,21.70951459,18.45686955,59.83354022,2009
2943,Toa Payoh,Paya Lebar,Central Region,6850,1830,910,4110,26.71528947,13.28465214,59.99991241,2009
2944,Toa Payoh,Pei Chun,Central Region,12320,3150,1850,7330,25.54742454,15.00404298,59.44845138,2009
2945,Toa Payoh,Potong Pasir,Central Region,13320,3260,1490,8570,24.4744561,11.18617779,64.33929104,2009
2946,Toa Payoh,Sennett,Central Region,4430,1190,700,2530,26.92301601,15.83706824,57.2396895,2009
2947,Toa Payoh,Toa Payoh Central,Central Region,27170,7010,3790,16380,25.79101332,13.9440714,60.26487849,2009
2948,Toa Payoh,Woodleigh,Central Region,1800,630,110,1090,34.42604139,6.010896115,59.56251605,2009
2949,Tuas,Pioneer,NA,30,0,0,0,0,0,0,2009
2950,Tuas,Tengeh,NA,0,0,0,0,0,0,0,2009
2951,Tuas,Tuas Bay,NA,10,0,0,0,0,0,0,2009
2952,Tuas,Tuas Coast,NA,0,0,0,0,0,0,0,2009
2953,Tuas,Tuas Promenade,NA,10,0,0,0,0,0,0,2009
2954,Tuas,Tuas View,NA,20,0,0,0,0,0,0,2009
2955,Western Islands,Bukum,NA,0,0,0,0,0,0,0,2009
2956,Western Islands,Jurong Island,NA,0,0,0,0,0,0,0,2009
2957,Western Islands,Sudong,NA,0,0,0,0,0,0,0,2009
2958,Western Water Catchment,Western Water Catchment,NA,1040,400,70,580,38.09487529,6.666603175,55.23756917,2009
2959,Woodlands,Greenwood Park,North Region,40,0,0,0,0,0,0,2009
2960,Woodlands,Midview,North Region,34630,13780,1690,19170,39.78058898,4.878751478,55.34063068,2009
2961,Woodlands,North Coast,North Region,15270,4650,1400,9240,30.41201412,9.156305326,60.43161515,2009
2962,Woodlands,Senoko West,North Region,10,0,0,0,0,0,0,2009
2963,Woodlands,Woodgrove,North Region,35510,13700,1690,20120,38.58067063,4.759221414,56.66007979,2009
2964,Woodlands,Woodlands East,North Region,95400,35720,3750,55940,37.43841972,3.930405206,58.63116459,2009
2965,Woodlands,Woodlands Regional Centre,North Region,0,0,0,0,0,0,0,2009
2966,Woodlands,Woodlands South,North Region,32700,12270,1370,19070,37.51145292,4.188320334,58.30019618,2009
2967,Woodlands,Woodlands West,North Region,31550,10280,2680,18600,32.57286674,8.491759033,58.93534254,2009
2968,Yishun,Khatib,North Region,11640,3610,810,7240,30.96052233,6.9468208,62.0925711,2009
2969,Yishun,Lower Seletar,North Region,1060,430,70,560,40.56565504,6.603711286,52.82969029,2009
2970,Yishun,Nee Soon,North Region,900,280,100,550,30.10720315,10.75257255,59.13914904,2009
2971,Yishun,Northland,North Region,32740,10850,2000,19890,33.13987992,6.108733626,60.75135591,2009
2972,Yishun,Springleaf,North Region,3570,1190,330,2040,33.4268724,9.269636883,57.30320982,2009
2973,Yishun,Yishun Central,North Region,1610,520,130,970,32.09856729,8.024641823,59.8761736,2009
2974,Yishun,Yishun East,North Region,32930,11710,1720,19520,35.53868421,5.220028765,59.24125668,2009
2975,Yishun,Yishun South,North Region,40550,13120,2840,24600,32.34713206,7.00197066,60.65087262,2009
2976,Yishun,Yishun West,North Region,60220,18310,4770,37150,30.40012778,7.91964006,61.68021556,2009
2977,Planning Area,Subzone,NA,0,0,0,0,0,0,0,2009
2978,Ang Mo Kio,Cheng San,North East Region,30590,7680,3370,19550,25.09803101,11.0130683,63.88886801,2008
2979,Ang Mo Kio,Chong Boon,North East Region,29870,7420,3800,18650,24.84096925,12.72179018,62.43720708,2008
2980,Ang Mo Kio,Kebun Bahru,North East Region,25880,6660,3280,15960,25.71427579,12.66408777,61.62159783,2008
2981,Ang Mo Kio,Seletar,North East Region,0,0,0,0,0,0,0,2008
2982,Ang Mo Kio,Sembawang Hills,North East Region,6820,2280,830,3740,33.28462294,12.11677063,54.59846044,2008
2983,Ang Mo Kio,Shangri-La,North East Region,20900,5190,2930,12780,24.832524,14.01913205,61.1482961,2008
2984,Ang Mo Kio,Sindo,North East Region,7290,2540,670,4090,34.79447288,9.178069619,56.02732051,2008
2985,Ang Mo Kio,Town Centre,North East Region,4870,1450,460,2980,29.6522911,9.406933728,60.94057067,2008
2986,Ang Mo Kio,Townsville,North East Region,21390,5110,2890,13400,23.87849351,13.50466659,62.61679317,2008
2987,Ang Mo Kio,Yio Chu Kang,North East Region,31460,9410,2620,19440,29.90148398,8.325386614,61.77309763,2008
2988,Bedok,Bayshore,East Region,6260,1810,430,4030,28.86757756,6.858043289,64.27421966,2008
2989,Bedok,Bedok North,East Region,89960,25660,9740,54590,28.5142762,10.82342362,60.66228907,2008
2990,Bedok,Bedok Reservoir,East Region,23260,7650,1720,13900,32.87493216,7.391488014,59.73353686,2008
2991,Bedok,Bedok South,East Region,52000,14860,6520,30630,28.57142308,12.53604835,58.89250935,2008
2992,Bedok,Frankel,East Region,30830,9250,3790,17800,29.99350519,12.28923078,57.71723161,2008
2993,Bedok,Kaki Bukit,East Region,43530,14480,3150,25910,33.25676774,7.234725026,59.50848427,2008
2994,Bedok,Kembangan,East Region,38610,11050,4560,23000,28.61952121,11.81040875,59.57004414,2008
2995,Bedok,Siglap,East Region,7540,2020,1110,4430,26.71954138,14.68252026,58.59780609,2008
2996,Bishan,Bishan East,Central Region,30430,9260,2650,18510,30.44048966,8.711371232,60.84810623,2008
2997,Bishan,Marymount,Central Region,29190,9780,2140,17280,33.49313921,7.328764613,59.17806193,2008
2998,Bishan,Upper Thomson,Central Region,31400,9140,3850,18420,29.09900379,12.25723901,58.64372536,2008
2999,Boon Lay,Liu Fang,NA,0,0,0,0,0,0,0,2008
3000,Boon Lay,Samulun,NA,10,0,0,0,0,0,0,2008
3001,Boon Lay,Shipyard,NA,10,0,0,0,0,0,0,2008
3002,Boon Lay,Tukang,NA,20,0,0,0,0,0,0,2008
3003,Bukit Batok,Brickworks,West Region,0,0,0,0,0,0,0,2008
3004,Bukit Batok,Bukit Batok Central,West Region,26880,8610,1890,16410,31.9955288,7.023408761,60.98102528,2008
3005,Bukit Batok,Bukit Batok East,West Region,16030,4990,1070,9980,31.10970629,6.670818784,62.21941258,2008
3006,Bukit Batok,Bukit Batok South,West Region,14630,5430,660,8550,37.0901386,4.508193642,58.40159945,2008
3007,Bukit Batok,Bukit Batok West,West Region,16310,5220,1140,9950,32.00488534,6.989572661,61.00548068,2008
3008,Bukit Batok,Gombak,West Region,8800,2490,820,5490,28.29542239,9.318171229,62.38629274,2008
3009,Bukit Batok,Guilin,West Region,13780,4500,890,8390,32.65599952,6.458631017,60.88529689,2008
3010,Bukit Batok,Hillview,West Region,17760,6440,950,10380,36.24083498,5.346085905,58.41302284,2008
3011,Bukit Batok,Hong Kah,West Region,30100,10160,1770,18170,33.75414161,5.880396717,60.36542845,2008
3012,Bukit Merah,Alexandra Hill,Central Region,16210,4210,2450,9560,25.95559436,15.10479957,58.93954443,2008
3013,Bukit Merah,Alexandra North,Central Region,750,240,20,500,31.57853186,2.631544322,65.78860804,2008
3014,Bukit Merah,Bukit Ho Swee,Central Region,15770,3420,2840,9530,21.65926431,17.98605574,60.35461662,2008
3015,Bukit Merah,Bukit Merah,Central Region,1320,380,160,820,27.94097102,11.76461938,60.29367431,2008
3016,Bukit Merah,Depot Road,Central Region,5060,1230,620,3190,24.40471348,12.30156289,63.29352521,2008
3017,Bukit Merah,Everton Park,Central Region,9500,2060,1410,6050,21.63863273,14.81090881,63.55035341,2008
3018,Bukit Merah,Henderson Hill,Central Region,15790,3690,2750,9380,23.32489044,17.38304843,59.29199792,2008
3019,Bukit Merah,Kampong Tiong Bahru,Central Region,11730,2710,1930,7080,23.12284716,16.46756274,60.40950477,2008
3020,Bukit Merah,Maritime Square,Central Region,1880,510,120,1260,26.98398421,6.349172756,66.66631393,2008
3021,Bukit Merah,Redhill,Central Region,11110,2670,1620,6830,24.01076977,14.56833222,61.42080807,2008
3022,Bukit Merah,Singapore General Hospital,Central Region,30,0,0,0,0,0,0,2008
3023,Bukit Merah,Tanjong Pagar,Central Region,10,0,0,0,0,0,0,2008
3024,Bukit Merah,Telok Blangah Drive,Central Region,16340,4040,2360,9950,24.70946501,14.43424194,60.85623189,2008
3025,Bukit Merah,Telok Blangah Rise,Central Region,15070,3660,2050,9370,24.27054093,13.59415544,62.13523731,2008
3026,Bukit Merah,Telok Blangah Way,Central Region,11140,2500,1840,6820,22.40141362,16.48744042,61.11105635,2008
3027,Bukit Merah,Tiong Bahru,Central Region,8400,1690,1360,5360,20.09510096,16.1712055,63.73357463,2008
3028,Bukit Merah,Tiong Bahru Station,Central Region,16550,4190,2360,10020,25.28664738,14.24259853,60.47069374,2008
3029,Bukit Panjang,Bangkit,West Region,25210,8440,2090,14700,33.45222614,8.283785857,58.26394837,2008
3030,Bukit Panjang,Bukit Panjang,West Region,34660,12210,2180,20300,35.1974531,6.284229956,58.51828812,2008
3031,Bukit Panjang,Dairy Farm,West Region,3630,1280,260,2090,35.26161085,7.162514704,57.57559897,2008
3032,Bukit Panjang,Fajar,West Region,22860,8250,1330,13290,36.07344291,5.81547625,58.11103712,2008
3033,Bukit Panjang,Nature Reserve,West Region,3510,1220,210,2080,34.75773573,5.982888938,59.25909043,2008
3034,Bukit Panjang,Saujana,West Region,21740,8130,1010,12590,37.41369654,4.647950001,57.93830744,2008
3035,Bukit Panjang,Senja,West Region,15900,5710,820,9390,35.86681164,5.150750533,58.98237501,2008
3036,Bukit Timah,Anak Bukit,Central Region,21910,7220,2160,12520,32.96802148,9.863009195,57.16892367,2008
3037,Bukit Timah,Coronation Road,Central Region,5480,1690,680,3120,30.78318619,12.38613409,56.83049758,2008
3038,Bukit Timah,Farrer Court,Central Region,4080,1130,590,2380,27.56090839,14.3902088,58.04863891,2008
3039,Bukit Timah,Hillcrest,Central Region,8100,2540,940,4620,31.35798598,11.60492394,57.03696662,2008
3040,Bukit Timah,Holland Road,Central Region,8050,2660,800,4600,33.00244044,9.925545998,57.07188949,2008
3041,Bukit Timah,Leedon Park,Central Region,5750,1610,580,3560,27.9999513,10.08693898,61.9129358,2008
3042,Bukit Timah,Swiss Club,Central Region,5150,1650,620,2880,32.03877274,12.03881158,55.92222151,2008
3043,Bukit Timah,Ulu Pandan,Central Region,10770,3460,1020,6290,32.12624687,9.470743296,58.40291699,2008
3044,Central Water Catchment,Central Water Catchment,NA,10,0,0,0,0,0,0,2008
3045,Changi,Changi Airport,East Region,10,0,0,0,0,0,0,2008
3046,Changi,Changi Point,East Region,680,140,120,420,20.58793253,17.64679931,61.76379759,2008
3047,Changi,Changi West,East Region,1210,500,50,650,41.66631945,4.166631945,54.16621528,2008
3048,Changi Bay,Changi Bay,NA,0,0,0,0,0,0,0,2008
3049,Choa Chu Kang,Central,West Region,20130,7420,1110,11620,36.82380307,5.50868213,57.66746518,2008
3050,Choa Chu Kang,Keat Hong,West Region,16450,6220,870,9370,37.78855541,5.285537494,56.92584634,2008
3051,Choa Chu Kang,Kranji North,West Region,15610,6320,580,8720,40.4609216,3.713185843,55.82582854,2008
3052,Choa Chu Kang,Pang Sua,West Region,17120,7070,710,9340,41.29670485,4.147193839,54.5560429,2008
3053,Choa Chu Kang,Peng Siang,West Region,31060,11430,1620,18020,36.78788645,5.214031151,57.99805021,2008
3054,Choa Chu Kang,Teck Whye,West Region,26670,9140,2090,15450,34.25785822,7.833580272,57.90852402,2008
3055,Choa Chu Kang,Yew Tee,West Region,44750,16330,2000,26410,36.49976833,4.470271687,59.02993763,2008
3056,Clementi,Clementi Central,West Region,13220,3140,1620,8480,23.71599417,12.23564031,64.04828999,2008
3057,Clementi,Clementi North,West Region,24210,5430,3250,15540,22.41947877,13.41865672,64.16182322,2008
3058,Clementi,Clementi West,West Region,17510,4720,1620,11170,26.95600973,9.251850798,63.79208236,2008
3059,Clementi,Clementi Woods,West Region,21200,5400,2520,13290,25.45967682,11.88118252,62.65909351,2008
3060,Clementi,Faber,West Region,4410,1480,350,2590,33.48408714,7.918534121,58.5971525,2008
3061,Clementi,Pandan,West Region,20,0,0,0,0,0,0,2008
3062,Clementi,Sunset Way,West Region,6790,2040,690,4070,29.99995588,10.1470439,59.85285316,2008
3063,Clementi,Toh Tuck,West Region,30,0,0,0,0,0,0,2008
3064,Clementi,West Coast,West Region,3640,1140,260,2260,31.14745588,7.103805727,61.74846517,2008
3065,Downtown Core,Anson,Central Region,120,20,20,70,18.18016544,18.18016544,63.63057904,2008
3066,Downtown Core,Bayfront Subzone,Central Region,0,0,0,0,0,0,0,2008
3067,Downtown Core,Bugis,Central Region,2750,530,520,1710,19.20282898,18.84051145,61.95629726,2008
3068,Downtown Core,Cecil,Central Region,60,0,0,0,0,0,0,2008
3069,Downtown Core,Central Subzone,Central Region,130,10,0,130,7.142346975,0,92.85051068,2008
3070,Downtown Core,City Hall,Central Region,80,0,0,0,0,0,0,2008
3071,Downtown Core,Clifford Pier,Central Region,0,0,0,0,0,0,0,2008
3072,Downtown Core,Marina Centre,Central Region,50,0,0,0,0,0,0,2008
3073,Downtown Core,Maxwell,Central Region,0,0,0,0,0,0,0,2008
3074,Downtown Core,Phillip,Central Region,10,0,0,0,0,0,0,2008
3075,Downtown Core,Raffles Place,Central Region,110,40,0,80,33.33055579,0,66.66111157,2008
3076,Downtown Core,Tanjong Pagar,Central Region,410,80,30,290,19.99950001,7.499812505,72.49818755,2008
3077,Geylang,Aljunied,Central Region,43940,11550,5510,26890,26.2798575,12.53697098,61.18314876,2008
3078,Geylang,Geylang East,Central Region,32040,8970,3840,19240,27.98751077,11.98127551,60.03118252,2008
3079,Geylang,Kallang Way,Central Region,60,0,0,0,0,0,0,2008
3080,Geylang,Kampong Ubi,Central Region,14100,4840,860,8410,34.30188923,6.094963788,59.60307611,2008
3081,Geylang,Macpherson,Central Region,29920,8010,4530,17370,26.78033207,15.14543125,58.07420325,2008
3082,Hougang,Defu Industrial Park,North East Region,30,0,0,0,0,0,0,2008
3083,Hougang,Hougang Central,North East Region,50310,16020,4300,29980,31.84890023,8.548706054,59.60237384,2008
3084,Hougang,Lorong Ah Soo,North East Region,35340,10020,3970,21380,28.32908444,11.22419813,60.44668916,2008
3085,Hougang,Rosyth,North East Region,22770,7370,2240,13160,32.36713554,9.837501169,57.79531937,2008
3086,Hougang,Sungei Serangoon,North East Region,0,0,0,0,0,0,0,2008
3087,Hougang,Tai Keng,North East Region,12990,4110,1410,7490,31.5910595,10.83780873,57.5710549,2008
3088,Hougang,Trafalgar,North East Region,95330,31590,7020,56730,33.13404309,7.363120688,59.50282573,2008
3089,Jurong East,Boon Lay,West Region,20230,6350,1680,12210,31.37350229,8.300391156,60.32605715,2008
3090,Jurong East,International Business Park,West Region,10,0,0,0,0,0,0,2008
3091,Jurong East,Jurong Lake,West Region,1160,280,140,770,23.52921404,11.76460702,64.70533861,2008
3092,Jurong East,Jurong Port,West Region,0,0,0,0,0,0,0,2008
3093,Jurong East,Jurong Regional Centre,West Region,2570,730,270,1580,28.29446397,10.46507572,61.24007271,2008
3094,Jurong East,Jurong River,West Region,10,0,0,0,0,0,0,2008
3095,Jurong East,Penjuru Crescent,West Region,20,0,0,0,0,0,0,2008
3096,Jurong East,Teban Gardens,West Region,19060,5540,1720,11790,29.08134956,9.028866652,61.88973129,2008
3097,Jurong East,Toh Guan,West Region,15330,5390,720,9230,35.1368741,4.693608414,60.1694523,2008
3098,Jurong East,Yuhua,West Region,30110,8790,2670,18660,29.18325724,8.86453889,61.95217067,2008
3099,Jurong West,Boon Lay,West Region,22910,6950,1800,14160,30.33608453,7.856827649,61.80704417,2008
3100,Jurong West,Boon Lay,North Region,22910,6950,1800,14160,30.33608453,7.856827649,61.80704417,2008
3101,Jurong West,Central,West Region,67810,22810,2700,42320,33.62818316,3.980538997,62.3912631,2008
3102,Jurong West,Central,North Region,67810,22810,2700,42320,33.62818316,3.980538997,62.3912631,2008
3103,Jurong West,Chin Bee,West Region,10,0,0,0,0,0,0,2008
3104,Jurong West,Chin Bee,North Region,10,0,0,0,0,0,0,2008
3105,Jurong West,Hong Kah,West Region,59580,18850,4180,36580,31.62220573,7.012245091,61.3655324,2008
3106,Jurong West,Hong Kah,North Region,59580,18850,4180,36580,31.62220573,7.012245091,61.3655324,2008
3107,Jurong West,Kian Teck,West Region,50,0,0,0,0,0,0,2008
3108,Jurong West,Kian Teck,North Region,50,0,0,0,0,0,0,2008
3109,Jurong West,Safti,West Region,0,0,0,0,0,0,0,2008
3110,Jurong West,Safti,North Region,0,0,0,0,0,0,0,2008
3111,Jurong West,Taman Jurong,West Region,32120,10840,2200,19090,33.73792912,6.847181187,59.41485857,2008
3112,Jurong West,Taman Jurong,North Region,32120,10840,2200,19090,33.73792912,6.847181187,59.41485857,2008
3113,Jurong West,Wenya,West Region,8210,2640,380,5210,32.0777253,4.617248339,63.30490485,2008
3114,Jurong West,Wenya,North Region,8210,2640,380,5210,32.0777253,4.617248339,63.30490485,2008
3115,Jurong West,Yunnan,West Region,73340,26720,3380,43260,36.4231139,4.607414857,58.96945761,2008
3116,Jurong West,Yunnan,North Region,73340,26720,3380,43260,36.4231139,4.607414857,58.96945761,2008
3117,Kallang,Bendemeer,Central Region,29630,7440,4130,18070,25.10120611,13.93386844,60.96489171,2008
3118,Kallang,Boon Keng,Central Region,11030,2710,1570,6750,24.56933403,14.23389462,61.19668069,2008
3119,Kallang,Crawford,Central Region,9990,1910,2310,5780,19.0999809,23.0999769,57.7999422,2008
3120,Kallang,Geylang Bahru,Central Region,13800,3460,2060,8300,25.03616133,14.90592264,60.05784366,2008
3121,Kallang,Kallang Bahru,Central Region,20,0,0,0,0,0,0,2008
3122,Kallang,Kampong Bugis,Central Region,830,220,90,540,25.88204845,10.58811073,63.52866437,2008
3123,Kallang,Kampong Java,Central Region,12010,3020,1540,7440,25.16664569,12.83332264,61.99994833,2008
3124,Kallang,Lavender,Central Region,10010,2400,1430,6190,23.9520719,14.27144284,61.77638545,2008
3125,Kallang,Tanjong Rhu,Central Region,10900,3000,1040,6870,27.49768332,9.532530218,62.9696948,2008
3126,Lim Chu Kang,Lim Chu Kang,NA,90,0,0,0,0,0,0,2008
3127,Mandai,Subzone 1,North Region,0,0,0,0,0,0,0,2008
3128,Mandai,Subzone 2,North Region,0,0,0,0,0,0,0,2008
3129,Mandai,Subzone 3,North Region,1530,530,120,890,34.41536094,7.792157194,57.79183252,2008
3130,Marina East,Marina East,NA,0,0,0,0,0,0,0,2008
3131,Marina South,Marina South,NA,0,0,0,0,0,0,0,2008
3132,Marine Parade,East Coast,Central Region,0,0,0,0,0,0,0,2008
3133,Marine Parade,Katong,Central Region,9270,2750,1120,5410,29.63358876,12.06895251,58.29735097,2008
3134,Marine Parade,Marina East,Central Region,0,0,0,0,0,0,0,2008
3135,Marine Parade,Marine Parade,Central Region,28020,7180,4550,16290,25.62454474,16.23839535,58.13702422,2008
3136,Marine Parade,Mountbatten,Central Region,9100,2740,920,5440,30.10985702,10.109879,59.78015409,2008
3137,Museum,Bras Basah,Central Region,10,0,0,0,0,0,0,2008
3138,Museum,Dhoby Ghaut,Central Region,140,40,0,110,26.66488901,0,73.32844477,2008
3139,Museum,Fort Canning,Central Region,150,20,10,110,14.28469395,7.142346975,78.56581673,2008
3140,Newton,Cairnhill,Central Region,2730,750,340,1650,27.37216288,12.40871384,60.21875833,2008
3141,Newton,Goodwood Park,Central Region,700,220,50,450,30.55513118,6.944347995,62.49913196,2008
3142,Newton,Istana Negara,Central Region,60,0,0,0,0,0,0,2008
3143,Newton,Monk's Hill,Central Region,1160,310,130,710,26.95628734,11.30424953,61.73859358,2008
3144,Newton,Newton Circus,Central Region,80,0,0,0,0,0,0,2008
3145,Newton,Orange Grove,Central Region,1260,320,100,830,25.5997952,7.999936001,66.3994688,2008
3146,North Eastern Islands,North Eastern Islands,NA,60,0,0,0,0,0,0,2008
3147,Novena,Balestier,Central Region,32460,8470,4450,19540,26.09364569,13.70917631,60.1971472,2008
3148,Novena,Dunearn,Central Region,3730,1120,490,2110,30.10744595,13.1720076,56.72027763,2008
3149,Novena,Malcolm,Central Region,2610,810,290,1520,30.91591253,11.06866004,58.01504574,2008
3150,Novena,Moulmein,Central Region,6700,1950,630,4120,29.10443417,9.40297104,61.49244553,2008
3151,Novena,Mount Pleasant,Central Region,640,180,80,380,28.12456055,12.49980469,59.37407228,2008
3152,Orchard,Boulevard,Central Region,270,40,50,200,13.79262784,17.2407848,68.9631392,2008
3153,Orchard,Somerset,Central Region,130,30,10,110,19.99866676,6.666222252,73.32844477,2008
3154,Orchard,Tanglin,Central Region,350,80,20,260,22.22160496,5.555401239,72.22021611,2008
3155,Outram,China Square,Central Region,1840,330,330,1190,17.83774142,17.83774142,64.32397663,2008
3156,Outram,Chinatown,Central Region,6580,1110,1510,3950,16.89495145,22.98322225,60.12167409,2008
3157,Outram,Pearl's Hill,Central Region,8270,1600,1840,4840,19.32364816,22.22219538,58.45403568,2008
3158,Outram,People's Park,Central Region,530,110,60,390,19.64250638,10.71409439,69.64161354,2008
3159,Pasir Ris,Elias,East Region,36030,13920,1790,20330,38.62374067,4.966702284,56.4095293,2008
3160,Pasir Ris,Loyang,East Region,10,0,0,0,0,0,0,2008
3161,Pasir Ris,Loyang East,East Region,12760,4500,970,7290,35.26643004,7.60187492,57.13161667,2008
3162,Pasir Ris,Pasir Ris Drive,East Region,61170,23490,3370,34340,38.38234667,5.506535048,56.11110194,2008
3163,Pasir Ris,Pasir Ris Park,East Region,1270,460,60,750,36.22018724,4.724372249,59.05465311,2008
3164,Pasir Ris,Pasir Ris Town,East Region,20770,7790,1140,11850,37.48795116,5.486041633,57.02595908,2008
3165,Pasir Ris,Pasir Ris West,East Region,50,0,0,0,0,0,0,2008
3166,Paya Lebar,Airport Road,NA,0,0,0,0,0,0,0,2008
3167,Paya Lebar,Paya Lebar East,NA,10,0,0,0,0,0,0,2008
3168,Paya Lebar,Paya Lebar North,NA,50,0,0,0,0,0,0,2008
3169,Paya Lebar,Paya Lebar West,NA,40,0,0,0,0,0,0,2008
3170,Paya Lebar,Plab,NA,0,0,0,0,0,0,0,2008
3171,Pioneer,Benoi Sector,NA,10,0,0,0,0,0,0,2008
3172,Pioneer,Gul Basin,NA,10,0,0,0,0,0,0,2008
3173,Pioneer,Gul Circle,NA,20,0,0,0,0,0,0,2008
3174,Pioneer,Joo Koon,NA,50,0,0,0,0,0,0,2008
3175,Pioneer,Pioneer Sector,NA,10,0,0,0,0,0,0,2008
3176,Punggol,Subzone 1,North East Region,210,50,20,140,23.80839008,9.523356031,66.66349221,2008
3177,Punggol,Subzone 2,North East Region,410,120,10,270,29.99925002,2.499937502,67.49831254,2008
3178,Punggol,Subzone 3,North East Region,6530,2090,350,4110,31.90834823,5.343503292,62.7479958,2008
3179,Punggol,Subzone 4,North East Region,41520,14190,1960,25380,34.16806305,4.719478758,61.11243412,2008
3180,Punggol,Subzone 5,North East Region,8290,2730,330,5240,32.89152664,3.975898824,63.13245406,2008
3181,Punggol,Subzone 6,North East Region,0,0,0,0,0,0,0,2008
3182,Queenstown,Commonwealth,Central Region,8840,1860,1750,5270,20.94592236,19.70718501,59.34678001,2008
3183,Queenstown,Dover,Central Region,11820,3250,1360,7230,27.44930114,11.48647679,61.06413761,2008
3184,Queenstown,Ghim Moh,Central Region,11950,2810,2150,7010,23.47533544,17.96155559,58.56302543,2008
3185,Queenstown,Holland Drive,Central Region,15560,3330,2760,9480,21.3872695,17.72638553,60.88628074,2008
3186,Queenstown,Kent Ridge,Central Region,1350,370,70,910,27.40720439,5.185146777,67.4069081,2008
3187,Queenstown,Margaret Drive,Central Region,8970,2240,1150,5560,25.027905,12.84914765,62.12283562,2008
3188,Queenstown,Mei Chin,Central Region,17370,4630,2580,10170,26.63980055,14.84464048,58.51550143,2008
3189,Queenstown,National University Of Singapore,Central Region,290,150,0,120,55.55349802,0,44.44279841,2008
3190,Queenstown,One North,Central Region,230,50,10,190,19.99920003,3.999840006,75.99696012,2008
3191,Queenstown,Pasir Panjang 1,Central Region,3550,1080,270,2200,30.42244951,7.605612379,61.97165642,2008
3192,Queenstown,Pasir Panjang 2,Central Region,3470,1050,220,2200,30.25927879,6.340039366,63.40039366,2008
3193,Queenstown,Port,Central Region,300,80,30,190,26.66577781,9.999666678,63.33122229,2008
3194,Queenstown,Queensway,Central Region,300,80,20,210,25.80561917,6.451404793,67.73975033,2008
3195,Queenstown,Singapore Polytechnic,Central Region,170,50,0,100,33.33111126,0,66.66222252,2008
3196,Queenstown,Tanglin Halt,Central Region,14320,3080,2480,8770,21.49335555,17.30633824,61.20023643,2008
3197,River Valley,Institution Hill,Central Region,2650,740,180,1720,28.03019686,6.818155992,65.15126837,2008
3198,River Valley,Leonie Hill,Central Region,2200,610,140,1450,27.72714669,6.363607438,65.90879132,2008
3199,River Valley,One Tree Hill,Central Region,1640,420,220,1010,25.45439119,13.33325253,61.21175023,2008
3200,River Valley,Oxley,Central Region,1410,300,210,910,21.12661178,14.78862825,64.08405575,2008
3201,River Valley,Paterson,Central Region,80,0,0,0,0,0,0,2008
3202,Rochor,Bencoolen,Central Region,1620,340,270,1010,20.98752477,16.66656379,62.34529416,2008
3203,Rochor,Farrer Park,Central Region,3420,800,450,2170,23.39174447,13.15785626,63.45010687,2008
3204,Rochor,Kampong Glam,Central Region,200,40,70,110,18.18099177,31.8167356,49.99772738,2008
3205,Rochor,Little India,Central Region,4290,1030,700,2560,24.00926804,16.31697828,59.67352057,2008
3206,Rochor,Mackenzie,Central Region,50,0,0,0,0,0,0,2008
3207,Rochor,Mount Emily,Central Region,980,220,70,680,22.68017855,7.216420449,70.10237008,2008
3208,Rochor,Rochor Canal,Central Region,10,0,0,0,0,0,0,2008
3209,Rochor,Selegie,Central Region,330,90,40,210,26.46980971,11.76435987,61.76288933,2008
3210,Rochor,Sungei Road,Central Region,2550,600,480,1470,23.52931949,18.82345559,57.64683276,2008
3211,Rochor,Victoria,Central Region,2490,490,420,1580,19.67863583,16.86740214,63.45356043,2008
3212,Seletar,Seletar,NA,300,90,10,230,27.27190085,3.030211206,69.69485773,2008
3213,Sembawang,Admiralty,North Region,11370,3780,710,6900,33.18697701,6.233532719,60.57940248,2008
3214,Sembawang,Sembawang Central,North Region,29760,10620,1320,17820,35.68547188,4.435482381,59.87901214,2008
3215,Sembawang,Sembawang East,North Region,110,50,20,70,35.71173488,14.28469395,49.99642883,2008
3216,Sembawang,Sembawang North,North Region,24330,8460,1110,14760,34.77187227,4.562266929,60.6658197,2008
3217,Sembawang,Sembawang Springs,North Region,3560,1110,460,1970,31.35584363,12.99431358,55.64956031,2008
3218,Sembawang,Sembawang Straits,North Region,880,270,100,520,30.33673779,11.23582881,58.42630982,2008
3219,Sembawang,Senoko North,North Region,30,0,0,0,0,0,0,2008
3220,Sembawang,Senoko South,North Region,30,0,0,0,0,0,0,2008
3221,Sembawang,The Wharves,North Region,10,0,0,0,0,0,0,2008
3222,Sengkang,Buangkok,North East Region,30410,10220,1430,18770,33.59630717,4.700853156,61.7028068,2008
3223,Sengkang,Jalan Kayu East,North East Region,10900,3380,550,6970,31.00914586,5.04586693,63.94489546,2008
3224,Sengkang,Jalan Kayu West,North East Region,1170,280,340,550,23.93141939,29.05958069,47.00814523,2008
3225,Sengkang,Sengkang Town Centre,North East Region,51180,17980,2650,30560,35.1240408,5.176791331,59.69914833,2008
3226,Sengkang,Sungei Serangoon East,North East Region,0,0,0,0,0,0,0,2008
3227,Sengkang,Sungei Serangoon West,North East Region,56140,19720,2940,33490,35.12020746,5.235974134,59.6438006,2008
3228,Sengkang,Trafalgar,North East Region,11190,3210,570,7420,28.6606887,5.08928117,66.24994085,2008
3229,Serangoon,Seletar Hills,North East Region,11790,3800,1330,6670,32.20336254,11.27117689,56.52537583,2008
3230,Serangoon,Serangoon Central,North East Region,53390,16210,5160,32010,30.36717303,9.666539965,59.96626827,2008
3231,Serangoon,Serangoon Garden,North East Region,40680,11810,4740,24120,29.03859625,11.65477953,59.30659963,2008
3232,Serangoon,Serangoon North,North East Region,18690,6740,1010,10940,36.06204598,5.403956445,58.53394407,2008
3233,Simpang,Pulau Seletar,NA,0,0,0,0,0,0,0,2008
3234,Simpang,Simpang North,NA,0,0,0,0,0,0,0,2008
3235,Simpang,Simpang South,NA,0,0,0,0,0,0,0,2008
3236,Simpang,Tanjong Irau,NA,0,0,0,0,0,0,0,2008
3237,Singapore River,Boat Quay,Central Region,180,40,30,130,19.99900005,14.99925004,64.99675016,2008
3238,Singapore River,Clarke Quay,Central Region,120,30,10,100,21.42704093,7.142346975,71.42346975,2008
3239,Singapore River,Robertson Quay,Central Region,1360,330,80,960,24.08741542,5.839373435,70.07248122,2008
3240,Southern Islands,Sentosa,Central Region,380,110,10,260,28.94660667,2.631509697,68.41925212,2008
3241,Southern Islands,Southern Group,Central Region,0,0,0,0,0,0,0,2008
3242,Straits View,Straits View,NA,0,0,0,0,0,0,0,2008
3243,Sungei Kadut,Kranji,North Region,20,0,0,0,0,0,0,2008
3244,Sungei Kadut,Mandai,North Region,160,0,130,30,0,81.24492219,18.7488282,2008
3245,Sungei Kadut,Pang Sua,North Region,20,0,0,0,0,0,0,2008
3246,Sungei Kadut,Reservoir View,North Region,20,0,0,0,0,0,0,2008
3247,Sungei Kadut,Turf Club,North Region,650,180,120,390,26.08657846,17.3910523,56.52091999,2008
3248,Tampines,Simei,East Region,42920,14510,2710,25700,33.80707507,6.314071222,59.87883041,2008
3249,Tampines,Tampines East,East Region,138450,47190,9640,81630,34.08204289,6.962299078,58.9556508,2008
3250,Tampines,Tampines North,East Region,0,0,0,0,0,0,0,2008
3251,Tampines,Tampines West,East Region,77880,27300,5040,45560,35.0449249,6.469832289,58.48522998,2008
3252,Tampines,Xilin,East Region,2100,720,100,1280,34.28555102,4.761882086,60.9520907,2008
3253,Tanglin,Chatsworth,Central Region,4840,1300,450,3100,26.80406845,9.278331385,63.91739398,2008
3254,Tanglin,Nassim,Central Region,7220,2130,680,4390,29.58329225,9.444431327,60.97213754,2008
3255,Tanglin,Ridout,Central Region,1250,320,150,800,25.19665199,11.81093062,62.99162999,2008
3256,Tanglin,Tyersall,Central Region,3370,1010,370,1990,29.97023748,10.97919591,59.05026988,2008
3257,Tengah,Tengah,NA,10,0,0,0,0,0,0,2008
3258,Toa Payoh,Bidadari,Central Region,10,0,0,0,0,0,0,2008
3259,Toa Payoh,Boon Teck,Central Region,15330,3780,2810,8730,24.67361314,18.34202458,56.98429701,2008
3260,Toa Payoh,Braddell,Central Region,11490,2860,1840,6800,24.86954359,15.99998609,59.13038336,2008
3261,Toa Payoh,Kallang,Central Region,8760,2240,1430,5110,25.51249942,16.2869974,58.20038929,2008
3262,Toa Payoh,Kim Keat,Central Region,8930,2480,1100,5370,27.70946625,12.29048906,59.99993296,2008
3263,Toa Payoh,Marymount,Central Region,13270,2920,2410,7950,21.98793525,18.1475767,59.86441275,2008
3264,Toa Payoh,Paya Lebar,Central Region,6620,1780,890,3930,26.96965611,13.48482805,59.54536433,2008
3265,Toa Payoh,Pei Chun,Central Region,12360,3180,1840,7340,25.72813452,14.88671935,59.38506522,2008
3266,Toa Payoh,Potong Pasir,Central Region,13300,3270,1440,8590,24.58644768,10.82705953,64.5864176,2008
3267,Toa Payoh,Sennett,Central Region,4410,1210,710,2500,27.37550368,16.06331207,56.56095801,2008
3268,Toa Payoh,Toa Payoh Central,Central Region,26670,6850,3710,16120,25.67465305,13.90554201,60.41976746,2008
3269,Toa Payoh,Woodleigh,Central Region,1760,630,100,1070,34.99980556,5.555524692,59.4441142,2008
3270,Tuas,Pioneer,NA,20,0,0,0,0,0,0,2008
3271,Tuas,Tengeh,NA,0,0,0,0,0,0,0,2008
3272,Tuas,Tuas Bay,NA,20,0,0,0,0,0,0,2008
3273,Tuas,Tuas Coast,NA,0,0,0,0,0,0,0,2008
3274,Tuas,Tuas Promenade,NA,0,0,0,0,0,0,0,2008
3275,Tuas,Tuas View,NA,20,0,0,0,0,0,0,2008
3276,Western Islands,Bukum,NA,0,0,0,0,0,0,0,2008
3277,Western Islands,Jurong Island,NA,0,0,0,0,0,0,0,2008
3278,Western Islands,Sudong,NA,0,0,0,0,0,0,0,2008
3279,Western Water Catchment,Western Water Catchment,NA,1010,370,70,580,36.27415417,6.862677817,56.86218763,2008
3280,Woodlands,Greenwood Park,North Region,40,0,0,0,0,0,0,2008
3281,Woodlands,Midview,North Region,34490,13940,1640,18920,40.40578539,4.753621811,54.84056381,2008
3282,Woodlands,North Coast,North Region,15080,4670,1370,9060,30.92713184,9.072841674,59.99996026,2008
3283,Woodlands,Senoko West,North Region,10,0,0,0,0,0,0,2008
3284,Woodlands,Woodgrove,North Region,35140,13810,1590,19730,39.3111189,4.526044826,56.16280781,2008
3285,Woodlands,Woodlands East,North Region,94660,35960,3630,55080,37.984574,3.834371624,58.18104382,2008
3286,Woodlands,Woodlands Regional Centre,North Region,0,0,0,0,0,0,0,2008
3287,Woodlands,Woodlands South,North Region,32120,12210,1310,18610,38.00185559,4.077185161,57.92092813,2008
3288,Woodlands,Woodlands West,North Region,31220,10410,2590,18220,33.34399957,8.295961468,58.36000693,2008
3289,Yishun,Khatib,North Region,11660,3730,750,7180,31.98968097,6.432241482,61.57799179,2008
3290,Yishun,Lower Seletar,North Region,1010,400,70,550,39.21530181,6.862677817,53.92103999,2008
3291,Yishun,Nee Soon,North Region,880,280,80,510,32.18353812,9.195296606,58.62001586,2008
3292,Yishun,Northland,North Region,32710,11070,1950,19690,33.84285116,5.961477847,60.19564042,2008
3293,Yishun,Springleaf,North Region,3530,1200,300,2050,33.80272168,8.450680421,57.74631621,2008
3294,Yishun,Yishun Central,North Region,1610,540,120,970,33.12863111,7.361918025,59.50883737,2008
3295,Yishun,Yishun East,North Region,32390,11730,1610,19050,36.21486996,4.970668425,58.81443075,2008
3296,Yishun,Yishun South,North Region,40400,13440,2740,24250,33.24263338,6.777144008,59.98019788,2008
3297,Yishun,Yishun West,North Region,60170,18930,4570,36680,31.45562787,7.59388375,60.95047176,2008
3298,Planning Area,Subzone,NA,0,0,0,0,0,0,0,2008
3299,Ang Mo Kio,Cheng San,North East Region,29900,7630,3180,19110,25.50132838,10.62833869,63.87029951,2007
3300,Ang Mo Kio,Chong Boon,North East Region,29360,7350,3590,18430,25.02552774,12.22335301,62.75108521,2007
3301,Ang Mo Kio,Kebun Bahru,North East Region,25320,6630,3130,15570,26.17448631,12.35688419,61.46859002,2007
3302,Ang Mo Kio,Seletar,North East Region,0,0,0,0,0,0,0,2007
3303,Ang Mo Kio,Sembawang Hills,North East Region,6660,2230,760,3660,33.53378416,11.42855424,55.03751122,2007
3304,Ang Mo Kio,Shangri-La,North East Region,20610,5140,2810,12640,24.96356243,13.64739502,61.38899398,2007
3305,Ang Mo Kio,Sindo,North East Region,7130,2550,650,3920,35.81455644,9.129200661,55.05610245,2007
3306,Ang Mo Kio,Town Centre,North East Region,4810,1450,440,2940,30.02064178,9.109711988,60.86943919,2007
3307,Ang Mo Kio,Townsville,North East Region,20980,4990,2780,13220,23.77321402,13.24439579,62.98234255,2007
3308,Ang Mo Kio,Yio Chu Kang,North East Region,30270,9150,2470,18650,30.22793848,8.159891589,61.6121369,2007
3309,Bedok,Bayshore,East Region,6020,1800,390,3850,29.80127516,6.456942952,63.74161632,2007
3310,Bedok,Bedok North,East Region,85970,24970,9080,51920,29.04501232,10.56182266,60.39315338,2007
3311,Bedok,Bedok Reservoir,East Region,23000,7740,1660,13610,33.63753427,7.214251537,59.14817073,2007
3312,Bedok,Bedok South,East Region,52690,15130,6440,31110,28.72057162,12.22475091,59.05465849,2007
3313,Bedok,Frankel,East Region,30410,9240,3750,17450,30.35478635,12.31931264,57.32586816,2007
3314,Bedok,Kaki Bukit,East Region,42820,14550,3010,25270,33.97150736,7.027782623,59.00068667,2007
3315,Bedok,Kembangan,East Region,37570,11000,4320,22250,29.278672,11.49853301,59.22276837,2007
3316,Bedok,Siglap,East Region,7460,2050,1050,4390,27.36978989,14.01867287,58.61140372,2007
3317,Bishan,Bishan East,Central Region,30120,9310,2500,18330,30.88917356,8.294622331,60.81617093,2007
3318,Bishan,Marymount,Central Region,28900,9730,1980,17180,33.67946221,6.853580182,59.466923,2007
3319,Bishan,Upper Thomson,Central Region,31260,9190,3810,18280,29.379786,12.18030301,58.43987902,2007
3320,Boon Lay,Liu Fang,NA,0,0,0,0,0,0,0,2007
3321,Boon Lay,Samulun,NA,10,0,0,0,0,0,0,2007
3322,Boon Lay,Shipyard,NA,10,0,0,0,0,0,0,2007
3323,Boon Lay,Tukang,NA,10,0,0,0,0,0,0,2007
3324,Bukit Batok,Brickworks,West Region,0,0,0,0,0,0,0,2007
3325,Bukit Batok,Bukit Batok Central,West Region,26450,8640,1770,16050,32.65304888,6.689339876,60.65757345,2007
3326,Bukit Batok,Bukit Batok East,West Region,15550,5020,1020,9530,32.24146934,6.551055523,61.20741091,2007
3327,Bukit Batok,Bukit Batok South,West Region,14530,5520,630,8380,37.99033862,4.335853864,57.6737387,2007
3328,Bukit Batok,Bukit Batok West,West Region,16010,5250,1080,9690,32.77151512,6.741568825,60.48685363,2007
3329,Bukit Batok,Gombak,West Region,8480,2390,770,5310,28.21720399,9.090898358,62.69177958,2007
3330,Bukit Batok,Guilin,West Region,13450,4500,820,8130,33.4572242,6.096649742,60.44605171,2007
3331,Bukit Batok,Hillview,West Region,17680,6500,910,10280,36.74390235,5.144146329,58.11189479,2007
3332,Bukit Batok,Hong Kah,West Region,29310,10200,1660,17450,34.80039754,5.66359411,59.53597423,2007
3333,Bukit Merah,Alexandra Hill,Central Region,15880,4120,2350,9410,25.94456804,14.79847935,59.25688964,2007
3334,Bukit Merah,Alexandra North,Central Region,700,210,40,470,29.16626158,5.555478396,65.27687115,2007
3335,Bukit Merah,Bukit Ho Swee,Central Region,15730,3380,2810,9520,21.51494493,17.88668499,60.59830643,2007
3336,Bukit Merah,Bukit Merah,Central Region,1310,370,140,820,27.8193397,10.52623664,61.65367178,2007
3337,Bukit Merah,Depot Road,Central Region,5090,1250,590,3280,24.41401482,11.52341499,64.06237488,2007
3338,Bukit Merah,Everton Park,Central Region,9580,2110,1410,6090,21.95627268,14.67220117,63.37142209,2007
3339,Bukit Merah,Henderson Hill,Central Region,15630,3560,2720,9360,22.76213378,17.39129323,59.84650905,2007
3340,Bukit Merah,Kampong Tiong Bahru,Central Region,11540,2700,1860,7000,23.35638118,16.08995148,60.55358084,2007
3341,Bukit Merah,Maritime Square,Central Region,1870,510,110,1270,26.98398421,5.820075026,67.19541166,2007
3342,Bukit Merah,Redhill,Central Region,10210,2450,1500,6260,23.99605877,14.69146455,61.31237873,2007
3343,Bukit Merah,Singapore General Hospital,Central Region,30,0,0,0,0,0,0,2007
3344,Bukit Merah,Tanjong Pagar,Central Region,10,0,0,0,0,0,0,2007
3345,Bukit Merah,Telok Blangah Drive,Central Region,16250,4030,2250,9980,24.7847326,13.83762987,61.37757603,2007
3346,Bukit Merah,Telok Blangah Rise,Central Region,15040,3730,1980,9340,24.78403669,13.15613744,62.05975943,2007
3347,Bukit Merah,Telok Blangah Way,Central Region,11020,2470,1800,6770,22.37316814,16.30433306,61.32240822,2007
3348,Bukit Merah,Tiong Bahru,Central Region,8230,1600,1330,5310,19.41745216,16.14075711,64.44166937,2007
3349,Bukit Merah,Tiong Bahru Station,Central Region,14880,3670,2220,8990,24.66396192,14.91934481,60.41662606,2007
3350,Bukit Panjang,Bangkit,West Region,24930,8480,1980,14470,34.01522904,7.942235081,58.04249577,2007
3351,Bukit Panjang,Bukit Panjang,West Region,34100,12160,2070,19880,35.64935924,6.068599804,58.28201164,2007
3352,Bukit Panjang,Dairy Farm,West Region,3560,1280,230,2050,35.95495518,6.460656009,57.58410791,2007
3353,Bukit Panjang,Fajar,West Region,22260,8120,1240,12900,36.47797103,5.570527596,57.95145645,2007
3354,Bukit Panjang,Nature Reserve,West Region,3000,1080,180,1780,35.52619893,5.921033154,58.55243897,2007
3355,Bukit Panjang,Saujana,West Region,21390,8140,1000,12280,38.00184967,4.668531901,57.32957174,2007
3356,Bukit Panjang,Senja,West Region,15420,5630,640,9160,36.48733863,4.147761408,59.36483515,2007
3357,Bukit Timah,Anak Bukit,Central Region,21930,7320,2160,12480,33.33331815,9.836061095,56.83057521,2007
3358,Bukit Timah,Coronation Road,Central Region,5350,1630,650,3080,30.41039103,12.12684305,57.46257936,2007
3359,Bukit Timah,Farrer Court,Central Region,5540,1530,800,3210,27.61727867,14.44040715,57.94213368,2007
3360,Bukit Timah,Hillcrest,Central Region,7990,2520,890,4560,31.61852996,11.16686177,57.21448279,2007
3361,Bukit Timah,Holland Road,Central Region,7740,2560,750,4460,32.94719054,9.65249723,57.40018353,2007
3362,Bukit Timah,Leedon Park,Central Region,5610,1610,540,3470,28.64763586,9.608523828,61.74366238,2007
3363,Bukit Timah,Swiss Club,Central Region,4970,1610,580,2770,32.45961198,11.69352481,55.8466616,2007
3364,Bukit Timah,Ulu Pandan,Central Region,10490,3420,940,6120,32.63355665,8.96945709,58.39689084,2007
3365,Central Water Catchment,Central Water Catchment,NA,10,0,0,0,0,0,0,2007
3366,Changi,Changi Airport,East Region,10,0,0,0,0,0,0,2007
3367,Changi,Changi Point,East Region,520,110,70,340,21.15343936,13.46127959,65.38335801,2007
3368,Changi,Changi West,East Region,1140,470,60,620,40.86920983,5.217345936,53.91257467,2007
3369,Changi Bay,Changi Bay,NA,0,0,0,0,0,0,0,2007
3370,Choa Chu Kang,Central,West Region,19770,7400,1070,11300,37.43043124,5.412238031,57.15728014,2007
3371,Choa Chu Kang,Keat Hong,West Region,16200,6250,830,9120,38.5802231,5.123453627,56.29626155,2007
3372,Choa Chu Kang,Kranji North,West Region,15360,6280,570,8520,40.85878929,3.708520684,55.43262496,2007
3373,Choa Chu Kang,Pang Sua,West Region,16960,7070,720,9170,41.68629618,4.245280516,54.06836435,2007
3374,Choa Chu Kang,Peng Siang,West Region,30630,11470,1550,17640,37.41029439,5.055445187,57.53422781,2007
3375,Choa Chu Kang,Teck Whye,West Region,26210,9170,1990,15060,34.97328948,7.589623345,57.43704903,2007
3376,Choa Chu Kang,Yew Tee,West Region,43390,15890,1910,25580,36.62977487,4.402949654,58.96725243,2007
3377,Clementi,Clementi Central,West Region,12780,3070,1530,8180,24.02189044,11.97182162,64.0062097,2007
3378,Clementi,Clementi North,West Region,23770,5390,3040,15360,22.65656887,12.77847298,64.56491611,2007
3379,Clementi,Clementi West,West Region,17260,4800,1530,10940,27.7938461,8.859288443,63.34680756,2007
3380,Clementi,Clementi Woods,West Region,19940,5070,2410,12470,25.4135211,12.08019445,62.50623433,2007
3381,Clementi,Faber,West Region,4370,1500,340,2520,34.40359082,7.798147252,57.79803257,2007
3382,Clementi,Pandan,West Region,20,0,0,0,0,0,0,2007
3383,Clementi,Sunset Way,West Region,6730,2070,630,4030,30.75775519,9.361055927,59.8810403,2007
3384,Clementi,Toh Tuck,West Region,20,0,0,0,0,0,0,2007
3385,Clementi,West Coast,West Region,3270,1030,210,2020,31.59499511,6.441698032,61.96300011,2007
3386,Downtown Core,Anson,Central Region,90,0,0,0,0,0,0,2007
3387,Downtown Core,Bayfront Subzone,Central Region,0,0,0,0,0,0,0,2007
3388,Downtown Core,Bugis,Central Region,2700,560,490,1670,20.5881596,18.01463965,61.3968331,2007
3389,Downtown Core,Cecil,Central Region,60,0,0,0,0,0,0,2007
3390,Downtown Core,Central Subzone,Central Region,10,0,0,0,0,0,0,2007
3391,Downtown Core,City Hall,Central Region,70,0,0,0,0,0,0,2007
3392,Downtown Core,Clifford Pier,Central Region,0,0,0,0,0,0,0,2007
3393,Downtown Core,Marina Centre,Central Region,40,0,0,0,0,0,0,2007
3394,Downtown Core,Maxwell,Central Region,0,0,0,0,0,0,0,2007
3395,Downtown Core,Phillip,Central Region,10,0,0,0,0,0,0,2007
3396,Downtown Core,Raffles Place,Central Region,90,0,0,0,0,0,0,2007
3397,Downtown Core,Tanjong Pagar,Central Region,380,80,30,270,21.05207758,7.894529091,71.05076182,2007
3398,Geylang,Aljunied,Central Region,44020,11770,5380,26880,26.73176772,12.21893886,61.04927071,2007
3399,Geylang,Geylang East,Central Region,31600,8990,3720,18900,28.44035798,11.76842399,59.7911864,2007
3400,Geylang,Kallang Way,Central Region,50,0,0,0,0,0,0,2007
3401,Geylang,Kampong Ubi,Central Region,13700,4850,790,8060,35.40143401,5.766419149,58.83207385,2007
3402,Geylang,Macpherson,Central Region,29020,7770,4470,16790,26.76540587,15.39785897,57.83670071,2007
3403,Hougang,Defu Industrial Park,North East Region,20,0,0,0,0,0,0,2007
3404,Hougang,Hougang Central,North East Region,50010,16310,4190,29520,32.6069507,8.376647666,59.01638164,2007
3405,Hougang,Lorong Ah Soo,North East Region,34890,10080,3800,21000,28.89907428,10.89449229,60.20640476,2007
3406,Hougang,Rosyth,North East Region,22360,7390,2130,12860,33.02053931,9.517422021,57.46199398,2007
3407,Hougang,Sungei Serangoon,North East Region,0,0,0,0,0,0,0,2007
3408,Hougang,Tai Keng,North East Region,12730,4070,1310,7360,31.94659973,10.2825665,57.77075528,2007
3409,Hougang,Trafalgar,North East Region,93610,31630,6530,55440,33.79273143,6.976494981,59.2307629,2007
3410,Jurong East,Boon Lay,West Region,19820,6280,1600,11950,31.66917213,8.068578886,60.26219856,2007
3411,Jurong East,International Business Park,West Region,10,0,0,0,0,0,0,2007
3412,Jurong East,Jurong Lake,West Region,1140,300,130,710,26.31555864,11.40340874,62.28015544,2007
3413,Jurong East,Jurong Port,West Region,0,0,0,0,0,0,0,2007
3414,Jurong East,Jurong Regional Centre,West Region,2500,710,260,1530,28.3998864,10.3999584,61.1997552,2007
3415,Jurong East,Jurong River,West Region,10,0,0,0,0,0,0,2007
3416,Jurong East,Penjuru Crescent,West Region,20,0,0,0,0,0,0,2007
3417,Jurong East,Teban Gardens,West Region,18690,5490,1610,11600,29.35827307,8.609621064,62.03205239,2007
3418,Jurong East,Toh Guan,West Region,15130,5400,690,9040,35.69065718,4.560472862,59.74880387,2007
3419,Jurong East,Yuhua,West Region,29480,8860,2520,18110,30.04407255,8.545266685,61.41062685,2007
3420,Jurong West,Boon Lay,West Region,21850,6600,1680,13560,30.21976638,7.69230417,62.08788366,2007
3421,Jurong West,Boon Lay,North Region,21850,6600,1680,13560,30.21976638,7.69230417,62.08788366,2007
3422,Jurong West,Central,West Region,64170,21890,2540,39750,34.10719319,3.957618579,61.93517265,2007
3423,Jurong West,Central,North Region,64170,21890,2540,39750,34.10719319,3.957618579,61.93517265,2007
3424,Jurong West,Chin Bee,West Region,10,0,0,0,0,0,0,2007
3425,Jurong West,Chin Bee,North Region,10,0,0,0,0,0,0,2007
3426,Jurong West,Hong Kah,West Region,57440,18630,3900,34910,32.43383836,6.789692411,60.77645181,2007
3427,Jurong West,Hong Kah,North Region,57440,18630,3900,34910,32.43383836,6.789692411,60.77645181,2007
3428,Jurong West,Kian Teck,West Region,40,0,0,0,0,0,0,2007
3429,Jurong West,Kian Teck,North Region,40,0,0,0,0,0,0,2007
3430,Jurong West,Safti,West Region,0,0,0,0,0,0,0,2007
3431,Jurong West,Safti,North Region,0,0,0,0,0,0,0,2007
3432,Jurong West,Taman Jurong,West Region,30990,10610,2110,18280,34.22579541,6.806449417,58.96772291,2007
3433,Jurong West,Taman Jurong,North Region,30990,10610,2110,18280,34.22579541,6.806449417,58.96772291,2007
3434,Jurong West,Wenya,West Region,7640,2480,370,4810,32.37593685,4.8302809,62.79365171,2007
3435,Jurong West,Wenya,North Region,7640,2480,370,4810,32.37593685,4.8302809,62.79365171,2007
3436,Jurong West,Yunnan,West Region,71030,26340,3130,41570,37.07769748,4.405967848,58.51632059,2007
3437,Jurong West,Yunnan,North Region,71030,26340,3130,41570,37.07769748,4.405967848,58.51632059,2007
3438,Kallang,Bendemeer,Central Region,29080,7370,4010,17690,25.35258846,13.7942849,60.85309224,2007
3439,Kallang,Boon Keng,Central Region,10100,2500,1460,6170,24.67914642,14.41262151,60.90813336,2007
3440,Kallang,Crawford,Central Region,9780,1870,2260,5670,19.08161318,23.06120096,57.85708382,2007
3441,Kallang,Geylang Bahru,Central Region,13510,3390,2020,8120,25.05541385,14.92977463,60.01473761,2007
3442,Kallang,Kallang Bahru,Central Region,30,0,0,0,0,0,0,2007
3443,Kallang,Kampong Bugis,Central Region,820,230,70,520,28.04843843,8.536481262,63.41386081,2007
3444,Kallang,Kampong Java,Central Region,11720,3000,1520,7210,25.57542577,12.95821572,61.46627326,2007
3445,Kallang,Lavender,Central Region,9060,2120,1370,5560,23.42538848,15.13810482,61.4363962,2007
3446,Kallang,Tanjong Rhu,Central Region,10530,2950,1000,6580,28.01516808,9.496667145,62.48806981,2007
3447,Lim Chu Kang,Lim Chu Kang,NA,70,0,0,0,0,0,0,2007
3448,Mandai,Subzone 1,North Region,0,0,0,0,0,0,0,2007
3449,Mandai,Subzone 2,North Region,0,0,0,0,0,0,0,2007
3450,Mandai,Subzone 3,North Region,1460,500,130,850,33.78355552,8.783724434,57.43204438,2007
3451,Marina East,Marina East,NA,0,0,0,0,0,0,0,2007
3452,Marina South,Marina South,NA,0,0,0,0,0,0,0,2007
3453,Marine Parade,East Coast,Central Region,0,0,0,0,0,0,0,2007
3454,Marine Parade,Katong,Central Region,9190,2730,1100,5350,29.7385297,11.98255775,58.27880362,2007
3455,Marine Parade,Marina East,Central Region,0,0,0,0,0,0,0,2007
3456,Marine Parade,Marine Parade,Central Region,26650,6730,4380,15550,25.24380148,16.42910111,58.32705989,2007
3457,Marine Parade,Mountbatten,Central Region,9030,2770,880,5380,30.67549205,9.745282674,59.57911453,2007
3458,Museum,Bras Basah,Central Region,20,0,0,0,0,0,0,2007
3459,Museum,Dhoby Ghaut,Central Region,100,40,0,80,33.33055579,0,66.66111157,2007
3460,Museum,Fort Canning,Central Region,140,40,10,100,26.66488901,6.666222252,66.66222252,2007
3461,Newton,Cairnhill,Central Region,2770,770,340,1670,27.69774209,12.23017183,60.07172636,2007
3462,Newton,Goodwood Park,Central Region,640,200,60,400,30.30257117,9.090771352,60.60514235,2007
3463,Newton,Istana Negara,Central Region,60,0,0,0,0,0,0,2007
3464,Newton,Monk's Hill,Central Region,1160,320,120,740,27.11841425,10.16940534,62.71133295,2007
3465,Newton,Newton Circus,Central Region,70,0,0,0,0,0,0,2007
3466,Newton,Orange Grove,Central Region,1280,350,110,840,26.92286982,8.461473373,64.61488758,2007
3467,North Eastern Islands,North Eastern Islands,NA,70,0,0,0,0,0,0,2007
3468,Novena,Balestier,Central Region,32080,8380,4340,19350,26.13033173,13.53289257,60.33674452,2007
3469,Novena,Dunearn,Central Region,3800,1190,490,2120,31.31570706,12.89470291,55.78932687,2007
3470,Novena,Malcolm,Central Region,2620,780,300,1550,29.65768191,11.40680073,58.93513713,2007
3471,Novena,Moulmein,Central Region,5980,1740,560,3670,29.14567982,9.380218794,61.47393388,2007
3472,Novena,Mount Pleasant,Central Region,590,170,70,360,28.33286112,11.66647223,59.99900002,2007
3473,Orchard,Boulevard,Central Region,260,40,40,180,15.38402369,15.38402369,69.22810661,2007
3474,Orchard,Somerset,Central Region,140,20,10,100,15.38343204,7.691716022,76.91716022,2007
3475,Orchard,Tanglin,Central Region,320,80,30,210,24.99921877,9.37470704,65.62294928,2007
3476,Outram,China Square,Central Region,1840,350,320,1180,18.91881666,17.2972038,63.78343901,2007
3477,Outram,Chinatown,Central Region,6630,1160,1480,4000,17.46985321,22.28912306,60.24087313,2007
3478,Outram,Pearl's Hill,Central Region,7990,1520,1790,4700,18.97625596,22.34703827,58.67658093,2007
3479,Outram,People's Park,Central Region,520,120,60,370,21.81778513,10.90889257,67.27150415,2007
3480,Pasir Ris,Elias,East Region,35300,13740,1700,19870,38.91247836,4.814498778,56.27299454,2007
3481,Pasir Ris,Loyang,East Region,10,0,0,0,0,0,0,2007
3482,Pasir Ris,Loyang East,East Region,12370,4460,910,7020,35.99674254,7.34462684,56.65854991,2007
3483,Pasir Ris,Pasir Ris Drive,East Region,60390,23460,3220,33720,38.84105317,5.331124945,55.82780533,2007
3484,Pasir Ris,Pasir Ris Park,East Region,1200,440,70,700,36.36333584,5.785076156,57.85076156,2007
3485,Pasir Ris,Pasir Ris Town,East Region,20490,7780,1070,11620,38.00682071,5.227159146,56.76597129,2007
3486,Pasir Ris,Pasir Ris West,East Region,30,0,0,0,0,0,0,2007
3487,Paya Lebar,Airport Road,NA,0,0,0,0,0,0,0,2007
3488,Paya Lebar,Paya Lebar East,NA,10,0,0,0,0,0,0,2007
3489,Paya Lebar,Paya Lebar North,NA,30,0,0,0,0,0,0,2007
3490,Paya Lebar,Paya Lebar West,NA,30,0,0,0,0,0,0,2007
3491,Paya Lebar,Plab,NA,0,0,0,0,0,0,0,2007
3492,Pioneer,Benoi Sector,NA,10,0,0,0,0,0,0,2007
3493,Pioneer,Gul Basin,NA,0,0,0,0,0,0,0,2007
3494,Pioneer,Gul Circle,NA,30,0,0,0,0,0,0,2007
3495,Pioneer,Joo Koon,NA,40,0,0,0,0,0,0,2007
3496,Pioneer,Pioneer Sector,NA,10,0,0,0,0,0,0,2007
3497,Punggol,Subzone 1,North East Region,230,60,20,160,24.99895838,8.332986126,66.663889,2007
3498,Punggol,Subzone 2,North East Region,0,0,0,0,0,0,0,2007
3499,Punggol,Subzone 3,North East Region,6350,1980,320,4040,31.23023465,5.047310651,63.72229697,2007
3500,Punggol,Subzone 4,North East Region,40080,13590,1870,24630,33.89871941,4.664503701,61.43675195,2007
3501,Punggol,Subzone 5,North East Region,7910,2540,280,5090,32.11121098,3.539818534,64.34884406,2007
3502,Punggol,Subzone 6,North East Region,0,0,0,0,0,0,0,2007
3503,Queenstown,Commonwealth,Central Region,8510,1750,1740,5040,20.51580244,20.39856929,59.08551104,2007
3504,Queenstown,Dover,Central Region,11660,3200,1330,7140,27.42071344,11.39673402,61.18246685,2007
3505,Queenstown,Ghim Moh,Central Region,11780,2750,2070,6960,23.34463214,17.57214128,59.0831417,2007
3506,Queenstown,Holland Drive,Central Region,15540,3370,2650,9540,21.65808377,17.03083738,61.31101458,2007
3507,Queenstown,Kent Ridge,Central Region,1340,390,70,890,28.8886749,5.185146777,65.92543759,2007
3508,Queenstown,Margaret Drive,Central Region,8770,2160,1130,5490,24.60133872,12.87014479,62.52840259,2007
3509,Queenstown,Mei Chin,Central Region,17090,4580,2530,9980,26.79928215,14.80397027,58.39668906,2007
3510,Queenstown,National University Of Singapore,Central Region,230,100,0,130,43.47637059,0,56.51928177,2007
3511,Queenstown,One North,Central Region,210,40,10,170,18.18099177,4.545247943,77.26921504,2007
3512,Queenstown,Pasir Panjang 1,Central Region,3260,1010,250,2010,30.8867557,7.645236559,61.46770193,2007
3513,Queenstown,Pasir Panjang 2,Central Region,3520,1110,220,2200,31.44467013,6.232276962,62.32276962,2007
3514,Queenstown,Port,Central Region,300,90,20,190,29.99900003,6.666444452,63.33122229,2007
3515,Queenstown,Queensway,Central Region,300,100,20,200,31.24902347,6.249804694,62.49804694,2007
3516,Queenstown,Singapore Polytechnic,Central Region,170,60,0,110,35.29204164,0,64.70207635,2007
3517,Queenstown,Tanglin Halt,Central Region,13480,2870,2390,8240,21.25924351,17.70369059,61.03699182,2007
3518,River Valley,Institution Hill,Central Region,2750,760,180,1810,27.63626314,6.545430744,65.81794248,2007
3519,River Valley,Leonie Hill,Central Region,2570,690,190,1700,26.74408239,7.364312541,65.89121748,2007
3520,River Valley,One Tree Hill,Central Region,1610,430,210,970,26.70790865,13.04339725,60.24807299,2007
3521,River Valley,Oxley,Central Region,1390,330,180,880,23.7408364,12.94954713,63.30889706,2007
3522,River Valley,Paterson,Central Region,60,0,0,0,0,0,0,2007
3523,Rochor,Bencoolen,Central Region,1590,340,260,990,21.38351331,16.35209841,62.26375935,2007
3524,Rochor,Farrer Park,Central Region,3330,790,430,2120,23.65262379,12.87421295,63.47286385,2007
3525,Rochor,Kampong Glam,Central Region,200,40,80,110,17.39054824,34.78109647,47.82400765,2007
3526,Rochor,Little India,Central Region,4210,1010,700,2500,23.99044183,16.62703889,59.38228175,2007
3527,Rochor,Mackenzie,Central Region,40,0,0,0,0,0,0,2007
3528,Rochor,Mount Emily,Central Region,850,200,80,580,23.25554354,9.302217416,67.44107627,2007
3529,Rochor,Rochor Canal,Central Region,10,0,0,0,0,0,0,2007
3530,Rochor,Selegie,Central Region,340,90,40,210,26.46980971,11.76435987,61.76288933,2007
3531,Rochor,Sungei Road,Central Region,2520,600,470,1460,23.71532128,18.57700167,57.70728179,2007
3532,Rochor,Victoria,Central Region,2480,510,410,1570,20.48184545,16.46579733,63.05195561,2007
3533,Seletar,Seletar,NA,520,150,20,360,28.3013528,3.773513707,67.92324673,2007
3534,Sembawang,Admiralty,North Region,10960,3620,670,6640,33.11982331,6.129912049,60.75017315,2007
3535,Sembawang,Sembawang Central,North Region,28950,10540,1270,17150,36.39501506,4.385357602,59.21959281,2007
3536,Sembawang,Sembawang East,North Region,110,30,10,90,23.07514807,7.691716022,69.2254442,2007
3537,Sembawang,Sembawang North,North Region,23320,8140,1080,14130,34.86079877,4.625265685,60.51389271,2007
3538,Sembawang,Sembawang Springs,North Region,3450,1080,450,1930,31.21378262,13.00574276,55.78018561,2007
3539,Sembawang,Sembawang Straits,North Region,790,240,90,470,29.999625,11.24985938,58.74926563,2007
3540,Sembawang,Senoko North,North Region,20,0,0,0,0,0,0,2007
3541,Sembawang,Senoko South,North Region,30,0,0,0,0,0,0,2007
3542,Sembawang,The Wharves,North Region,10,0,0,0,0,0,0,2007
3543,Sengkang,Buangkok,North East Region,29290,9760,1350,18210,33.28784676,4.60436405,62.10775508,2007
3544,Sengkang,Jalan Kayu East,North East Region,9990,3080,510,6420,30.76920003,5.094900005,64.13580006,2007
3545,Sengkang,Jalan Kayu West,North East Region,1120,270,330,550,23.47805671,28.69540265,47.82567108,2007
3546,Sengkang,Sengkang Town Centre,North East Region,49860,17790,2560,29530,35.66559028,5.132316533,59.20207314,2007
3547,Sengkang,Sungei Serangoon East,North East Region,0,0,0,0,0,0,0,2007
3548,Sengkang,Sungei Serangoon West,North East Region,55080,19600,2820,32690,35.56522672,5.117037721,59.31771742,2007
3549,Sengkang,Trafalgar,North East Region,7650,2160,420,5080,28.19839661,5.483021563,66.31845128,2007
3550,Serangoon,Seletar Hills,North East Region,11550,3800,1260,6490,32.90040442,10.90908146,56.19042754,2007
3551,Serangoon,Serangoon Central,North East Region,52640,16390,4980,31280,31.13009855,9.458687662,59.41119479,2007
3552,Serangoon,Serangoon Garden,North East Region,40130,11900,4490,23750,29.64623078,11.18584674,59.16789757,2007
3553,Serangoon,Serangoon North,North East Region,18440,6770,950,10740,36.67386962,5.146259401,58.1798168,2007
3554,Simpang,Pulau Seletar,NA,0,0,0,0,0,0,0,2007
3555,Simpang,Simpang North,NA,0,0,0,0,0,0,0,2007
3556,Simpang,Simpang South,NA,0,0,0,0,0,0,0,2007
3557,Simpang,Tanjong Irau,NA,0,0,0,0,0,0,0,2007
3558,Singapore River,Boat Quay,Central Region,200,30,20,140,15.7886427,10.5257618,73.68033261,2007
3559,Singapore River,Clarke Quay,Central Region,70,0,0,0,0,0,0,2007
3560,Singapore River,Robertson Quay,Central Region,1080,280,70,750,25.45431405,6.363578513,68.18119835,2007
3561,Southern Islands,Sentosa,Central Region,220,50,10,160,22.72623972,4.545247943,72.72396709,2007
3562,Southern Islands,Southern Group,Central Region,0,0,0,0,0,0,0,2007
3563,Straits View,Straits View,NA,0,0,0,0,0,0,0,2007
3564,Sungei Kadut,Kranji,North Region,20,0,0,0,0,0,0,2007
3565,Sungei Kadut,Mandai,North Region,150,0,130,30,0,81.24492219,18.7488282,2007
3566,Sungei Kadut,Pang Sua,North Region,20,0,0,0,0,0,0,2007
3567,Sungei Kadut,Reservoir View,North Region,30,0,0,0,0,0,0,2007
3568,Sungei Kadut,Turf Club,North Region,610,150,100,380,23.80914589,15.87276392,60.31650291,2007
3569,Tampines,Simei,East Region,42280,14560,2600,25120,34.43707795,6.149478205,59.4134202,2007
3570,Tampines,Tampines East,East Region,135610,47240,9250,79140,34.83004978,6.820024565,58.34991828,2007
3571,Tampines,Tampines North,East Region,0,0,0,0,0,0,0,2007
3572,Tampines,Tampines West,East Region,76800,27540,4780,44490,35.85470175,6.223147217,57.92213801,2007
3573,Tampines,Xilin,East Region,2070,750,100,1240,35.88499577,4.784666102,59.32985967,2007
3574,Tanglin,Chatsworth,Central Region,4770,1310,440,3050,27.29160981,9.166647569,63.54153429,2007
3575,Tanglin,Nassim,Central Region,7040,2100,660,4300,29.74500036,9.348428685,60.90642931,2007
3576,Tanglin,Ridout,Central Region,1180,310,130,760,25.83311806,10.83324306,63.33280556,2007
3577,Tanglin,Tyersall,Central Region,3340,1000,340,2000,29.94003012,10.17961024,59.88006024,2007
3578,Tengah,Tengah,NA,10,0,0,0,0,0,0,2007
3579,Toa Payoh,Bidadari,Central Region,10,0,0,0,0,0,0,2007
3580,Toa Payoh,Boon Teck,Central Region,15500,3860,2750,8900,24.88715352,17.73048502,57.38229698,2007
3581,Toa Payoh,Braddell,Central Region,11280,2800,1800,6690,24.80068662,15.94329854,59.25592626,2007
3582,Toa Payoh,Kallang,Central Region,8590,2160,1400,5050,25.08707888,16.26014372,58.65266126,2007
3583,Toa Payoh,Kim Keat,Central Region,8840,2500,1040,5300,28.28051099,11.76469257,59.95468331,2007
3584,Toa Payoh,Marymount,Central Region,12910,2910,2310,7710,22.50578306,17.86541542,59.62872419,2007
3585,Toa Payoh,Paya Lebar,Central Region,6470,1760,860,3850,27.20243091,13.29209692,59.50531761,2007
3586,Toa Payoh,Pei Chun,Central Region,12020,3100,1780,7150,25.76888964,14.79633018,59.43469706,2007
3587,Toa Payoh,Potong Pasir,Central Region,12700,3160,1350,8200,24.86229358,10.62154947,64.51607827,2007
3588,Toa Payoh,Sennett,Central Region,4290,1170,690,2440,27.20923905,16.04647431,56.74405408,2007
3589,Toa Payoh,Toa Payoh Central,Central Region,24850,6360,3510,14990,25.583256,14.11906109,60.29764268,2007
3590,Toa Payoh,Woodleigh,Central Region,1530,510,90,920,33.55241084,5.921013678,60.52591759,2007
3591,Tuas,Pioneer,NA,20,0,0,0,0,0,0,2007
3592,Tuas,Tengeh,NA,0,0,0,0,0,0,0,2007
3593,Tuas,Tuas Bay,NA,20,0,0,0,0,0,0,2007
3594,Tuas,Tuas Coast,NA,0,0,0,0,0,0,0,2007
3595,Tuas,Tuas Promenade,NA,0,0,0,0,0,0,0,2007
3596,Tuas,Tuas View,NA,10,0,0,0,0,0,0,2007
3597,Western Islands,Bukum,NA,0,0,0,0,0,0,0,2007
3598,Western Islands,Jurong Island,NA,0,0,0,0,0,0,0,2007
3599,Western Islands,Sudong,NA,0,0,0,0,0,0,0,2007
3600,Western Water Catchment,Western Water Catchment,NA,890,320,10,570,35.5551605,1.111098766,63.33262964,2007
3601,Woodlands,Greenwood Park,North Region,10,0,0,0,0,0,0,2007
3602,Woodlands,Midview,North Region,33540,13780,1510,18250,41.08525907,4.502085718,54.4126254,2007
3603,Woodlands,North Coast,North Region,14560,4560,1280,8730,31.29716452,8.785168988,59.91759786,2007
3604,Woodlands,Senoko West,North Region,0,0,0,0,0,0,0,2007
3605,Woodlands,Woodgrove,North Region,34120,13660,1520,18910,40.07039012,4.45878426,55.47079628,2007
3606,Woodlands,Woodlands East,North Region,91840,35340,3500,53000,38.47996097,3.810975195,57.70905295,2007
3607,Woodlands,Woodlands Regional Centre,North Region,0,0,0,0,0,0,0,2007
3608,Woodlands,Woodlands South,North Region,30380,11780,1230,17380,38.76273815,4.047382676,57.18984627,2007
3609,Woodlands,Woodlands West,North Region,30080,10150,2480,17440,33.75456144,8.247419938,57.99798537,2007
3610,Yishun,Khatib,North Region,11480,3730,730,7030,32.46298306,6.35334521,61.1835847,2007
3611,Yishun,Lower Seletar,North Region,970,370,70,540,37.75471679,7.142784257,55.10147856,2007
3612,Yishun,Nee Soon,North Region,840,250,80,510,29.76155046,9.523696146,60.71356293,2007
3613,Yishun,Northland,North Region,31950,11140,1820,18980,34.87788514,5.698182311,59.42390124,2007
3614,Yishun,Springleaf,North Region,3400,1180,270,1970,34.50282309,7.894713758,57.60217075,2007
3615,Yishun,Yishun Central,North Region,1580,530,110,940,33.54409149,6.961981253,59.49329435,2007
3616,Yishun,Yishun East,North Region,31840,11760,1530,18560,36.92306533,4.803766153,58.27313712,2007
3617,Yishun,Yishun South,North Region,39720,13430,2610,23710,33.78615502,6.566036084,59.64778374,2007
3618,Yishun,Yishun West,North Region,58630,18870,4340,35450,32.16842275,7.398566758,60.43299345,2007
3619,Planning Area,Subzone,NA,0,0,0,0,0,0,0,2007
3620,Ang Mo Kio,Cheng San,North East Region,29580,7620,3080,18860,25.77806976,10.41948227,63.80241414,2006
3621,Ang Mo Kio,Chong Boon,North East Region,28910,7250,3460,18200,25.07781907,11.96817296,62.95397338,2006
3622,Ang Mo Kio,Kebun Bahru,North East Region,24940,6580,3050,15300,26.39389234,12.23425101,61.37181654,2006
3623,Ang Mo Kio,Seletar,North East Region,0,0,0,0,0,0,0,2006
3624,Ang Mo Kio,Sembawang Hills,North East Region,6680,2270,740,3660,34.03293248,11.09443614,54.87248145,2006
3625,Ang Mo Kio,Shangri-La,North East Region,20390,5170,2710,12530,25.33070782,13.27779849,61.39144469,2006
3626,Ang Mo Kio,Sindo,North East Region,7640,2730,640,4290,35.63964016,8.355080476,56.00514882,2006
3627,Ang Mo Kio,Town Centre,North East Region,4740,1400,400,2940,29.53580267,8.438800762,62.0251856,2006
3628,Ang Mo Kio,Townsville,North East Region,20420,4840,2730,12860,23.69063941,13.36269537,62.94661628,2006
3629,Ang Mo Kio,Yio Chu Kang,North East Region,29440,9060,2360,18030,30.76399634,8.013579622,61.22239008,2006
3630,Bedok,Bayshore,East Region,6000,1820,290,3890,30.33328278,4.833325278,64.83322528,2006
3631,Bedok,Bedok North,East Region,84440,24870,8880,50680,29.45635089,10.51758729,60.02604998,2006
3632,Bedok,Bedok Reservoir,East Region,24310,8360,1720,14250,34.36085723,7.069458664,58.569643,2006
3633,Bedok,Bedok South,East Region,52020,15070,6260,30680,28.97519151,12.03614458,58.98864469,2006
3634,Bedok,Frankel,East Region,30830,9460,3630,17750,30.67443882,11.7704242,57.55510455,2006
3635,Bedok,Kaki Bukit,East Region,42420,14800,2950,24660,34.89742162,6.955904986,58.14664981,2006
3636,Bedok,Kembangan,East Region,36480,10910,4070,21510,29.89859416,11.15373769,58.94764074,2006
3637,Bedok,Siglap,East Region,7660,2040,1060,4580,26.56246541,13.80206536,59.63533902,2006
3638,Bishan,Bishan East,Central Region,29840,9240,2460,18150,30.9547635,8.241203269,60.80399973,2006
3639,Bishan,Marymount,Central Region,28700,9720,1980,17020,33.84399936,6.894148017,59.26181781,2006
3640,Bishan,Upper Thomson,Central Region,31050,9290,3630,18140,29.90984227,11.68705355,58.40307199,2006
3641,Boon Lay,Liu Fang,NA,0,0,0,0,0,0,0,2006
3642,Boon Lay,Samulun,NA,10,0,0,0,0,0,0,2006
3643,Boon Lay,Shipyard,NA,0,0,0,0,0,0,0,2006
3644,Boon Lay,Tukang,NA,10,0,0,0,0,0,0,2006
3645,Bukit Batok,Brickworks,West Region,0,0,0,0,0,0,0,2006
3646,Bukit Batok,Bukit Batok Central,West Region,26180,8710,1690,15790,33.25695561,6.452842133,60.29016407,2006
3647,Bukit Batok,Bukit Batok East,West Region,15310,5020,1000,9300,32.76760263,6.527410883,60.70492121,2006
3648,Bukit Batok,Bukit Batok South,West Region,14560,5610,610,8340,38.53019332,4.189557562,57.28018044,2006
3649,Bukit Batok,Bukit Batok West,West Region,15770,5260,1030,9490,33.33331221,6.527245547,60.13937887,2006
3650,Bukit Batok,Gombak,West Region,8140,2330,730,5090,28.58892198,8.957044224,62.4539111,2006
3651,Bukit Batok,Guilin,West Region,13350,4520,790,8050,33.83231001,5.913169227,60.25444592,2006
3652,Bukit Batok,Hillview,West Region,18010,6670,880,10460,37.03496,4.886171635,58.07881284,2006
3653,Bukit Batok,Hong Kah,West Region,29090,10330,1630,17120,35.5226838,5.605225033,58.87205678,2006
3654,Bukit Merah,Alexandra Hill,Central Region,15500,4070,2190,9230,26.27499918,14.13814452,59.58679175,2006
3655,Bukit Merah,Alexandra North,Central Region,590,170,30,400,28.33286112,4.999916668,66.66555557,2006
3656,Bukit Merah,Bukit Ho Swee,Central Region,17010,3650,3050,10310,21.45795329,17.9306185,60.61136942,2006
3657,Bukit Merah,Bukit Merah,Central Region,1260,360,150,770,28.12478028,11.71865845,60.15578003,2006
3658,Bukit Merah,Depot Road,Central Region,5230,1340,600,3320,25.47523674,11.40682242,63.11775073,2006
3659,Bukit Merah,Everton Park,Central Region,9580,2100,1400,6100,21.87497721,14.58331814,63.54160048,2006
3660,Bukit Merah,Henderson Hill,Central Region,15260,3400,2700,9170,22.26586623,17.6817173,60.05235098,2006
3661,Bukit Merah,Kampong Tiong Bahru,Central Region,11350,2670,1780,6920,23.48282895,15.6552193,60.8618638,2006
3662,Bukit Merah,Maritime Square,Central Region,1890,510,110,1280,26.84196399,5.789443213,67.36806648,2006
3663,Bukit Merah,Redhill,Central Region,9530,2260,1500,5780,23.68970263,15.72325396,60.58693859,2006
3664,Bukit Merah,Singapore General Hospital,Central Region,40,0,0,0,0,0,0,2006
3665,Bukit Merah,Tanjong Pagar,Central Region,10,0,0,0,0,0,0,2006
3666,Bukit Merah,Telok Blangah Drive,Central Region,16340,4100,2260,9990,25.07643726,13.82262152,61.10088006,2006
3667,Bukit Merah,Telok Blangah Rise,Central Region,15050,3850,1950,9270,25.5474283,12.93960654,61.5128988,2006
3668,Bukit Merah,Telok Blangah Way,Central Region,10960,2450,1810,6710,22.33361683,16.49952917,61.16676284,2006
3669,Bukit Merah,Tiong Bahru,Central Region,8010,1500,1340,5170,18.72656838,16.72906775,64.54423902,2006
3670,Bukit Merah,Tiong Bahru Station,Central Region,12440,3070,1930,7440,24.67843675,15.51445698,59.80702588,2006
3671,Bukit Panjang,Bangkit,West Region,24740,8580,1920,14230,34.69468876,7.763846436,57.54142437,2006
3672,Bukit Panjang,Bukit Panjang,West Region,33630,12200,1960,19490,36.25556129,5.824663945,57.91974505,2006
3673,Bukit Panjang,Dairy Farm,West Region,3490,1250,230,2010,35.81651629,6.590238996,57.59295819,2006
3674,Bukit Panjang,Fajar,West Region,21700,8070,1190,12440,37.18892295,5.483868441,57.32716252,2006
3675,Bukit Panjang,Nature Reserve,West Region,2920,1070,150,1720,36.39443403,5.102023463,58.50320237,2006
3676,Bukit Panjang,Saujana,West Region,21050,8070,970,12030,38.30088358,4.603699761,57.0953692,2006
3677,Bukit Panjang,Senja,West Region,15070,5510,620,8960,36.51422365,4.108678523,59.37703156,2006
3678,Bukit Timah,Anak Bukit,Central Region,22210,7530,2030,12670,33.87312916,9.131799761,56.99502609,2006
3679,Bukit Timah,Coronation Road,Central Region,5280,1650,610,3050,31.07338781,11.48773731,57.43868656,2006
3680,Bukit Timah,Farrer Court,Central Region,6240,1770,820,3660,28.31995469,13.11997901,58.5599063,2006
3681,Bukit Timah,Hillcrest,Central Region,8050,2530,890,4650,31.35064269,11.02848695,57.62074644,2006
3682,Bukit Timah,Holland Road,Central Region,7710,2530,730,4450,32.81448403,9.468210806,57.71717546,2006
3683,Bukit Timah,Leedon Park,Central Region,5820,1660,560,3620,28.42460886,9.589024676,61.98619523,2006
3684,Bukit Timah,Swiss Club,Central Region,4950,1590,550,2790,32.25145588,11.15616398,56.5921773,2006
3685,Bukit Timah,Ulu Pandan,Central Region,10890,3560,910,6420,32.69051176,8.356282501,58.95311391,2006
3686,Central Water Catchment,Central Water Catchment,NA,10,0,0,0,0,0,0,2006
3687,Changi,Changi Airport,East Region,0,0,0,0,0,0,0,2006
3688,Changi,Changi Point,East Region,460,100,70,290,21.73865786,15.2170605,63.04210778,2006
3689,Changi,Changi West,East Region,1080,430,60,590,39.81444616,5.555504116,54.6291238,2006
3690,Changi Bay,Changi Bay,NA,0,0,0,0,0,0,0,2006
3691,Choa Chu Kang,Central,West Region,19850,7520,1020,11300,37.9032067,5.141126441,56.95561645,2006
3692,Choa Chu Kang,Keat Hong,West Region,15970,6210,740,9010,38.90975006,4.636588574,56.45359871,2006
3693,Choa Chu Kang,Kranji North,West Region,15220,6260,530,8430,41.13006496,3.482257896,55.38761144,2006
3694,Choa Chu Kang,Pang Sua,West Region,16770,7010,690,9100,41.72616564,4.107140412,54.16663442,2006
3695,Choa Chu Kang,Peng Siang,West Region,30290,11510,1400,17390,37.98678614,4.620460521,57.39272033,2006
3696,Choa Chu Kang,Teck Whye,West Region,25840,9180,1930,14760,35.48510418,7.460375933,57.05448123,2006
3697,Choa Chu Kang,Yew Tee,West Region,42240,15480,1850,24890,36.66507895,4.381808531,58.95308883,2006
3698,Clementi,Clementi Central,West Region,12610,3040,1460,8130,24.06965632,11.55976915,64.37049535,2006
3699,Clementi,Clementi North,West Region,23540,5500,2820,15220,23.36447606,11.97960409,64.65587738,2006
3700,Clementi,Clementi West,West Region,17280,4910,1480,10890,28.41433541,8.564809858,63.02079686,2006
3701,Clementi,Clementi Woods,West Region,19360,4900,2350,12110,25.30990428,12.13842348,62.55162058,2006
3702,Clementi,Faber,West Region,4460,1560,330,2600,34.7437979,7.349649555,57.90632983,2006
3703,Clementi,Pandan,West Region,10,0,0,0,0,0,0,2006
3704,Clementi,Sunset Way,West Region,6750,2110,610,4040,31.21297158,9.02365529,59.7632252,2006
3705,Clementi,Toh Tuck,West Region,20,0,0,0,0,0,0,2006
3706,Clementi,West Coast,West Region,3240,1020,230,2010,31.28824758,7.055193082,61.65625259,2006
3707,Downtown Core,Anson,Central Region,90,0,0,0,0,0,0,2006
3708,Downtown Core,Bayfront Subzone,Central Region,0,0,0,0,0,0,0,2006
3709,Downtown Core,Bugis,Central Region,2720,550,500,1670,20.2205139,18.38228536,61.3968331,2006
3710,Downtown Core,Cecil,Central Region,60,0,0,0,0,0,0,2006
3711,Downtown Core,Central Subzone,Central Region,0,0,0,0,0,0,0,2006
3712,Downtown Core,City Hall,Central Region,60,0,0,0,0,0,0,2006
3713,Downtown Core,Clifford Pier,Central Region,0,0,0,0,0,0,0,2006
3714,Downtown Core,Marina Centre,Central Region,20,0,0,0,0,0,0,2006
3715,Downtown Core,Maxwell,Central Region,0,0,0,0,0,0,0,2006
3716,Downtown Core,Phillip,Central Region,10,0,0,0,0,0,0,2006
3717,Downtown Core,Raffles Place,Central Region,50,0,0,0,0,0,0,2006
3718,Downtown Core,Tanjong Pagar,Central Region,300,70,30,200,23.33255558,9.999666678,66.66444452,2006
3719,Geylang,Aljunied,Central Region,44770,12030,5440,27310,26.86466573,12.14827777,60.98703417,2006
3720,Geylang,Geylang East,Central Region,30910,8900,3590,18440,28.77464314,11.60685043,59.6184741,2006
3721,Geylang,Kallang Way,Central Region,50,0,0,0,0,0,0,2006
3722,Geylang,Kampong Ubi,Central Region,13260,4820,760,7700,36.29515339,5.722887257,57.98188405,2006
3723,Geylang,Macpherson,Central Region,28160,7500,4410,16240,26.64297455,15.66606904,57.69092089,2006
3724,Hougang,Defu Industrial Park,North East Region,10,0,0,0,0,0,0,2006
3725,Hougang,Hougang Central,North East Region,50150,16460,4260,29440,32.81498548,8.492821273,58.69217331,2006
3726,Hougang,Lorong Ah Soo,North East Region,34870,10280,3710,20890,29.47246861,10.63646484,59.89103788,2006
3727,Hougang,Rosyth,North East Region,21220,7140,1940,12140,33.6474865,9.142314259,57.21015212,2006
3728,Hougang,Sungei Serangoon,North East Region,0,0,0,0,0,0,0,2006
3729,Hougang,Tai Keng,North East Region,12240,4030,1250,6980,32.8710988,10.19575025,56.93306939,2006
3730,Hougang,Trafalgar,North East Region,91880,31850,6090,53960,34.65723236,6.626767505,58.71598926,2006
3731,Jurong East,Boon Lay,West Region,19960,6490,1560,11910,32.51501377,7.815627347,59.66930878,2006
3732,Jurong East,International Business Park,West Region,10,0,0,0,0,0,0,2006
3733,Jurong East,Jurong Lake,West Region,1130,300,110,730,26.31555864,9.649038166,64.03452601,2006
3734,Jurong East,Jurong Port,West Region,0,0,0,0,0,0,0,2006
3735,Jurong East,Jurong Regional Centre,West Region,2490,730,240,1540,29.08354947,9.561714894,61.35433723,2006
3736,Jurong East,Jurong River,West Region,10,0,0,0,0,0,0,2006
3737,Jurong East,Penjuru Crescent,West Region,20,0,0,0,0,0,0,2006
3738,Jurong East,Teban Gardens,West Region,18540,5570,1560,11430,30.01075969,8.405167885,61.58401854,2006
3739,Jurong East,Toh Guan,West Region,15130,5520,680,8940,36.4596853,4.491410508,59.04883814,2006
3740,Jurong East,Yuhua,West Region,29270,9000,2430,17840,30.74819585,8.302012879,60.94975711,2006
3741,Jurong West,Boon Lay,West Region,24780,7380,1940,15450,29.79409374,7.832051743,62.37381414,2006
3742,Jurong West,Boon Lay,North Region,24780,7380,1940,15450,29.79409374,7.832051743,62.37381414,2006
3743,Jurong West,Central,West Region,59380,20780,2280,36340,34.98315909,3.838383192,61.17844088,2006
3744,Jurong West,Central,North Region,59380,20780,2280,36340,34.98315909,3.838383192,61.17844088,2006
3745,Jurong West,Chin Bee,West Region,10,0,0,0,0,0,0,2006
3746,Jurong West,Chin Bee,North Region,10,0,0,0,0,0,0,2006
3747,Jurong West,Hong Kah,West Region,55230,18280,3640,33300,33.10394185,6.591813366,60.30422667,2006
3748,Jurong West,Hong Kah,North Region,55230,18280,3640,33300,33.10394185,6.591813366,60.30422667,2006
3749,Jurong West,Kian Teck,West Region,40,0,0,0,0,0,0,2006
3750,Jurong West,Kian Teck,North Region,40,0,0,0,0,0,0,2006
3751,Jurong West,Safti,West Region,0,0,0,0,0,0,0,2006
3752,Jurong West,Safti,North Region,0,0,0,0,0,0,0,2006
3753,Jurong West,Taman Jurong,West Region,30150,10430,2030,17690,34.5936867,6.732999425,58.67328071,2006
3754,Jurong West,Taman Jurong,North Region,30150,10430,2030,17690,34.5936867,6.732999425,58.67328071,2006
3755,Jurong West,Wenya,West Region,6490,2080,310,4110,31.99995077,4.769223432,63.23067195,2006
3756,Jurong West,Wenya,North Region,6490,2080,310,4110,31.99995077,4.769223432,63.23067195,2006
3757,Jurong West,Yunnan,West Region,67530,25600,2880,39060,37.903459,4.264139138,57.83238705,2006
3758,Jurong West,Yunnan,North Region,67530,25600,2880,39060,37.903459,4.264139138,57.83238705,2006
3759,Kallang,Bendemeer,Central Region,28700,7280,3870,17560,25.35700963,13.47961913,61.16333641,2006
3760,Kallang,Boon Keng,Central Region,9150,2290,1330,5530,25.02729505,14.53550324,60.43709242,2006
3761,Kallang,Crawford,Central Region,9560,1820,2220,5540,18.99789249,23.17325347,57.82874966,2006
3762,Kallang,Geylang Bahru,Central Region,13320,3390,1970,7960,25.45043134,14.78977869,59.7597149,2006
3763,Kallang,Kallang Bahru,Central Region,40,0,0,0,0,0,0,2006
3764,Kallang,Kampong Bugis,Central Region,820,230,80,520,27.71050951,9.638438091,62.64984759,2006
3765,Kallang,Kampong Java,Central Region,11600,2950,1530,7120,25.43101256,13.1896438,61.37925743,2006
3766,Kallang,Lavender,Central Region,8490,1970,1350,5160,23.23110468,15.91979255,60.84898485,2006
3767,Kallang,Tanjong Rhu,Central Region,10540,3000,980,6570,28.435992,9.289090721,62.27482249,2006
3768,Lim Chu Kang,Lim Chu Kang,NA,60,0,0,0,0,0,0,2006
3769,Mandai,Subzone 1,North Region,0,0,0,0,0,0,0,2006
3770,Mandai,Subzone 2,North Region,0,0,0,0,0,0,0,2006
3771,Mandai,Subzone 3,North Region,1400,470,120,800,33.81270638,8.633031417,57.55354278,2006
3772,Marina East,Marina East,NA,0,0,0,0,0,0,0,2006
3773,Marina South,Marina South,NA,0,0,0,0,0,0,0,2006
3774,Marine Parade,East Coast,Central Region,0,0,0,0,0,0,0,2006
3775,Marine Parade,Katong,Central Region,8980,2710,1060,5240,30.07765807,11.76469282,58.15753812,2006
3776,Marine Parade,Marina East,Central Region,0,0,0,0,0,0,0,2006
3777,Marine Parade,Marine Parade,Central Region,26940,6770,4400,15790,25.11126665,16.32046872,58.56822753,2006
3778,Marine Parade,Mountbatten,Central Region,9000,2770,860,5380,30.74358408,9.544939462,59.71136547,2006
3779,Museum,Bras Basah,Central Region,50,0,0,0,0,0,0,2006
3780,Museum,Dhoby Ghaut,Central Region,30,0,0,0,0,0,0,2006
3781,Museum,Fort Canning,Central Region,120,30,10,100,21.42704093,7.142346975,71.42346975,2006
3782,Newton,Cairnhill,Central Region,3260,880,380,2020,26.8291865,11.58533053,61.58517809,2006
3783,Newton,Goodwood Park,Central Region,660,190,50,440,27.94076558,7.352833047,64.70493081,2006
3784,Newton,Istana Negara,Central Region,60,0,0,0,0,0,0,2006
3785,Newton,Monk's Hill,Central Region,1240,350,110,790,27.999776,8.799929601,63.1994944,2006
3786,Newton,Newton Circus,Central Region,70,0,0,0,0,0,0,2006
3787,Newton,Orange Grove,Central Region,1360,360,120,890,26.27718046,8.759060153,64.96302947,2006
3788,North Eastern Islands,North Eastern Islands,NA,70,0,0,0,0,0,0,2006
3789,Novena,Balestier,Central Region,32030,8340,4210,19490,26.02995442,13.13982112,60.83019325,2006
3790,Novena,Dunearn,Central Region,3740,1170,460,2120,31.1999168,12.26663396,56.53318258,2006
3791,Novena,Malcolm,Central Region,2590,780,300,1520,29.99988462,11.53841716,58.46131361,2006
3792,Novena,Moulmein,Central Region,6330,1880,560,3900,29.65295007,8.832793639,61.51409856,2006
3793,Novena,Mount Pleasant,Central Region,590,180,80,360,29.03178981,12.90301769,58.06357962,2006
3794,Orchard,Boulevard,Central Region,280,60,30,200,20.68894176,10.34447088,68.9631392,2006
3795,Orchard,Somerset,Central Region,140,30,10,100,21.42704093,7.142346975,71.42346975,2006
3796,Orchard,Tanglin,Central Region,270,60,30,170,23.07603554,11.53801777,65.38210069,2006
3797,Outram,China Square,Central Region,1860,370,310,1180,19.89236617,16.66657706,63.44051914,2006
3798,Outram,Chinatown,Central Region,6600,1140,1460,4010,17.24656997,22.08771242,60.66556632,2006
3799,Outram,Pearl's Hill,Central Region,7980,1510,1800,4690,18.87497641,22.49997188,58.62492672,2006
3800,Outram,People's Park,Central Region,530,100,50,390,18.51817559,9.259087795,72.2208848,2006
3801,Pasir Ris,Elias,East Region,34570,13520,1620,19420,39.12035905,4.687498644,56.19211337,2006
3802,Pasir Ris,Loyang,East Region,10,0,0,0,0,0,0,2006
3803,Pasir Ris,Loyang East,East Region,11830,4370,740,6730,36.90875261,6.249994721,56.84116821,2006
3804,Pasir Ris,Pasir Ris Drive,East Region,59510,23370,3140,33020,39.25751062,5.27465055,55.46782203,2006
3805,Pasir Ris,Pasir Ris Park,East Region,1190,430,60,690,36.44036915,5.084702672,58.47408073,2006
3806,Pasir Ris,Pasir Ris Town,East Region,20410,7860,1060,11480,38.52939288,5.196075884,56.27448222,2006
3807,Pasir Ris,Pasir Ris West,East Region,20,0,0,0,0,0,0,2006
3808,Paya Lebar,Airport Road,NA,0,0,0,0,0,0,0,2006
3809,Paya Lebar,Paya Lebar East,NA,0,0,0,0,0,0,0,2006
3810,Paya Lebar,Paya Lebar North,NA,30,0,0,0,0,0,0,2006
3811,Paya Lebar,Paya Lebar West,NA,30,0,0,0,0,0,0,2006
3812,Paya Lebar,Plab,NA,0,0,0,0,0,0,0,2006
3813,Pioneer,Benoi Sector,NA,10,0,0,0,0,0,0,2006
3814,Pioneer,Gul Basin,NA,0,0,0,0,0,0,0,2006
3815,Pioneer,Gul Circle,NA,20,0,0,0,0,0,0,2006
3816,Pioneer,Joo Koon,NA,40,0,0,0,0,0,0,2006
3817,Pioneer,Pioneer Sector,NA,10,0,0,0,0,0,0,2006
3818,Punggol,Subzone 1,North East Region,230,70,20,160,27.99888004,7.999680013,63.9974401,2006
3819,Punggol,Subzone 2,North East Region,0,0,0,0,0,0,0,2006
3820,Punggol,Subzone 3,North East Region,6090,1910,310,3880,31.31142408,5.081958882,63.6064531,2006
3821,Punggol,Subzone 4,North East Region,37680,12710,1720,23250,33.73141355,4.564754627,61.70380528,2006
3822,Punggol,Subzone 5,North East Region,7060,2230,240,4600,31.54168099,3.394620375,65.06355719,2006
3823,Punggol,Subzone 6,North East Region,0,0,0,0,0,0,0,2006
3824,Queenstown,Commonwealth,Central Region,8460,1700,1730,5040,20.07081456,20.4250054,59.50406198,2006
3825,Queenstown,Dover,Central Region,11760,3220,1300,7240,27.3809291,11.05441237,61.5645735,2006
3826,Queenstown,Ghim Moh,Central Region,11640,2650,2040,6940,22.78587895,17.54082757,59.6732075,2006
3827,Queenstown,Holland Drive,Central Region,15670,3350,2640,9670,21.39206808,16.85822678,61.74964128,2006
3828,Queenstown,Kent Ridge,Central Region,1490,460,60,960,31.08087108,4.054026662,64.86442659,2006
3829,Queenstown,Margaret Drive,Central Region,8890,2120,1170,5620,23.79346376,13.13129839,63.07512562,2006
3830,Queenstown,Mei Chin,Central Region,17020,4560,2500,9980,26.76054768,14.67135289,58.56804075,2006
3831,Queenstown,National University Of Singapore,Central Region,140,40,0,100,28.5693879,0,71.42346975,2006
3832,Queenstown,One North,Central Region,230,50,0,170,22.72623972,0,77.26921504,2006
3833,Queenstown,Pasir Panjang 1,Central Region,3200,1030,210,1980,31.9874783,6.521718877,61.49049227,2006
3834,Queenstown,Pasir Panjang 2,Central Region,3570,1150,200,2210,32.30328005,5.617961747,62.07847731,2006
3835,Queenstown,Port,Central Region,280,90,30,180,29.99900003,9.999666678,59.99800007,2006
3836,Queenstown,Queensway,Central Region,290,60,20,210,20.68894176,6.89631392,72.41129616,2006
3837,Queenstown,Singapore Polytechnic,Central Region,160,40,0,110,26.66488901,0,73.32844477,2006
3838,Queenstown,Tanglin Halt,Central Region,12320,2610,2300,7430,21.1507122,18.63855864,60.21064813,2006
3839,River Valley,Institution Hill,Central Region,2770,780,180,1820,28.05745303,6.474796853,65.46739041,2006
3840,River Valley,Leonie Hill,Central Region,2820,750,220,1850,26.59565037,7.801390775,65.60260425,2006
3841,River Valley,One Tree Hill,Central Region,1730,480,220,1040,27.58604836,12.6436055,59.76977144,2006
3842,River Valley,Oxley,Central Region,1520,330,200,990,21.71038348,13.15780817,65.13115045,2006
3843,River Valley,Paterson,Central Region,60,0,0,0,0,0,0,2006
3844,Rochor,Bencoolen,Central Region,1550,360,270,940,22.92979026,17.19734269,59.87223011,2006
3845,Rochor,Farrer Park,Central Region,3210,770,430,2030,23.83893548,13.31265228,62.84810264,2006
3846,Rochor,Kampong Glam,Central Region,210,40,60,110,19.04671206,28.57006809,52.37845817,2006
3847,Rochor,Little India,Central Region,4210,1010,700,2510,23.93359257,16.58763842,59.47853204,2006
3848,Rochor,Mackenzie,Central Region,30,0,0,0,0,0,0,2006
3849,Rochor,Mount Emily,Central Region,900,210,90,610,23.07666949,9.890001209,67.03223042,2006
3850,Rochor,Rochor Canal,Central Region,10,0,0,0,0,0,0,2006
3851,Rochor,Selegie,Central Region,380,110,30,230,29.72892625,8.107888976,62.16048215,2006
3852,Rochor,Sungei Road,Central Region,2510,610,470,1430,24.30269202,18.725025,56.97188457,2006
3853,Rochor,Victoria,Central Region,2470,500,390,1590,20.16120903,15.72574304,64.11264471,2006
3854,Seletar,Seletar,NA,490,130,20,340,26.53007081,4.081549356,69.38633905,2006
3855,Sembawang,Admiralty,North Region,10550,3470,650,6420,32.9221699,6.166977071,60.91075815,2006
3856,Sembawang,Sembawang Central,North Region,27960,10340,1190,16450,36.95495463,4.253036364,58.79197327,2006
3857,Sembawang,Sembawang East,North Region,100,0,0,0,0,0,0,2006
3858,Sembawang,Sembawang North,North Region,22650,7930,1040,13680,35.01102207,4.591609452,60.39732433,2006
3859,Sembawang,Sembawang Springs,North Region,3130,1040,340,1750,33.22673091,10.8625851,55.9103645,2006
3860,Sembawang,Sembawang Straits,North Region,790,230,90,470,29.11355552,11.39226086,59.49291781,2006
3861,Sembawang,Senoko North,North Region,20,0,0,0,0,0,0,2006
3862,Sembawang,Senoko South,North Region,20,0,0,0,0,0,0,2006
3863,Sembawang,The Wharves,North Region,0,0,0,0,0,0,0,2006
3864,Sengkang,Buangkok,North East Region,27560,9210,1220,17130,33.41798497,4.426703764,62.15527498,2006
3865,Sengkang,Jalan Kayu East,North East Region,9010,2740,430,5850,30.37690646,4.76717875,64.85580393,2006
3866,Sengkang,Jalan Kayu West,North East Region,1020,270,230,530,26.21333773,22.32988029,51.45581111,2006
3867,Sengkang,Sengkang Town Centre,North East Region,48220,17370,2460,28420,35.99999254,5.098444539,58.9015422,2006
3868,Sengkang,Sungei Serangoon East,North East Region,0,0,0,0,0,0,0,2006
3869,Sengkang,Sungei Serangoon West,North East Region,53840,19350,2730,31780,35.92646938,5.06869568,59.00481637,2006
3870,Sengkang,Trafalgar,North East Region,5090,1440,270,3390,28.23523875,5.294107266,66.4704579,2006
3871,Serangoon,Seletar Hills,North East Region,11380,3790,1230,6390,33.21644766,10.78000808,56.00345661,2006
3872,Serangoon,Serangoon Central,North East Region,52610,16660,4810,31160,31.65494363,9.139272442,59.20576492,2006
3873,Serangoon,Serangoon Garden,North East Region,39980,12090,4360,23530,30.2401125,10.90545,58.85441249,2006
3874,Serangoon,Serangoon North,North East Region,18090,6690,910,10490,36.98173743,5.030400757,57.98780653,2006
3875,Simpang,Pulau Seletar,NA,0,0,0,0,0,0,0,2006
3876,Simpang,Simpang North,NA,0,0,0,0,0,0,0,2006
3877,Simpang,Simpang South,NA,0,0,0,0,0,0,0,2006
3878,Simpang,Tanjong Irau,NA,0,0,0,0,0,0,0,2006
3879,Singapore River,Boat Quay,Central Region,190,50,20,140,23.80839008,9.523356031,66.66349221,2006
3880,Singapore River,Clarke Quay,Central Region,70,0,0,0,0,0,0,2006
3881,Singapore River,Robertson Quay,Central Region,1080,250,70,780,22.72706612,6.363578513,70.90844629,2006
3882,Southern Islands,Sentosa,Central Region,80,0,0,0,0,0,0,2006
3883,Southern Islands,Southern Group,Central Region,0,0,0,0,0,0,0,2006
3884,Straits View,Straits View,NA,0,0,0,0,0,0,0,2006
3885,Sungei Kadut,Kranji,North Region,20,0,0,0,0,0,0,2006
3886,Sungei Kadut,Mandai,North Region,150,0,120,30,0,79.99466702,19.99866676,2006
3887,Sungei Kadut,Pang Sua,North Region,20,0,0,0,0,0,0,2006
3888,Sungei Kadut,Reservoir View,North Region,30,0,0,0,0,0,0,2006
3889,Sungei Kadut,Turf Club,North Region,630,160,110,380,24.61500592,16.92281657,58.46063907,2006
3890,Tampines,Simei,East Region,41990,14680,2460,24840,34.96902454,5.859931906,59.17101973,2006
3891,Tampines,Tampines East,East Region,134040,47820,8910,77330,35.6705926,6.64627729,57.68312266,2006
3892,Tampines,Tampines North,East Region,0,0,0,0,0,0,0,2006
3893,Tampines,Tampines West,East Region,76150,27730,4650,43750,36.42453219,6.107972401,57.46748227,2006
3894,Tampines,Xilin,East Region,2010,740,90,1200,36.4530224,4.433475697,59.1130093,2006
3895,Tanglin,Chatsworth,Central Region,4940,1310,460,3180,26.464593,9.292910519,64.24229446,2006
3896,Tanglin,Nassim,Central Region,7320,2200,640,4500,29.97271121,8.71933417,61.30781838,2006
3897,Tanglin,Ridout,Central Region,1220,320,140,780,25.8062435,11.29023153,62.90271853,2006
3898,Tanglin,Tyersall,Central Region,3360,1000,330,2040,29.67350245,9.792255809,60.533945,2006
3899,Tengah,Tengah,NA,10,0,0,0,0,0,0,2006
3900,Toa Payoh,Bidadari,Central Region,10,0,0,0,0,0,0,2006
3901,Toa Payoh,Boon Teck,Central Region,16200,3990,2800,9430,24.59924501,17.26262807,58.13806527,2006
3902,Toa Payoh,Braddell,Central Region,11160,2790,1780,6590,24.9999776,15.9498065,59.0501263,2006
3903,Toa Payoh,Kallang,Central Region,8540,2190,1370,5010,25.55422922,15.98597901,58.45967508,2006
3904,Toa Payoh,Kim Keat,Central Region,8760,2500,1030,5240,28.50623888,11.74457042,59.74907668,2006
3905,Toa Payoh,Marymount,Central Region,12820,2940,2240,7660,22.89717843,17.44546928,59.65727441,2006
3906,Toa Payoh,Paya Lebar,Central Region,6420,1760,890,3800,27.2867794,13.79842822,58.91463734,2006
3907,Toa Payoh,Pei Chun,Central Region,11800,3070,1740,7010,25.97290527,14.72079973,59.3062104,2006
3908,Toa Payoh,Potong Pasir,Central Region,12370,3160,1300,7920,25.52501977,10.50079927,63.97410018,2006
3909,Toa Payoh,Sennett,Central Region,4120,1140,660,2310,27.73715879,16.05835509,56.20424281,2006
3910,Toa Payoh,Toa Payoh Central,Central Region,22800,5850,3210,13750,25.64663496,14.07276893,60.28055227,2006
3911,Toa Payoh,Woodleigh,Central Region,1310,460,90,770,34.84822085,6.818130166,58.33289142,2006
3912,Tuas,Pioneer,NA,20,0,0,0,0,0,0,2006
3913,Tuas,Tengeh,NA,0,0,0,0,0,0,0,2006
3914,Tuas,Tuas Bay,NA,20,0,0,0,0,0,0,2006
3915,Tuas,Tuas Coast,NA,0,0,0,0,0,0,0,2006
3916,Tuas,Tuas Promenade,NA,10,0,0,0,0,0,0,2006
3917,Tuas,Tuas View,NA,0,0,0,0,0,0,0,2006
3918,Western Islands,Bukum,NA,0,0,0,0,0,0,0,2006
3919,Western Islands,Jurong Island,NA,0,0,0,0,0,0,0,2006
3920,Western Islands,Sudong,NA,0,0,0,0,0,0,0,2006
3921,Western Water Catchment,Western Water Catchment,NA,790,260,10,530,32.49959376,1.249984375,66.24917189,2006
3922,Woodlands,Greenwood Park,North Region,10,0,0,0,0,0,0,2006
3923,Woodlands,Midview,North Region,32430,13530,1360,17560,41.69490241,4.191061883,54.1140049,2006
3924,Woodlands,North Coast,North Region,14360,4580,1260,8530,31.87193328,8.768261122,59.35973601,2006
3925,Woodlands,Senoko West,North Region,0,0,0,0,0,0,0,2006
3926,Woodlands,Woodgrove,North Region,33540,13620,1410,18510,40.60821687,4.203934346,55.18781897,2006
3927,Woodlands,Woodlands East,North Region,90330,35160,3460,51720,38.91963262,3.829975224,57.25038109,2006
3928,Woodlands,Woodlands Regional Centre,North Region,0,0,0,0,0,0,0,2006
3929,Woodlands,Woodlands South,North Region,29210,11530,1180,16520,39.44576139,4.03694696,56.51725744,2006
3930,Woodlands,Woodlands West,North Region,29160,9990,2370,16780,34.28276106,8.133147518,57.58405711,2006
3931,Yishun,Khatib,North Region,11370,3800,700,6880,33.3918863,6.15113695,60.45688888,2006
3932,Yishun,Lower Seletar,North Region,850,330,50,490,37.9305985,5.747060379,56.32119171,2006
3933,Yishun,Nee Soon,North Region,850,270,70,500,32.14247449,8.333234128,59.52310092,2006
3934,Yishun,Northland,North Region,31460,11190,1750,18510,35.58027486,5.564386148,58.8553072,2006
3935,Yishun,Springleaf,North Region,3280,1140,280,1880,34.54534986,8.484822773,56.96952433,2006
3936,Yishun,Yishun Central,North Region,1600,550,110,960,33.95040771,6.790081543,59.25889346,2006
3937,Yishun,Yishun East,North Region,31290,11700,1440,18150,37.39212611,4.602107829,58.0057341,2006
3938,Yishun,Yishun South,North Region,39530,13660,2550,23330,34.54728514,6.449163771,59.0035258,2006
3939,Yishun,Yishun West,North Region,57570,18900,4030,34630,32.83529659,7.001388638,60.1632974,2006
3940,Planning Area,Subzone,NA,0,0,0,0,0,0,0,2006
3941,Ang Mo Kio,Cheng San,North East Region,29300,7760,2960,18600,26.46656669,10.09549451,63.43790469,2005
3942,Ang Mo Kio,Chong Boon,North East Region,28910,7430,3280,18210,25.69155405,11.34162817,62.96678321,2005
3943,Ang Mo Kio,Kebun Bahru,North East Region,24840,6700,2910,15240,26.96175977,11.71025686,61.32794313,2005
3944,Ang Mo Kio,Seletar,North East Region,0,0,0,0,0,0,0,2005
3945,Ang Mo Kio,Sembawang Hills,North East Region,6680,2280,730,3670,34.13168543,10.92812735,54.94003751,2005
3946,Ang Mo Kio,Shangri-La,North East Region,20200,5230,2570,12400,25.89107629,12.72276598,61.38610822,2005
3947,Ang Mo Kio,Sindo,North East Region,7520,2700,610,4220,35.85652609,8.100918857,56.04242225,2005
3948,Ang Mo Kio,Town Centre,North East Region,4350,1260,370,2720,28.96545065,8.505727573,62.52859189,2005
3949,Ang Mo Kio,Townsville,North East Region,20040,4850,2630,12560,24.20158473,13.12374595,62.67461942,2005
3950,Ang Mo Kio,Yio Chu Kang,North East Region,29130,9230,2250,17670,31.66379703,7.71869375,60.61747492,2005
3951,Bedok,Bayshore,East Region,5560,1660,270,3640,29.80245996,4.847388066,65.34997244,2005
3952,Bedok,Bedok North,East Region,83510,25110,8560,49840,30.0682517,10.2502682,59.68146813,2005
3953,Bedok,Bedok Reservoir,East Region,24010,8410,1640,13970,35.01247502,6.827640788,58.15984256,2005
3954,Bedok,Bedok South,East Region,52150,15300,6160,30700,29.33281646,11.80981369,58.85735068,2005
3955,Bedok,Frankel,East Region,30670,9540,3590,17560,31.08503386,11.69761756,57.21731599,2005
3956,Bedok,Kaki Bukit,East Region,42180,15090,2850,24260,35.75828537,6.753552902,57.48813804,2005
3957,Bedok,Kembangan,East Region,35700,10930,3850,20920,30.61623792,10.7843107,58.59942336,2005
3958,Bedok,Siglap,East Region,7640,2110,980,4550,27.6177649,12.82720834,59.55489587,2005
3959,Bishan,Bishan East,Central Region,29810,9400,2370,18030,31.54361358,7.953017465,60.5033354,2005
3960,Bishan,Marymount,Central Region,28340,9720,1870,16780,34.26153181,6.591467539,59.1469654,2005
3961,Bishan,Upper Thomson,Central Region,30680,9240,3510,17940,30.10751707,11.43694642,58.45550392,2005
3962,Boon Lay,Liu Fang,NA,0,0,0,0,0,0,0,2005
3963,Boon Lay,Samulun,NA,10,0,0,0,0,0,0,2005
3964,Boon Lay,Shipyard,NA,0,0,0,0,0,0,0,2005
3965,Boon Lay,Tukang,NA,10,0,0,0,0,0,0,2005
3966,Bukit Batok,Brickworks,West Region,0,0,0,0,0,0,0,2005
3967,Bukit Batok,Bukit Batok Central,West Region,25820,8710,1600,15510,33.73352683,6.196744308,60.06969014,2005
3968,Bukit Batok,Bukit Batok East,West Region,15180,5100,950,9130,33.59681581,6.258230396,60.14488792,2005
3969,Bukit Batok,Bukit Batok South,West Region,14370,5620,610,8160,39.0548721,4.239051953,56.70600646,2005
3970,Bukit Batok,Bukit Batok West,West Region,15540,5320,1010,9220,34.21219665,6.495172672,59.29256637,2005
3971,Bukit Batok,Gombak,West Region,7830,2250,680,4910,28.69894299,8.673458325,62.62747114,2005
3972,Bukit Batok,Guilin,West Region,13120,4520,760,7850,34.42495474,5.788266726,59.78670237,2005
3973,Bukit Batok,Hillview,West Region,17640,6560,780,10310,37.16711775,4.419260952,58.41356464,2005
3974,Bukit Batok,Hong Kah,West Region,28730,10400,1550,16800,36.17390046,5.391302473,58.43476228,2005
3975,Bukit Merah,Alexandra Hill,Central Region,15220,3960,2200,9080,25.98423492,14.43568607,59.5800134,2005
3976,Bukit Merah,Alexandra North,Central Region,540,170,10,350,32.07486651,1.886756854,66.03648988,2005
3977,Bukit Merah,Bukit Ho Swee,Central Region,16880,3630,3010,10250,21.49199438,17.82118542,60.68676099,2005
3978,Bukit Merah,Bukit Merah,Central Region,1230,350,130,760,28.22557883,10.48378642,61.28982831,2005
3979,Bukit Merah,Depot Road,Central Region,5100,1340,560,3220,26.17182388,10.93747864,62.89050217,2005
3980,Bukit Merah,Everton Park,Central Region,9480,2120,1360,6000,22.36284561,14.34597643,63.29107248,2005
3981,Bukit Merah,Henderson Hill,Central Region,15290,3470,2680,9140,22.69455677,17.52778448,59.77759334,2005
3982,Bukit Merah,Kampong Tiong Bahru,Central Region,11240,2670,1710,6870,23.73331224,15.19998649,61.06661239,2005
3983,Bukit Merah,Maritime Square,Central Region,1640,440,110,1110,26.50586442,6.626466106,66.86706707,2005
3984,Bukit Merah,Redhill,Central Region,8350,2020,1480,4860,24.16265052,17.70332811,58.13390175,2005
3985,Bukit Merah,Singapore General Hospital,Central Region,40,0,0,0,0,0,0,2005
3986,Bukit Merah,Tanjong Pagar,Central Region,0,0,0,0,0,0,0,2005
3987,Bukit Merah,Telok Blangah Drive,Central Region,16130,4070,2170,9880,25.2481233,13.46153011,61.29028456,2005
3988,Bukit Merah,Telok Blangah Rise,Central Region,15050,3920,1870,9270,26.02919918,12.41699043,61.55374399,2005
3989,Bukit Merah,Telok Blangah Way,Central Region,10710,2390,1730,6610,22.27397738,16.12300455,61.60292488,2005
3990,Bukit Merah,Tiong Bahru,Central Region,7770,1470,1370,4940,18.89457726,17.60923186,63.49606234,2005
3991,Bukit Merah,Tiong Bahru Station,Central Region,11760,2880,1890,7010,24.44819656,16.04412899,59.50758955,2005
3992,Bukit Panjang,Bangkit,West Region,24640,8680,1870,14080,35.24156101,7.59236395,57.16603444,2005
3993,Bukit Panjang,Bukit Panjang,West Region,33200,12140,1840,19220,36.56625405,5.542167005,57.89154883,2005
3994,Bukit Panjang,Dairy Farm,West Region,3510,1310,230,1970,37.32183099,6.552687884,56.12519622,2005
3995,Bukit Panjang,Fajar,West Region,21240,7990,1110,12140,37.61768474,5.22598624,57.15628194,2005
3996,Bukit Panjang,Nature Reserve,West Region,2780,1050,130,1590,37.90600034,4.693123852,57.4005148,2005
3997,Bukit Panjang,Saujana,West Region,20910,8120,960,11850,38.79596809,4.586715439,56.6172687,2005
3998,Bukit Panjang,Senja,West Region,14650,5340,610,8740,36.35123461,4.152481857,59.49621546,2005
3999,Bukit Timah,Anak Bukit,Central Region,21970,7520,1940,12510,34.22847782,8.830219012,56.94125765,2005
4000,Bukit Timah,Coronation Road,Central Region,5310,1660,600,3060,31.20294887,11.27817429,57.51868887,2005
4001,Bukit Timah,Farrer Court,Central Region,6180,1760,820,3620,28.38705099,13.22578512,58.3870026,2005
4002,Bukit Timah,Hillcrest,Central Region,7890,2460,840,4580,31.21823449,10.65988495,58.12175365,2005
4003,Bukit Timah,Holland Road,Central Region,7250,2420,690,4160,33.28743702,9.491046092,57.22137934,2005
4004,Bukit Timah,Leedon Park,Central Region,5760,1660,530,3570,28.81939441,9.201372914,61.97905906,2005
4005,Bukit Timah,Swiss Club,Central Region,4430,1410,540,2490,31.75668523,12.16213477,56.08095477,2005
4006,Bukit Timah,Ulu Pandan,Central Region,10870,3590,890,6410,32.9659936,8.172627941,58.86128663,2005
4007,Central Water Catchment,Central Water Catchment,NA,10,0,0,0,0,0,0,2005
4008,Changi,Changi Airport,East Region,0,0,0,0,0,0,0,2005
4009,Changi,Changi Point,East Region,440,100,70,280,22.22172841,15.55520988,62.22083954,2005
4010,Changi,Changi West,East Region,1060,440,30,590,41.50904237,2.83016198,55.65985227,2005
4011,Changi Bay,Changi Bay,NA,0,0,0,0,0,0,0,2005
4012,Choa Chu Kang,Central,West Region,19710,7510,980,11230,38.08314499,4.969571516,56.94723279,2005
4013,Choa Chu Kang,Keat Hong,West Region,15780,6280,710,8790,39.79718644,4.499363435,55.70338675,2005
4014,Choa Chu Kang,Kranji North,West Region,15060,6310,530,8240,41.84347358,3.514586529,54.64187358,2005
4015,Choa Chu Kang,Pang Sua,West Region,16650,6980,670,9020,41.87160056,4.01919375,54.10914571,2005
4016,Choa Chu Kang,Peng Siang,West Region,30030,11600,1360,17070,38.62802576,4.528803021,56.84313791,2005
4017,Choa Chu Kang,Teck Whye,West Region,25720,9280,1850,14580,36.09489067,7.19564092,56.70942952,2005
4018,Choa Chu Kang,Yew Tee,West Region,40680,15140,1720,23810,37.22644769,4.229160504,58.54436721,2005
4019,Clementi,Clementi Central,West Region,12620,3130,1390,8100,24.80188209,11.01425435,64.18378432,2005
4020,Clementi,Clementi North,West Region,23600,5670,2700,15240,24.0152376,11.43582743,64.54889261,2005
4021,Clementi,Clementi West,West Region,17050,4970,1390,10690,29.14954302,8.152487887,62.69791044,2005
4022,Clementi,Clementi Woods,West Region,19290,5010,2230,12060,25.95853577,11.55439816,62.48701426,2005
4023,Clementi,Faber,West Region,4420,1530,300,2600,34.53716809,6.771993743,58.69061244,2005
4024,Clementi,Pandan,West Region,10,0,0,0,0,0,0,2005
4025,Clementi,Sunset Way,West Region,6610,2080,580,3950,31.46742592,8.774570689,59.75785211,2005
4026,Clementi,Toh Tuck,West Region,10,0,0,0,0,0,0,2005
4027,Clementi,West Coast,West Region,3150,1040,210,1920,32.80746748,6.62458478,60.56763228,2005
4028,Downtown Core,Anson,Central Region,70,0,0,0,0,0,0,2005
4029,Downtown Core,Bayfront Subzone,Central Region,0,0,0,0,0,0,0,2005
4030,Downtown Core,Bugis,Central Region,2760,570,500,1710,20.50352337,17.98554681,61.51057011,2005
4031,Downtown Core,Cecil,Central Region,40,0,0,0,0,0,0,2005
4032,Downtown Core,Central Subzone,Central Region,0,0,0,0,0,0,0,2005
4033,Downtown Core,City Hall,Central Region,120,20,10,80,18.18016544,9.09008272,72.72066176,2005
4034,Downtown Core,Clifford Pier,Central Region,0,0,0,0,0,0,0,2005
4035,Downtown Core,Marina Centre,Central Region,20,0,0,0,0,0,0,2005
4036,Downtown Core,Maxwell,Central Region,0,0,0,0,0,0,0,2005
4037,Downtown Core,Phillip,Central Region,10,0,0,0,0,0,0,2005
4038,Downtown Core,Raffles Place,Central Region,40,0,0,0,0,0,0,2005
4039,Downtown Core,Tanjong Pagar,Central Region,300,60,40,210,19.35421438,12.90280959,67.73975033,2005
4040,Geylang,Aljunied,Central Region,44260,12030,5410,26830,27.17415243,12.22046257,60.60536241,2005
4041,Geylang,Geylang East,Central Region,29990,8800,3460,17750,29.32354904,11.52948633,59.14693131,2005
4042,Geylang,Kallang Way,Central Region,40,0,0,0,0,0,0,2005
4043,Geylang,Kampong Ubi,Central Region,13140,4870,750,7530,37.03419237,5.703417716,57.26231387,2005
4044,Geylang,Macpherson,Central Region,27450,7320,4340,15820,26.63754489,15.79329847,57.56912024,2005
4045,Hougang,Defu Industrial Park,North East Region,10,0,0,0,0,0,0,2005
4046,Hougang,Hougang Central,North East Region,49890,16620,4110,29150,33.31996124,8.239773809,58.4402449,2005
4047,Hougang,Lorong Ah Soo,North East Region,34710,10450,3570,20690,30.10658885,10.28521743,59.60816491,2005
4048,Hougang,Rosyth,North East Region,20590,7070,1820,11700,34.33704015,8.839238058,56.82367323,2005
4049,Hougang,Sungei Serangoon,North East Region,0,0,0,0,0,0,0,2005
4050,Hougang,Tai Keng,North East Region,12220,4100,1200,6930,33.5240936,9.811929835,56.6638948,2005
4051,Hougang,Trafalgar,North East Region,91040,32070,5860,53110,35.2262703,6.4367304,58.33698832,2005
4052,Jurong East,Boon Lay,West Region,20000,6630,1480,11890,33.14998343,7.3999963,59.44997028,2005
4053,Jurong East,International Business Park,West Region,10,0,0,0,0,0,0,2005
4054,Jurong East,Jurong Lake,West Region,1120,290,110,720,25.89262596,9.821340881,64.28514031,2005
4055,Jurong East,Jurong Port,West Region,0,0,0,0,0,0,0,2005
4056,Jurong East,Jurong Regional Centre,West Region,2490,720,230,1540,28.91554652,9.236910695,61.84714118,2005
4057,Jurong East,Jurong River,West Region,0,0,0,0,0,0,0,2005
4058,Jurong East,Penjuru Crescent,West Region,10,0,0,0,0,0,0,2005
4059,Jurong East,Teban Gardens,West Region,18380,5700,1490,11210,30.97824403,8.097821686,60.92387993,2005
4060,Jurong East,Toh Guan,West Region,14950,5550,670,8750,37.07412353,4.475614913,58.45019476,2005
4061,Jurong East,Yuhua,West Region,29250,9210,2350,17700,31.47640756,8.031439497,60.49211877,2005
4062,Jurong West,Boon Lay,West Region,24810,7590,1870,15350,30.59249069,7.537280315,61.87018869,2005
4063,Jurong West,Boon Lay,North Region,24810,7590,1870,15350,30.59249069,7.537280315,61.87018869,2005
4064,Jurong West,Central,West Region,56840,20180,2240,34440,35.49067262,3.939499835,60.56980996,2005
4065,Jurong West,Central,North Region,56840,20180,2240,34440,35.49067262,3.939499835,60.56980996,2005
4066,Jurong West,Chin Bee,West Region,10,0,0,0,0,0,0,2005
4067,Jurong West,Chin Bee,North Region,10,0,0,0,0,0,0,2005
4068,Jurong West,Hong Kah,West Region,55120,18640,3500,32980,33.81712013,6.349781141,59.83308058,2005
4069,Jurong West,Hong Kah,North Region,55120,18640,3500,32980,33.81712013,6.349781141,59.83308058,2005
4070,Jurong West,Kian Teck,West Region,50,0,0,0,0,0,0,2005
4071,Jurong West,Kian Teck,North Region,50,0,0,0,0,0,0,2005
4072,Jurong West,Safti,West Region,0,0,0,0,0,0,0,2005
4073,Jurong West,Safti,North Region,0,0,0,0,0,0,0,2005
4074,Jurong West,Taman Jurong,West Region,29290,10360,1940,17010,35.34628613,6.618899141,58.03478061,2005
4075,Jurong West,Taman Jurong,North Region,29290,10360,1940,17010,35.34628613,6.618899141,58.03478061,2005
4076,Jurong West,Wenya,West Region,5740,1860,290,3590,32.40412473,5.052256007,62.54344505,2005
4077,Jurong West,Wenya,North Region,5740,1860,290,3590,32.40412473,5.052256007,62.54344505,2005
4078,Jurong West,Yunnan,West Region,66670,25800,2680,38180,38.70386458,4.020401437,57.27571898,2005
4079,Jurong West,Yunnan,North Region,66670,25800,2680,38180,38.70386458,4.020401437,57.27571898,2005
4080,Kallang,Bendemeer,Central Region,28200,7320,3760,17140,25.93904113,13.32387905,60.73704439,2005
4081,Kallang,Boon Keng,Central Region,9180,2310,1280,5590,25.16337128,13.94333993,60.89317985,2005
4082,Kallang,Crawford,Central Region,9410,1800,2170,5440,19.12856628,23.06054935,57.8107781,2005
4083,Kallang,Geylang Bahru,Central Region,13210,3470,1900,7850,26.24808907,14.37215252,59.37968277,2005
4084,Kallang,Kallang Bahru,Central Region,20,0,0,0,0,0,0,2005
4085,Kallang,Kampong Bugis,Central Region,840,250,80,510,29.76155046,9.523696146,60.71356293,2005
4086,Kallang,Kampong Java,Central Region,11160,2890,1470,6810,25.87285061,13.16023889,60.96682098,2005
4087,Kallang,Lavender,Central Region,7800,1800,1260,4760,23.01787338,16.11251137,60.86948738,2005
4088,Kallang,Tanjong Rhu,Central Region,10250,2970,930,6350,28.97558149,9.07316188,61.95115907,2005
4089,Lim Chu Kang,Lim Chu Kang,NA,50,0,0,0,0,0,0,2005
4090,Mandai,Subzone 1,North Region,0,0,0,0,0,0,0,2005
4091,Mandai,Subzone 2,North Region,0,0,0,0,0,0,0,2005
4092,Mandai,Subzone 3,North Region,1550,520,120,900,33.76601451,7.792157194,58.44117895,2005
4093,Marina East,Marina East,NA,0,0,0,0,0,0,0,2005
4094,Marina South,Marina South,NA,0,0,0,0,0,0,0,2005
4095,Marine Parade,East Coast,Central Region,0,0,0,0,0,0,0,2005
4096,Marine Parade,Katong,Central Region,8570,2560,1050,4960,29.87161042,12.25202771,57.87624519,2005
4097,Marine Parade,Marina East,Central Region,0,0,0,0,0,0,0,2005
4098,Marine Parade,Marine Parade,Central Region,26730,6640,4260,15840,24.8317035,15.93118327,59.23707583,2005
4099,Marine Parade,Mountbatten,Central Region,9050,2820,870,5370,31.12579346,9.602638408,59.27145776,2005
4100,Museum,Bras Basah,Central Region,40,0,0,0,0,0,0,2005
4101,Museum,Dhoby Ghaut,Central Region,40,0,0,0,0,0,0,2005
4102,Museum,Fort Canning,Central Region,10,0,0,0,0,0,0,2005
4103,Newton,Cairnhill,Central Region,3440,920,370,2150,26.7441083,10.75578269,62.49981831,2005
4104,Newton,Goodwood Park,Central Region,810,250,60,510,30.48743308,7.316983939,62.19436348,2005
4105,Newton,Istana Negara,Central Region,60,0,0,0,0,0,0,2005
4106,Newton,Monk's Hill,Central Region,1220,320,120,800,25.8062435,9.677341312,64.51560875,2005
4107,Newton,Newton Circus,Central Region,140,50,0,90,35.71173488,0,64.28112278,2005
4108,Newton,Orange Grove,Central Region,1320,370,100,850,28.03009068,7.575700184,64.39345156,2005
4109,North Eastern Islands,North Eastern Islands,NA,70,0,0,0,0,0,0,2005
4110,Novena,Balestier,Central Region,31690,8330,4170,19200,26.27759423,13.15456998,60.56780424,2005
4111,Novena,Dunearn,Central Region,3780,1180,470,2140,31.13448249,12.40102269,56.46423097,2005
4112,Novena,Malcolm,Central Region,2450,730,290,1440,29.67467612,11.78856997,58.53634741,2005
4113,Novena,Moulmein,Central Region,6150,1810,540,3810,29.38306918,8.766219535,61.85054894,2005
4114,Novena,Mount Pleasant,Central Region,590,170,80,350,28.33286112,13.33311111,58.33236113,2005
4115,Orchard,Boulevard,Central Region,280,60,50,200,19.35421438,16.12851198,64.51404793,2005
4116,Orchard,Somerset,Central Region,120,30,0,80,27.27024816,0,72.72066176,2005
4117,Orchard,Tanglin,Central Region,260,80,30,180,27.58525568,10.34447088,62.06682528,2005
4118,Outram,China Square,Central Region,1910,400,300,1240,20.61845042,15.46383782,63.9171963,2005
4119,Outram,Chinatown,Central Region,6480,1130,1440,3910,17.43824469,22.22218793,60.33941306,2005
4120,Outram,Pearl's Hill,Central Region,7020,1230,1670,4110,17.54633731,23.82307586,58.63044418,2005
4121,Outram,People's Park,Central Region,510,100,50,360,19.60745868,9.803729339,70.58685124,2005
4122,Pasir Ris,Elias,East Region,33600,13260,1580,18790,39.42906945,4.698184746,55.87271607,2005
4123,Pasir Ris,Loyang,East Region,10,0,0,0,0,0,0,2005
4124,Pasir Ris,Loyang East,East Region,10820,4040,710,6070,37.33822797,6.561916301,56.09976331,2005
4125,Pasir Ris,Pasir Ris Drive,East Region,58970,23460,3030,32490,39.77618858,5.137333819,55.08646065,2005
4126,Pasir Ris,Pasir Ris Park,East Region,1180,440,50,670,37.93070749,4.31030767,57.75812277,2005
4127,Pasir Ris,Pasir Ris Town,East Region,20310,7960,1030,11340,39.15394041,5.066401836,55.77960857,2005
4128,Pasir Ris,Pasir Ris West,East Region,10,0,0,0,0,0,0,2005
4129,Paya Lebar,Airport Road,NA,0,0,0,0,0,0,0,2005
4130,Paya Lebar,Paya Lebar East,NA,0,0,0,0,0,0,0,2005
4131,Paya Lebar,Paya Lebar North,NA,30,0,0,0,0,0,0,2005
4132,Paya Lebar,Paya Lebar West,NA,30,0,0,0,0,0,0,2005
4133,Paya Lebar,Plab,NA,0,0,0,0,0,0,0,2005
4134,Pioneer,Benoi Sector,NA,10,0,0,0,0,0,0,2005
4135,Pioneer,Gul Basin,NA,0,0,0,0,0,0,0,2005
4136,Pioneer,Gul Circle,NA,10,0,0,0,0,0,0,2005
4137,Pioneer,Joo Koon,NA,30,0,0,0,0,0,0,2005
4138,Pioneer,Pioneer Sector,NA,10,0,0,0,0,0,0,2005
4139,Punggol,Subzone 1,North East Region,220,80,20,150,31.99872005,7.999680013,59.9976001,2005
4140,Punggol,Subzone 2,North East Region,0,0,0,0,0,0,0,2005
4141,Punggol,Subzone 3,North East Region,5570,1720,280,3550,30.99093515,5.045035955,63.96384871,2005
4142,Punggol,Subzone 4,North East Region,35550,11810,1570,22180,33.21146423,4.415071874,62.37343578,2005
4143,Punggol,Subzone 5,North East Region,5510,1660,170,3680,30.12698707,3.085293856,66.78753759,2005
4144,Punggol,Subzone 6,North East Region,0,0,0,0,0,0,0,2005
4145,Queenstown,Commonwealth,Central Region,8380,1740,1710,4940,20.73895025,20.38138214,58.87954842,2005
4146,Queenstown,Dover,Central Region,11610,3230,1250,7150,27.77297698,10.74805611,61.47888093,2005
4147,Queenstown,Ghim Moh,Central Region,11550,2680,1970,6920,23.16333348,17.02677871,59.80980137,2005
4148,Queenstown,Holland Drive,Central Region,15700,3410,2580,9700,21.73357442,16.44358417,61.82277768,2005
4149,Queenstown,Kent Ridge,Central Region,1460,440,60,940,30.55534337,4.166637732,65.27732446,2005
4150,Queenstown,Margaret Drive,Central Region,8550,2040,1130,5360,23.91556399,13.24734672,62.83697206,2005
4151,Queenstown,Mei Chin,Central Region,16730,4480,2500,9770,26.74625269,14.92536422,58.32832339,2005
4152,Queenstown,National University Of Singapore,Central Region,140,40,0,100,28.5693879,0,71.42346975,2005
4153,Queenstown,One North,Central Region,210,50,0,160,23.80839008,0,76.18684825,2005
4154,Queenstown,Pasir Panjang 1,Central Region,3350,1090,220,2050,32.44037964,6.547599561,61.01172318,2005
4155,Queenstown,Pasir Panjang 2,Central Region,3440,1150,190,2110,33.33323672,5.507230414,61.15924302,2005
4156,Queenstown,Port,Central Region,240,70,30,160,26.92204146,11.53801777,61.53609477,2005
4157,Queenstown,Queensway,Central Region,280,70,20,190,24.99910717,7.14260205,67.85471947,2005
4158,Queenstown,Singapore Polytechnic,Central Region,150,50,0,100,33.33111126,0,66.66222252,2005
4159,Queenstown,Tanglin Halt,Central Region,12260,2670,2230,7370,21.76037346,18.17439432,60.06515072,2005
4160,River Valley,Institution Hill,Central Region,3060,840,230,1980,27.54089331,7.540958882,64.91781994,2005
4161,River Valley,Leonie Hill,Central Region,2930,790,250,1920,26.68909902,8.445917412,64.86464573,2005
4162,River Valley,One Tree Hill,Central Region,1910,510,220,1190,26.56236165,11.45827365,61.97884386,2005
4163,River Valley,Oxley,Central Region,1460,320,190,950,21.9176581,13.0136095,65.06804748,2005
4164,River Valley,Paterson,Central Region,160,40,20,90,26.66488901,13.3324445,59.99600027,2005
4165,Rochor,Bencoolen,Central Region,1580,350,280,950,22.15175853,17.72140683,60.12620173,2005
4166,Rochor,Farrer Park,Central Region,3020,750,410,1860,24.83435485,13.57611399,61.58920004,2005
4167,Rochor,Kampong Glam,Central Region,210,40,70,110,18.18099177,31.8167356,49.99772738,2005
4168,Rochor,Little India,Central Region,4240,1040,690,2520,24.47053066,16.23525592,59.29397813,2005
4169,Rochor,Mackenzie,Central Region,30,0,0,0,0,0,0,2005
4170,Rochor,Mount Emily,Central Region,910,220,80,620,23.91278356,8.695557657,67.39057184,2005
4171,Rochor,Rochor Canal,Central Region,10,0,0,0,0,0,0,2005
4172,Rochor,Selegie,Central Region,350,90,30,230,25.71355104,8.57118368,65.71240822,2005
4173,Rochor,Sungei Road,Central Region,2460,580,450,1450,23.38700247,18.14508812,58.46750618,2005
4174,Rochor,Victoria,Central Region,2510,520,400,1580,20.7999168,15.999936,63.1997472,2005
4175,Seletar,Seletar,NA,470,130,10,330,27.65898598,2.127614306,70.2112721,2005
4176,Sembawang,Admiralty,North Region,10200,3380,610,6210,33.13722241,5.980386294,60.88229325,2005
4177,Sembawang,Sembawang Central,North Region,27340,10260,1150,15960,37.48628517,4.201679137,58.31199916,2005
4178,Sembawang,Sembawang East,North Region,100,30,20,90,21.42704093,14.28469395,64.28112278,2005
4179,Sembawang,Sembawang North,North Region,21950,7750,1010,13200,35.29142291,4.599269308,60.10926225,2005
4180,Sembawang,Sembawang Springs,North Region,2920,980,320,1640,33.33321996,10.88431672,55.78212319,2005
4181,Sembawang,Sembawang Straits,North Region,620,190,80,380,29.23031953,12.30750296,58.46063907,2005
4182,Sembawang,Senoko North,North Region,20,0,0,0,0,0,0,2005
4183,Sembawang,Senoko South,North Region,30,0,0,0,0,0,0,2005
4184,Sembawang,The Wharves,North Region,10,0,0,0,0,0,0,2005
4185,Sengkang,Buangkok,North East Region,26310,8750,1170,16390,33.25730397,4.446976645,62.29568138,2005
4186,Sengkang,Jalan Kayu East,North East Region,8330,2480,410,5470,29.66503629,4.904300354,65.43054374,2005
4187,Sengkang,Jalan Kayu West,North East Region,980,280,220,500,27.99972,21.99978,49.99950001,2005
4188,Sengkang,Sengkang Town Centre,North East Region,46710,16940,2390,27390,36.25855388,5.115581097,58.62584362,2005
4189,Sengkang,Sungei Serangoon East,North East Region,0,0,0,0,0,0,0,2005
4190,Sengkang,Sungei Serangoon West,North East Region,52650,19120,2600,30960,36.29460207,4.93545844,58.76992051,2005
4191,Sengkang,Trafalgar,North East Region,3290,1000,170,2110,30.48771193,5.182911028,64.32907217,2005
4192,Serangoon,Seletar Hills,North East Region,11190,3760,1140,6280,33.63145471,10.19677084,56.171685,2005
4193,Serangoon,Serangoon Central,North East Region,52290,16950,4580,30740,32.42777264,8.762194612,58.81001362,2005
4194,Serangoon,Serangoon Garden,North East Region,39840,12250,4270,23330,30.74026832,10.71517924,58.54452734,2005
4195,Serangoon,Serangoon North,North East Region,17970,6810,870,10300,37.87539606,4.838706986,57.28584133,2005
4196,Simpang,Pulau Seletar,NA,0,0,0,0,0,0,0,2005
4197,Simpang,Simpang North,NA,0,0,0,0,0,0,0,2005
4198,Simpang,Simpang South,NA,0,0,0,0,0,0,0,2005
4199,Simpang,Tanjong Irau,NA,0,0,0,0,0,0,0,2005
4200,Singapore River,Boat Quay,Central Region,190,40,10,130,22.22098772,5.555246931,72.2182101,2005
4201,Singapore River,Clarke Quay,Central Region,60,0,0,0,0,0,0,2005
4202,Singapore River,Robertson Quay,Central Region,1000,230,50,730,22.77205176,4.950446035,72.27651211,2005
4203,Southern Islands,Sentosa,Central Region,0,0,0,0,0,0,0,2005
4204,Southern Islands,Southern Group,Central Region,0,0,0,0,0,0,0,2005
4205,Straits View,Straits View,NA,0,0,0,0,0,0,0,2005
4206,Sungei Kadut,Kranji,North Region,20,0,0,0,0,0,0,2005
4207,Sungei Kadut,Mandai,North Region,150,0,110,30,0,78.56581673,21.42704093,2005
4208,Sungei Kadut,Pang Sua,North Region,20,0,0,0,0,0,0,2005
4209,Sungei Kadut,Reservoir View,North Region,20,0,0,0,0,0,0,2005
4210,Sungei Kadut,Turf Club,North Region,610,140,100,390,22.22186949,15.87276392,61.90377931,2005
4211,Tampines,Simei,East Region,41040,14570,2330,24160,35.48464796,5.674621122,58.84070657,2005
4212,Tampines,Tampines East,East Region,133730,48700,8670,76360,36.41665771,6.483211958,57.10012285,2005
4213,Tampines,Tampines North,East Region,0,0,0,0,0,0,0,2005
4214,Tampines,Tampines West,East Region,75770,28270,4530,42990,37.30043049,5.977041037,56.72251528,2005
4215,Tampines,Xilin,East Region,2050,760,90,1210,36.89302479,4.368910831,58.73757894,2005
4216,Tanglin,Chatsworth,Central Region,4890,1330,410,3150,27.19830839,8.384440932,64.41704618,2005
4217,Tanglin,Nassim,Central Region,7230,2210,630,4400,30.52481972,8.70164544,60.77339672,2005
4218,Tanglin,Ridout,Central Region,1190,320,140,730,26.89053033,11.76460702,61.34402232,2005
4219,Tanglin,Tyersall,Central Region,3330,1000,320,2030,29.85065716,9.552210292,60.59683404,2005
4220,Tengah,Tengah,NA,10,0,0,0,0,0,0,2005
4221,Toa Payoh,Bidadari,Central Region,10,0,0,0,0,0,0,2005
4222,Toa Payoh,Boon Teck,Central Region,16040,4010,2690,9360,24.9688512,16.74967824,58.28140829,2005
4223,Toa Payoh,Braddell,Central Region,11100,2840,1750,6540,25.51659882,15.72325631,58.76005502,2005
4224,Toa Payoh,Kallang,Central Region,8500,2180,1330,4990,25.64702865,15.64704042,58.70581329,2005
4225,Toa Payoh,Kim Keat,Central Region,8720,2540,1030,5170,29.06175165,11.78488354,59.1532504,2005
4226,Toa Payoh,Marymount,Central Region,12730,2960,2140,7630,23.25214199,16.81067022,59.93710924,2005
4227,Toa Payoh,Paya Lebar,Central Region,6340,1770,840,3740,27.87397185,13.22832562,58.89754504,2005
4228,Toa Payoh,Pei Chun,Central Region,11710,3090,1670,6950,26.38768028,14.26130294,59.35093138,2005
4229,Toa Payoh,Potong Pasir,Central Region,12280,3220,1260,7810,26.20014142,10.25222925,63.54754797,2005
4230,Toa Payoh,Sennett,Central Region,4050,1100,650,2300,27.16042676,16.04934309,56.78998323,2005
4231,Toa Payoh,Toa Payoh Central,Central Region,22320,5760,3130,13430,25.80644005,14.02329121,60.17022394,2005
4232,Toa Payoh,Woodleigh,Central Region,1330,500,80,760,37.31315438,5.970104701,56.71599466,2005
4233,Tuas,Pioneer,NA,20,0,0,0,0,0,0,2005
4234,Tuas,Tengeh,NA,0,0,0,0,0,0,0,2005
4235,Tuas,Tuas Bay,NA,10,0,0,0,0,0,0,2005
4236,Tuas,Tuas Coast,NA,0,0,0,0,0,0,0,2005
4237,Tuas,Tuas Promenade,NA,10,0,0,0,0,0,0,2005
4238,Tuas,Tuas View,NA,0,0,0,0,0,0,0,2005
4239,Western Islands,Bukum,NA,0,0,0,0,0,0,0,2005
4240,Western Islands,Jurong Island,NA,0,0,0,0,0,0,0,2005
4241,Western Islands,Sudong,NA,0,0,0,0,0,0,0,2005
4242,Western Water Catchment,Western Water Catchment,NA,760,240,10,510,31.57853186,1.315772161,67.10438021,2005
4243,Woodlands,Greenwood Park,North Region,20,0,0,0,0,0,0,2005
4244,Woodlands,Midview,North Region,32160,13570,1330,17270,42.18214418,4.134285317,53.68353942,2005
4245,Woodlands,North Coast,North Region,14290,4630,1170,8480,32.42294648,8.193271573,59.38371192,2005
4246,Woodlands,Senoko West,North Region,0,0,0,0,0,0,0,2005
4247,Woodlands,Woodgrove,North Region,32870,13540,1380,17980,41.15500269,4.1945276,54.65043932,2005
4248,Woodlands,Woodlands East,North Region,88760,34700,3380,50710,39.08097319,3.806734564,57.11228099,2005
4249,Woodlands,Woodlands Regional Centre,North Region,0,0,0,0,0,0,0,2005
4250,Woodlands,Woodlands South,North Region,28600,11360,1120,16140,39.69250884,3.913345942,56.39411027,2005
4251,Woodlands,Woodlands West,North Region,28650,10000,2280,16360,34.91618893,7.960891075,57.12288508,2005
4252,Yishun,Khatib,North Region,11370,3880,660,6810,34.18499191,5.81497285,59.99994714,2005
4253,Yishun,Lower Seletar,North Region,0,0,0,0,0,0,0,2005
4254,Yishun,Nee Soon,North Region,810,270,80,480,32.52972856,9.638438091,57.83062855,2005
4255,Yishun,Northland,North Region,31420,11440,1680,18300,36.40991839,5.346911093,58.24313869,2005
4256,Yishun,Springleaf,North Region,3010,1080,260,1700,35.52619893,8.552603445,55.92086868,2005
4257,Yishun,Yishun Central,North Region,1600,560,110,940,34.78239266,6.8322557,58.38473053,2005
4258,Yishun,Yishun East,North Region,31060,11740,1380,17940,37.79779852,4.443012092,57.75915719,2005
4259,Yishun,Yishun South,North Region,39550,13920,2410,23220,35.19594559,6.093550925,58.7104782,2005
4260,Yishun,Yishun West,North Region,56440,18980,3830,33640,33.62266898,6.784764077,59.59254923,2005
4261,Planning Area,Subzone,NA,0,0,0,0,0,0,0,2005
4262,Ang Mo Kio,Cheng San,North East Region,29450,8080,2810,18590,27.40840319,9.531882791,63.0596801,2004
4263,Ang Mo Kio,Chong Boon,North East Region,29060,7760,3080,18230,26.69417726,10.59511159,62.71067674,2004
4264,Ang Mo Kio,Kebun Bahru,North East Region,24860,6860,2770,15230,27.59451826,11.14239294,61.26304857,2004
4265,Ang Mo Kio,Seletar,North East Region,0,0,0,0,0,0,0,2004
4266,Ang Mo Kio,Sembawang Hills,North East Region,6670,2310,710,3660,34.58078656,10.6287266,54.79033714,2004
4267,Ang Mo Kio,Shangri-La,North East Region,20190,5310,2470,12410,26.30013556,12.23377304,61.46604187,2004
4268,Ang Mo Kio,Sindo,North East Region,7440,2710,580,4150,36.42468222,7.795688447,55.77949492,2004
4269,Ang Mo Kio,Town Centre,North East Region,3320,900,320,2120,26.94602711,9.580809638,63.47286385,2004
4270,Ang Mo Kio,Townsville,North East Region,19360,4810,2500,12070,24.81938864,12.89989014,62.28066962,2004
4271,Ang Mo Kio,Yio Chu Kang,North East Region,28870,9320,2100,17440,32.2938211,7.276504755,60.42963949,2004
4272,Bedok,Bayshore,East Region,5280,1590,250,3460,29.9999434,4.716972232,65.28289569,2004
4273,Bedok,Bedok North,East Region,83200,25610,8220,49390,30.77384874,9.877432122,59.34870712,2004
4274,Bedok,Bedok Reservoir,East Region,23920,8470,1580,13880,35.39488701,6.602588131,58.00248307,2004
4275,Bedok,Bedok South,East Region,52430,15630,5950,30850,29.81117112,11.34846245,58.84034735,2004
4276,Bedok,Frankel,East Region,30450,9620,3450,17400,31.57202771,11.32260869,57.10533078,2004
4277,Bedok,Kaki Bukit,East Region,42240,15360,2720,24160,36.36362775,6.439392415,57.19695616,2004
4278,Bedok,Kembangan,East Region,35060,11000,3640,20410,31.38372856,10.38516109,58.23108182,2004
4279,Bedok,Siglap,East Region,7480,2120,900,4490,28.22899037,11.98400535,59.78687112,2004
4280,Bishan,Bishan East,Central Region,29710,9470,2220,18040,31.85333607,7.467202332,60.67942796,2004
4281,Bishan,Marymount,Central Region,28060,9760,1740,16600,34.73308372,6.192168615,59.07471207,2004
4282,Bishan,Upper Thomson,Central Region,30000,9180,3290,17560,30.56942039,10.95570731,58.474839,2004
4283,Boon Lay,Liu Fang,NA,0,0,0,0,0,0,0,2004
4284,Boon Lay,Samulun,NA,0,0,0,0,0,0,0,2004
4285,Boon Lay,Shipyard,NA,0,0,0,0,0,0,0,2004
4286,Boon Lay,Tukang,NA,10,0,0,0,0,0,0,2004
4287,Bukit Batok,Brickworks,West Region,0,0,0,0,0,0,0,2004
4288,Bukit Batok,Bukit Batok Central,West Region,25600,8820,1520,15290,34.41278408,5.930547823,59.65662908,2004
4289,Bukit Batok,Bukit Batok East,West Region,15110,5230,890,9000,34.58992421,5.886239493,59.52377016,2004
4290,Bukit Batok,Bukit Batok South,West Region,14170,5610,590,8000,39.50701443,4.154926651,56.33798849,2004
4291,Bukit Batok,Bukit Batok West,West Region,15420,5350,960,9120,34.67269302,6.221642112,59.10560006,2004
4292,Bukit Batok,Gombak,West Region,7130,2130,620,4390,29.83189099,8.683461228,61.48450772,2004
4293,Bukit Batok,Guilin,West Region,12340,4380,700,7290,35.40821713,5.658847487,58.93285454,2004
4294,Bukit Batok,Hillview,West Region,17210,6470,730,10030,37.55076172,4.236793827,58.21238641,2004
4295,Bukit Batok,Hong Kah,West Region,28430,10440,1470,16540,36.69594492,5.166957762,58.13706217,2004
4296,Bukit Merah,Alexandra Hill,Central Region,15100,3940,2100,9070,26.07542947,13.89807154,60.02643281,2004
4297,Bukit Merah,Alexandra North,Central Region,530,160,20,350,30.18810966,3.773513707,66.03648988,2004
4298,Bukit Merah,Bukit Ho Swee,Central Region,17160,3760,2980,10420,21.91140914,17.36595725,60.72257534,2004
4299,Bukit Merah,Bukit Merah,Central Region,1250,370,130,750,29.5997632,10.3999168,59.99952,2004
4300,Bukit Merah,Depot Road,Central Region,4710,1250,530,2940,26.48299474,11.22878977,62.28800363,2004
4301,Bukit Merah,Everton Park,Central Region,9290,2120,1320,5840,22.84480297,14.2241226,62.93096667,2004
4302,Bukit Merah,Henderson Hill,Central Region,15340,3560,2590,9170,23.23758274,16.90599419,59.8563578,2004
4303,Bukit Merah,Kampong Tiong Bahru,Central Region,10990,2680,1590,6730,24.36361421,14.45453231,61.18176256,2004
4304,Bukit Merah,Maritime Square,Central Region,1180,330,90,760,27.9658647,7.627054008,64.40623385,2004
4305,Bukit Merah,Redhill,Central Region,7280,1800,1370,4130,24.65750047,18.76709758,56.57526497,2004
4306,Bukit Merah,Singapore General Hospital,Central Region,30,0,0,0,0,0,0,2004
4307,Bukit Merah,Tanjong Pagar,Central Region,0,0,0,0,0,0,0,2004
4308,Bukit Merah,Telok Blangah Drive,Central Region,16070,4120,2080,9900,25.59004622,12.91924663,61.49064504,2004
4309,Bukit Merah,Telok Blangah Rise,Central Region,15030,3990,1730,9310,26.54688853,11.51030505,61.94273989,2004
4310,Bukit Merah,Telok Blangah Way,Central Region,10350,2360,1660,6360,22.73600892,15.99227746,61.27161727,2004
4311,Bukit Merah,Tiong Bahru,Central Region,7040,1340,1310,4370,19.0882919,18.66094208,62.25062357,2004
4312,Bukit Merah,Tiong Bahru Station,Central Region,11350,2710,1770,6900,23.81368733,15.55358914,60.63263565,2004
4313,Bukit Panjang,Bangkit,West Region,24660,8850,1770,14060,35.85898061,7.171796122,56.96918275,2004
4314,Bukit Panjang,Bukit Panjang,West Region,32910,12190,1770,18950,37.04040199,5.378302832,57.58126479,2004
4315,Bukit Panjang,Dairy Farm,West Region,3470,1300,200,1970,37.46386898,5.763672151,56.77217069,2004
4316,Bukit Panjang,Fajar,West Region,21060,7970,1060,12040,37.82627536,5.030847161,57.14283002,2004
4317,Bukit Panjang,Nature Reserve,West Region,2750,1050,120,1580,38.18167934,4.363620496,57.45433653,2004
4318,Bukit Panjang,Saujana,West Region,20640,8170,920,11570,39.54499538,4.453047215,56.001909,2004
4319,Bukit Panjang,Senja,West Region,14230,5140,560,8520,36.14624744,3.938112561,59.91556968,2004
4320,Bukit Timah,Anak Bukit,Central Region,21870,7590,1850,12420,34.72093563,8.462942149,56.81607648,2004
4321,Bukit Timah,Coronation Road,Central Region,5160,1640,580,2950,31.72140866,11.21854697,57.05985095,2004
4322,Bukit Timah,Farrer Court,Central Region,6050,1730,760,3550,28.64233668,12.58276062,58.77473713,2004
4323,Bukit Timah,Hillcrest,Central Region,7400,2320,790,4300,31.30899958,10.66125417,58.0296113,2004
4324,Bukit Timah,Holland Road,Central Region,7060,2370,650,4060,33.47452899,9.180777993,57.34455177,2004
4325,Bukit Timah,Leedon Park,Central Region,5600,1640,480,3500,29.18144274,8.54091007,62.27746926,2004
4326,Bukit Timah,Swiss Club,Central Region,4330,1360,520,2440,31.48140861,12.03700917,56.48135074,2004
4327,Bukit Timah,Ulu Pandan,Central Region,10030,3310,800,5920,33.00096411,7.976063832,59.02287236,2004
4328,Central Water Catchment,Central Water Catchment,NA,10,0,0,0,0,0,0,2004
4329,Changi,Changi Airport,East Region,0,0,0,0,0,0,0,2004
4330,Changi,Changi Point,East Region,430,100,60,270,23.25527313,13.95316388,62.78923746,2004
4331,Changi,Changi West,East Region,1030,420,40,560,41.1760669,3.921530181,54.90142254,2004
4332,Changi Bay,Changi Bay,NA,0,0,0,0,0,0,0,2004
4333,Choa Chu Kang,Central,West Region,19130,7390,900,10860,38.59005818,4.699736449,56.71015315,2004
4334,Choa Chu Kang,Keat Hong,West Region,15670,6290,660,8740,40.08920326,4.206498275,55.70423473,2004
4335,Choa Chu Kang,Kranji North,West Region,14880,6220,520,8160,41.74493843,3.489930544,54.76506392,2004
4336,Choa Chu Kang,Pang Sua,West Region,16500,6860,620,9030,41.55055024,3.755297544,54.69409165,2004
4337,Choa Chu Kang,Peng Siang,West Region,29940,11760,1340,16840,39.278544,4.475616408,56.2458062,2004
4338,Choa Chu Kang,Teck Whye,West Region,25730,9460,1730,14530,36.7807011,6.726280433,56.49297959,2004
4339,Choa Chu Kang,Yew Tee,West Region,39340,14740,1650,22960,37.45869442,4.193137435,58.34814273,2004
4340,Clementi,Clementi Central,West Region,11890,3050,1300,7560,25.60871066,10.91518815,63.47601723,2004
4341,Clementi,Clementi North,West Region,24190,5950,2570,15670,24.59693072,10.62422049,64.77880745,2004
4342,Clementi,Clementi West,West Region,16510,4970,1290,10270,30.06652749,7.803988019,62.129424,2004
4343,Clementi,Clementi Woods,West Region,19440,5200,2130,12120,26.73520476,10.95115118,62.31359264,2004
4344,Clementi,Faber,West Region,4190,1430,280,2490,34.04753798,6.666650794,59.28557313,2004
4345,Clementi,Pandan,West Region,10,0,0,0,0,0,0,2004
4346,Clementi,Sunset Way,West Region,6590,2130,530,3920,32.37077147,8.054699005,59.57437755,2004
4347,Clementi,Toh Tuck,West Region,10,0,0,0,0,0,0,2004
4348,Clementi,West Coast,West Region,3060,1030,190,1850,33.55037931,6.188904922,60.26039003,2004
4349,Downtown Core,Anson,Central Region,60,0,0,0,0,0,0,2004
4350,Downtown Core,Bayfront Subzone,Central Region,0,0,0,0,0,0,0,2004
4351,Downtown Core,Bugis,Central Region,2740,560,480,1700,20.43788161,17.51818424,62.04356918,2004
4352,Downtown Core,Cecil,Central Region,30,0,0,0,0,0,0,2004
4353,Downtown Core,Central Subzone,Central Region,10,0,0,0,0,0,0,2004
4354,Downtown Core,City Hall,Central Region,80,0,0,0,0,0,0,2004
4355,Downtown Core,Clifford Pier,Central Region,0,0,0,0,0,0,0,2004
4356,Downtown Core,Marina Centre,Central Region,20,0,0,0,0,0,0,2004
4357,Downtown Core,Maxwell,Central Region,0,0,0,0,0,0,0,2004
4358,Downtown Core,Phillip,Central Region,0,0,0,0,0,0,0,2004
4359,Downtown Core,Raffles Place,Central Region,40,0,0,0,0,0,0,2004
4360,Downtown Core,Tanjong Pagar,Central Region,290,60,40,190,20.68894176,13.79262784,65.51498224,2004
4361,Geylang,Aljunied,Central Region,43420,11930,5190,26320,27.46316127,11.94751106,60.58930465,2004
4362,Geylang,Geylang East,Central Region,29280,8750,3370,17190,29.85328221,11.4977784,58.64890527,2004
4363,Geylang,Kallang Way,Central Region,30,0,0,0,0,0,0,2004
4364,Geylang,Kampong Ubi,Central Region,13140,4960,710,7450,37.80484923,5.411581241,56.78349331,2004
4365,Geylang,Macpherson,Central Region,27380,7390,4150,15840,26.99049416,15.15704341,57.85242591,2004
4366,Hougang,Defu Industrial Park,North East Region,10,0,0,0,0,0,0,2004
4367,Hougang,Hougang Central,North East Region,49550,16720,3910,28920,33.74368643,7.89101758,58.36527581,2004
4368,Hougang,Lorong Ah Soo,North East Region,34630,10700,3400,20550,30.88022197,9.812406981,59.30734219,2004
4369,Hougang,Rosyth,North East Region,20410,7100,1730,11590,34.76981647,8.472082041,56.75805252,2004
4370,Hougang,Sungei Serangoon,North East Region,0,0,0,0,0,0,0,2004
4371,Hougang,Tai Keng,North East Region,12110,4110,1180,6850,33.85499682,9.719926096,56.42499471,2004
4372,Hougang,Trafalgar,North East Region,89970,32220,5540,52200,35.8159142,6.15829189,58.02578279,2004
4373,Jurong East,Boon Lay,West Region,20010,6790,1390,11830,33.93301653,6.946523265,59.12041023,2004
4374,Jurong East,International Business Park,West Region,10,0,0,0,0,0,0,2004
4375,Jurong East,Jurong Lake,West Region,1080,300,80,690,28.03712115,7.47656564,64.48537864,2004
4376,Jurong East,Jurong Port,West Region,0,0,0,0,0,0,0,2004
4377,Jurong East,Jurong Regional Centre,West Region,2490,750,220,1520,30.12036096,8.835305882,61.04393155,2004
4378,Jurong East,Jurong River,West Region,10,0,0,0,0,0,0,2004
4379,Jurong East,Penjuru Crescent,West Region,20,0,0,0,0,0,0,2004
4380,Jurong East,Teban Gardens,West Region,18310,5810,1390,11110,31.73127704,7.591475919,60.67719242,2004
4381,Jurong East,Toh Guan,West Region,14870,5640,630,8610,37.90320033,4.233868122,57.86286434,2004
4382,Jurong East,Yuhua,West Region,29220,9380,2240,17610,32.09030719,7.66335694,60.24630166,2004
4383,Jurong West,Boon Lay,West Region,24880,7760,1730,15390,31.18969807,6.953373411,61.85688832,2004
4384,Jurong West,Boon Lay,North Region,24880,7760,1730,15390,31.18969807,6.953373411,61.85688832,2004
4385,Jurong West,Central,West Region,54410,19670,2150,32610,36.13815246,3.950026833,59.91180233,2004
4386,Jurong West,Central,North Region,54410,19670,2150,32610,36.13815246,3.950026833,59.91180233,2004
4387,Jurong West,Chin Bee,West Region,10,0,0,0,0,0,0,2004
4388,Jurong West,Chin Bee,North Region,10,0,0,0,0,0,0,2004
4389,Jurong West,Hong Kah,West Region,55240,19070,3220,32960,34.51583086,5.828053244,59.6560978,2004
4390,Jurong West,Hong Kah,North Region,55240,19070,3220,32960,34.51583086,5.828053244,59.6560978,2004
4391,Jurong West,Kian Teck,West Region,60,0,0,0,0,0,0,2004
4392,Jurong West,Kian Teck,North Region,60,0,0,0,0,0,0,2004
4393,Jurong West,Safti,West Region,0,0,0,0,0,0,0,2004
4394,Jurong West,Safti,North Region,0,0,0,0,0,0,0,2004
4395,Jurong West,Taman Jurong,West Region,28400,10180,1840,16390,35.83244075,6.476590469,57.69093358,2004
4396,Jurong West,Taman Jurong,North Region,28400,10180,1840,16390,35.83244075,6.476590469,57.69093358,2004
4397,Jurong West,Wenya,West Region,5070,1650,270,3150,32.54431451,5.325433283,62.13005497,2004
4398,Jurong West,Wenya,North Region,5070,1650,270,3150,32.54431451,5.325433283,62.13005497,2004
4399,Jurong West,Yunnan,West Region,65680,25680,2480,37540,39.08675204,3.774733063,57.13849967,2004
4400,Jurong West,Yunnan,North Region,65680,25680,2480,37540,39.08675204,3.774733063,57.13849967,2004
4401,Kallang,Bendemeer,Central Region,27660,7270,3610,16800,26.26444138,13.0419028,60.69361969,2004
4402,Kallang,Boon Keng,Central Region,9270,2370,1280,5640,25.51127501,13.77824136,60.71037598,2004
4403,Kallang,Crawford,Central Region,9170,1750,2060,5360,19.08394865,22.46453384,58.45140845,2004
4404,Kallang,Geylang Bahru,Central Region,13100,3480,1840,7810,26.50416869,14.01369839,59.48205675,2004
4405,Kallang,Kallang Bahru,Central Region,20,0,0,0,0,0,0,2004
4406,Kallang,Kampong Bugis,Central Region,850,250,70,530,29.41141869,8.235197233,62.35220762,2004
4407,Kallang,Kampong Java,Central Region,10930,2850,1420,6680,26.02737349,12.96802469,61.0045105,2004
4408,Kallang,Lavender,Central Region,7340,1680,1240,4440,22.82605594,16.8478032,60.32600499,2004
4409,Kallang,Tanjong Rhu,Central Region,9720,2830,860,6020,29.14518111,8.856839488,61.99787642,2004
4410,Lim Chu Kang,Lim Chu Kang,NA,60,0,0,0,0,0,0,2004
4411,Mandai,Subzone 1,North Region,0,0,0,0,0,0,0,2004
4412,Mandai,Subzone 2,North Region,0,0,0,0,0,0,0,2004
4413,Mandai,Subzone 3,North Region,1510,520,110,900,33.98670597,7.189495493,58.82314495,2004
4414,Marina East,Marina East,NA,0,0,0,0,0,0,0,2004
4415,Marina South,Marina South,NA,0,0,0,0,0,0,0,2004
4416,Marine Parade,East Coast,Central Region,0,0,0,0,0,0,0,2004
4417,Marine Parade,Katong,Central Region,8060,2440,990,4620,30.31052135,12.29812137,57.39123305,2004
4418,Marine Parade,Marina East,Central Region,0,0,0,0,0,0,0,2004
4419,Marine Parade,Marine Parade,Central Region,26770,6740,4100,15960,25.14924435,15.29850175,59.55221658,2004
4420,Marine Parade,Mountbatten,Central Region,8900,2790,840,5270,31.34827938,9.438191642,59.21341661,2004
4421,Museum,Bras Basah,Central Region,10,0,0,0,0,0,0,2004
4422,Museum,Dhoby Ghaut,Central Region,40,0,0,0,0,0,0,2004
4423,Museum,Fort Canning,Central Region,10,0,0,0,0,0,0,2004
4424,Newton,Cairnhill,Central Region,3450,930,370,2150,26.9564436,10.7246066,62.31865995,2004
4425,Newton,Goodwood Park,Central Region,720,240,40,470,31.99957334,5.333262223,62.66583112,2004
4426,Newton,Istana Negara,Central Region,40,0,0,0,0,0,0,2004
4427,Newton,Monk's Hill,Central Region,1110,270,100,730,24.54523141,9.090826447,66.36303306,2004
4428,Newton,Newton Circus,Central Region,140,40,0,100,28.5693879,0,71.42346975,2004
4429,Newton,Orange Grove,Central Region,1300,380,90,850,28.7876607,6.818130166,64.39345156,2004
4430,North Eastern Islands,North Eastern Islands,NA,90,0,0,0,0,0,0,2004
4431,Novena,Balestier,Central Region,30560,8150,3980,18420,26.67756901,13.02781898,60.29457928,2004
4432,Novena,Dunearn,Central Region,3630,1140,450,2060,31.23279114,12.32873335,56.43820154,2004
4433,Novena,Malcolm,Central Region,2350,710,280,1390,29.83180743,11.76465645,58.40311595,2004
4434,Novena,Moulmein,Central Region,5910,1730,510,3670,29.2723701,8.629427023,62.09803368,2004
4435,Novena,Mount Pleasant,Central Region,590,170,80,330,29.30983949,13.79286564,56.89557077,2004
4436,Orchard,Boulevard,Central Region,260,50,40,190,17.85650512,14.2852041,67.85471947,2004
4437,Orchard,Somerset,Central Region,110,30,10,80,24.99791684,8.332638947,66.66111157,2004
4438,Orchard,Tanglin,Central Region,240,60,40,150,23.99904004,15.99936003,59.9976001,2004
4439,Outram,China Square,Central Region,1960,400,280,1280,20.40805914,14.2856414,65.30578926,2004
4440,Outram,Chinatown,Central Region,6520,1200,1450,3890,18.3485958,22.17121992,59.48003138,2004
4441,Outram,Pearl's Hill,Central Region,6830,1200,1640,4020,17.49268587,23.90667069,58.60049767,2004
4442,Outram,People's Park,Central Region,420,90,40,300,20.92974582,9.302109253,69.7658194,2004
4443,Pasir Ris,Elias,East Region,32220,12820,1430,17960,39.80129159,4.439613648,55.75906372,2004
4444,Pasir Ris,Loyang,East Region,0,0,0,0,0,0,0,2004
4445,Pasir Ris,Loyang East,East Region,10770,4020,710,6050,37.29124556,6.586264762,56.12239692,2004
4446,Pasir Ris,Pasir Ris Drive,East Region,58230,23430,2840,31970,40.23007551,4.876372789,54.89353453,2004
4447,Pasir Ris,Pasir Ris Park,East Region,1170,450,50,660,38.79276903,4.31030767,56.89606124,2004
4448,Pasir Ris,Pasir Ris Town,East Region,20170,7970,980,11220,39.51411031,4.858698632,55.62714148,2004
4449,Pasir Ris,Pasir Ris West,East Region,10,0,0,0,0,0,0,2004
4450,Paya Lebar,Airport Road,NA,0,0,0,0,0,0,0,2004
4451,Paya Lebar,Paya Lebar East,NA,0,0,0,0,0,0,0,2004
4452,Paya Lebar,Paya Lebar North,NA,40,0,0,0,0,0,0,2004
4453,Paya Lebar,Paya Lebar West,NA,30,0,0,0,0,0,0,2004
4454,Paya Lebar,Plab,NA,0,0,0,0,0,0,0,2004
4455,Pioneer,Benoi Sector,NA,10,0,0,0,0,0,0,2004
4456,Pioneer,Gul Basin,NA,0,0,0,0,0,0,0,2004
4457,Pioneer,Gul Circle,NA,10,0,0,0,0,0,0,2004
4458,Pioneer,Joo Koon,NA,30,0,0,0,0,0,0,2004
4459,Pioneer,Pioneer Sector,NA,10,0,0,0,0,0,0,2004
4460,Punggol,Subzone 1,North East Region,230,70,20,150,29.16545144,8.332986126,62.49739594,2004
4461,Punggol,Subzone 2,North East Region,0,0,0,0,0,0,0,2004
4462,Punggol,Subzone 3,North East Region,4760,1430,230,3110,29.97897279,4.821792826,65.19902474,2004
4463,Punggol,Subzone 4,North East Region,32690,10640,1380,20680,32.53821635,4.220182196,63.24157087,2004
4464,Punggol,Subzone 5,North East Region,4810,1400,140,3290,28.98544724,2.898544724,68.115801,2004
4465,Punggol,Subzone 6,North East Region,0,0,0,0,0,0,0,2004
4466,Queenstown,Commonwealth,Central Region,8410,1770,1690,4950,21.04634834,20.09510096,58.8584318,2004
4467,Queenstown,Dover,Central Region,11700,3280,1220,7200,28.03416407,10.42734152,61.53840894,2004
4468,Queenstown,Ghim Moh,Central Region,11460,2660,1820,6980,23.21114903,15.88131249,60.90745122,2004
4469,Queenstown,Holland Drive,Central Region,15700,3520,2450,9740,22.4060965,15.59515239,61.99868746,2004
4470,Queenstown,Kent Ridge,Central Region,1370,420,40,910,30.65671053,2.919686718,66.42287283,2004
4471,Queenstown,Margaret Drive,Central Region,7350,1820,980,4560,24.72822727,13.3151993,61.95643756,2004
4472,Queenstown,Mei Chin,Central Region,17180,4590,2500,10090,26.71709737,14.55179595,58.73104847,2004
4473,Queenstown,National University Of Singapore,Central Region,110,30,0,80,27.27024816,0,72.72066176,2004
4474,Queenstown,One North,Central Region,150,40,0,110,26.66488901,0,73.32844477,2004
4475,Queenstown,Pasir Panjang 1,Central Region,3190,1080,210,1900,33.85569324,6.583051464,59.56094182,2004
4476,Queenstown,Pasir Panjang 2,Central Region,3360,1140,180,2050,33.8277928,5.341230441,60.83068003,2004
4477,Queenstown,Port,Central Region,240,60,30,150,24.99895838,12.49947919,62.49739594,2004
4478,Queenstown,Queensway,Central Region,270,70,10,180,26.92204146,3.846005923,69.22810661,2004
4479,Queenstown,Singapore Polytechnic,Central Region,110,40,0,80,33.33055579,0,66.66111157,2004
4480,Queenstown,Tanglin Halt,Central Region,12380,2740,2200,7440,22.13245385,17.77058338,60.09688199,2004
4481,River Valley,Institution Hill,Central Region,2930,800,220,1910,27.30366108,7.508506797,65.18749083,2004
4482,River Valley,Leonie Hill,Central Region,2900,790,260,1860,27.14767303,8.9346772,63.91730613,2004
4483,River Valley,One Tree Hill,Central Region,1880,510,220,1160,26.98398421,11.64015005,61.37533664,2004
4484,River Valley,Oxley,Central Region,1430,340,190,940,23.12909436,12.92508214,63.94514323,2004
4485,River Valley,Paterson,Central Region,190,50,40,110,24.99875006,19.99900005,54.99725014,2004
4486,Rochor,Bencoolen,Central Region,1540,350,280,930,22.43575362,17.94860289,59.61500247,2004
4487,Rochor,Farrer Park,Central Region,2770,700,390,1700,25.08951581,13.97844452,60.93168125,2004
4488,Rochor,Kampong Glam,Central Region,210,50,90,110,19.99920003,35.99856006,43.99824007,2004
4489,Rochor,Little India,Central Region,4200,1010,640,2530,24.16262162,15.31096816,60.52617099,2004
4490,Rochor,Mackenzie,Central Region,30,0,0,0,0,0,0,2004
4491,Rochor,Mount Emily,Central Region,860,210,70,580,24.41832072,8.139440239,67.44107627,2004
4492,Rochor,Rochor Canal,Central Region,10,0,0,0,0,0,0,2004
4493,Rochor,Selegie,Central Region,330,90,30,210,27.27190085,9.090633617,63.63443532,2004
4494,Rochor,Sungei Road,Central Region,2460,590,410,1460,23.98364234,16.66659892,59.34935224,2004
4495,Rochor,Victoria,Central Region,2560,540,390,1630,21.0936676,15.23431549,63.67162628,2004
4496,Seletar,Seletar,NA,440,100,20,320,22.72675621,4.545351242,72.72561987,2004
4497,Sembawang,Admiralty,North Region,9610,3220,570,5840,33.43714077,5.918996969,60.64375842,2004
4498,Sembawang,Sembawang Central,North Region,27040,10160,1090,15820,37.53230974,4.026596222,58.4410571,2004
4499,Sembawang,Sembawang East,North Region,100,20,10,60,22.21975336,11.10987668,66.65926008,2004
4500,Sembawang,Sembawang North,North Region,20750,7470,890,12400,35.98264163,4.287088494,59.73022171,2004
4501,Sembawang,Sembawang Springs,North Region,2660,860,310,1500,32.20961719,11.61044341,56.17956487,2004
4502,Sembawang,Sembawang Straits,North Region,530,160,80,300,29.62908094,14.81454047,55.55452677,2004
4503,Sembawang,Senoko North,North Region,20,0,0,0,0,0,0,2004
4504,Sembawang,Senoko South,North Region,30,0,0,0,0,0,0,2004
4505,Sembawang,The Wharves,North Region,0,0,0,0,0,0,0,2004
4506,Sengkang,Buangkok,North East Region,25210,8340,1050,15840,33.05587275,4.161710598,62.78237702,2004
4507,Sengkang,Jalan Kayu East,North East Region,7320,2160,360,4800,29.50815641,4.918026068,65.57368091,2004
4508,Sengkang,Jalan Kayu West,North East Region,970,270,250,470,27.27245179,25.25227018,47.47426794,2004
4509,Sengkang,Sengkang Town Centre,North East Region,45770,16800,2300,26680,36.69723969,5.024026862,58.2787116,2004
4510,Sengkang,Sungei Serangoon East,North East Region,0,0,0,0,0,0,0,2004
4511,Sengkang,Sungei Serangoon West,North East Region,49650,18280,2360,29030,36.80289172,4.751358013,58.44573013,2004
4512,Sengkang,Trafalgar,North East Region,1400,470,80,870,33.09835846,5.633763143,61.26717417,2004
4513,Serangoon,Seletar Hills,North East Region,11070,3780,1080,6210,34.14631062,9.756088748,56.0975103,2004
4514,Serangoon,Serangoon Central,North East Region,51480,16940,4320,30230,32.89958576,8.389977007,58.71041781,2004
4515,Serangoon,Serangoon Garden,North East Region,39760,12490,4100,23160,31.42137574,10.31446281,58.26413629,2004
4516,Serangoon,Serangoon North,North East Region,17810,6780,840,10200,38.0471167,4.713802069,57.23902512,2004
4517,Simpang,Pulau Seletar,NA,0,0,0,0,0,0,0,2004
4518,Simpang,Simpang North,NA,0,0,0,0,0,0,0,2004
4519,Simpang,Simpang South,NA,0,0,0,0,0,0,0,2004
4520,Simpang,Tanjong Irau,NA,0,0,0,0,0,0,0,2004
4521,Singapore River,Boat Quay,Central Region,180,40,20,150,19.04671206,9.523356031,71.42517023,2004
4522,Singapore River,Clarke Quay,Central Region,60,0,0,0,0,0,0,2004
4523,Singapore River,Robertson Quay,Central Region,960,240,30,700,24.74201297,3.092751621,72.16420449,2004
4524,Southern Islands,Sentosa,Central Region,0,0,0,0,0,0,0,2004
4525,Southern Islands,Southern Group,Central Region,0,0,0,0,0,0,0,2004
4526,Straits View,Straits View,NA,0,0,0,0,0,0,0,2004
4527,Sungei Kadut,Kranji,North Region,10,0,0,0,0,0,0,2004
4528,Sungei Kadut,Mandai,North Region,130,0,120,30,0,79.99466702,19.99866676,2004
4529,Sungei Kadut,Pang Sua,North Region,20,0,0,0,0,0,0,2004
4530,Sungei Kadut,Reservoir View,North Region,20,0,0,0,0,0,0,2004
4531,Sungei Kadut,Turf Club,North Region,620,150,100,370,24.19315817,16.12877212,59.67645683,2004
4532,Tampines,Simei,East Region,39620,14280,2160,23180,36.04239373,5.451790648,58.50579038,2004
4533,Tampines,Tampines East,East Region,133350,49500,8200,75660,37.1175737,6.148769785,56.73364902,2004
4534,Tampines,Tampines North,East Region,0,0,0,0,0,0,0,2004
4535,Tampines,Tampines West,East Region,75810,28750,4320,42740,37.92375176,5.698455916,56.37777913,2004
4536,Tampines,Xilin,East Region,2070,780,80,1240,37.14268027,3.809505669,59.04733787,2004
4537,Tanglin,Chatsworth,Central Region,4730,1300,400,3050,27.36836344,8.421034903,64.21039114,2004
4538,Tanglin,Nassim,Central Region,6990,2170,570,4250,31.04430466,8.154494772,60.80105751,2004
4539,Tanglin,Ridout,Central Region,1120,300,110,690,27.27247934,9.999909092,62.72670248,2004
4540,Tanglin,Tyersall,Central Region,3110,950,290,1860,30.64506244,9.354808533,59.99980645,2004
4541,Tengah,Tengah,NA,10,0,0,0,0,0,0,2004
4542,Toa Payoh,Bidadari,Central Region,10,0,0,0,0,0,0,2004
4543,Toa Payoh,Boon Teck,Central Region,16220,4130,2630,9470,25.44668796,16.20454947,58.34870096,2004
4544,Toa Payoh,Braddell,Central Region,11050,2820,1640,6570,25.56661327,14.86852686,59.56476921,2004
4545,Toa Payoh,Kallang,Central Region,8560,2240,1250,5070,26.16819373,14.60278668,59.22890277,2004
4546,Toa Payoh,Kim Keat,Central Region,8720,2580,960,5200,29.51941703,10.98396913,59.49649943,2004
4547,Toa Payoh,Marymount,Central Region,12720,2980,2040,7720,23.39087646,16.0125463,60.59649875,2004
4548,Toa Payoh,Paya Lebar,Central Region,6520,1850,820,3850,28.37418961,12.57666783,59.04898919,2004
4549,Toa Payoh,Pei Chun,Central Region,11640,3050,1580,7010,26.20272663,13.5738715,60.22331596,2004
4550,Toa Payoh,Potong Pasir,Central Region,12440,3420,1190,7840,27.46985745,9.558225254,62.97183697,2004
4551,Toa Payoh,Sennett,Central Region,4000,1110,640,2270,27.61187161,15.92035841,56.46752123,2004
4552,Toa Payoh,Toa Payoh Central,Central Region,21300,5550,2950,12820,26.03188272,13.83676649,60.13130388,2004
4553,Toa Payoh,Woodleigh,Central Region,1370,530,90,750,38.68584901,6.569295115,54.74412596,2004
4554,Tuas,Pioneer,NA,10,0,0,0,0,0,0,2004
4555,Tuas,Tengeh,NA,0,0,0,0,0,0,0,2004
4556,Tuas,Tuas Bay,NA,10,0,0,0,0,0,0,2004
4557,Tuas,Tuas Coast,NA,0,0,0,0,0,0,0,2004
4558,Tuas,Tuas Promenade,NA,0,0,0,0,0,0,0,2004
4559,Tuas,Tuas View,NA,0,0,0,0,0,0,0,2004
4560,Western Islands,Bukum,NA,0,0,0,0,0,0,0,2004
4561,Western Islands,Jurong Island,NA,0,0,0,0,0,0,0,2004
4562,Western Islands,Sudong,NA,0,0,0,0,0,0,0,2004
4563,Western Water Catchment,Western Water Catchment,NA,700,240,10,450,34.2852245,1.428551021,64.28479593,2004
4564,Woodlands,Greenwood Park,North Region,20,0,0,0,0,0,0,2004
4565,Woodlands,Midview,North Region,31910,13540,1280,17110,42.40524823,4.008767927,53.58595253,2004
4566,Woodlands,North Coast,North Region,14310,4750,1090,8490,33.14722041,7.60641479,59.24629501,2004
4567,Woodlands,Senoko West,North Region,0,0,0,0,0,0,0,2004
4568,Woodlands,Woodgrove,North Region,31870,13240,1270,17350,41.556798,3.986188328,54.45698228,2004
4569,Woodlands,Woodlands East,North Region,87340,34110,3240,49990,39.05426619,3.709640061,57.23608229,2004
4570,Woodlands,Woodlands Regional Centre,North Region,0,0,0,0,0,0,0,2004
4571,Woodlands,Woodlands South,North Region,27850,11110,1070,15680,39.87794692,3.840630352,56.28138683,2004
4572,Woodlands,Woodlands West,North Region,28330,10060,2160,16130,35.4849963,7.619044932,56.89592349,2004
4573,Yishun,Khatib,North Region,11440,4020,620,6800,35.13982942,5.419575682,59.44050748,2004
4574,Yishun,Lower Seletar,North Region,0,0,0,0,0,0,0,2004
4575,Yishun,Nee Soon,North Region,760,240,70,450,31.57853186,9.210405126,59.20974724,2004
4576,Yishun,Northland,North Region,31430,11660,1590,18200,37.07470999,5.055642272,57.86961594,2004
4577,Yishun,Springleaf,North Region,2900,1040,220,1650,35.7387088,7.560111477,56.70083608,2004
4578,Yishun,Yishun Central,North Region,1590,590,100,900,37.10668486,6.289268621,56.60341759,2004
4579,Yishun,Yishun East,North Region,30950,11850,1290,17830,38.26282265,4.165319934,57.57182513,2004
4580,Yishun,Yishun South,North Region,39450,14080,2230,23150,35.68169395,5.651291016,58.66698969,2004
4581,Yishun,Yishun West,North Region,56000,19130,3680,33210,34.14851229,6.569081298,59.28238856,2004
4582,Planning Area,Subzone,NA,0,0,0,0,0,0,0,2004
4583,Ang Mo Kio,Cheng San,North East Region,29420,8270,2660,18500,28.10056809,9.038393123,62.8610048,2003
4584,Ang Mo Kio,Chong Boon,North East Region,29390,8140,2960,18320,27.66824348,10.06117945,62.27054308,2003
4585,Ang Mo Kio,Kebun Bahru,North East Region,24990,7040,2650,15290,28.18253475,10.60848254,61.20894267,2003
4586,Ang Mo Kio,Seletar,North East Region,0,0,0,0,0,0,0,2003
4587,Ang Mo Kio,Sembawang Hills,North East Region,6610,2290,660,3660,34.64442565,9.984856301,55.37056676,2003
4588,Ang Mo Kio,Shangri-La,North East Region,20300,5500,2350,12490,27.04030136,11.55358331,61.40606617,2003
4589,Ang Mo Kio,Sindo,North East Region,7230,2730,460,4040,37.75928387,6.362370177,55.87820764,2003
4590,Ang Mo Kio,Town Centre,North East Region,3250,890,300,2070,27.30052975,9.202425759,63.49673774,2003
4591,Ang Mo Kio,Townsville,North East Region,19300,4880,2360,12070,25.27186677,12.22164049,62.50644096,2003
4592,Ang Mo Kio,Yio Chu Kang,North East Region,28440,9390,1970,17080,33.01686603,6.926861137,60.05623767,2003
4593,Bedok,Bayshore,East Region,4950,1480,200,3270,29.8989295,4.040395878,66.06047261,2003
4594,Bedok,Bedok North,East Region,83180,26130,7840,49220,31.41002147,9.424208508,59.165758,2003
4595,Bedok,Bedok Reservoir,East Region,23920,8570,1510,13860,35.79781295,6.30743262,57.89471266,2003
4596,Bedok,Bedok South,East Region,52340,15800,5670,30880,30.1814651,10.83094349,58.9875723,2003
4597,Bedok,Frankel,East Region,30250,9610,3320,17320,31.76858454,10.97520298,57.25617942,2003
4598,Bedok,Kaki Bukit,East Region,42190,15660,2580,23950,37.11779163,6.115191724,56.76699294,2003
4599,Bedok,Kembangan,East Region,34800,11130,3490,20200,31.9643791,10.02297242,58.01261976,2003
4600,Bedok,Siglap,East Region,7320,2110,790,4430,28.78577246,10.77761149,60.43647962,2003
4601,Bishan,Bishan East,Central Region,29500,9510,2070,17920,32.23727721,7.016946774,60.74574212,2003
4602,Bishan,Marymount,Central Region,28000,9810,1650,16560,35.01069414,5.888648862,59.10062131,2003
4603,Bishan,Upper Thomson,Central Region,29210,9050,3140,17050,30.95074181,10.73871042,58.31051357,2003
4604,Boon Lay,Liu Fang,NA,0,0,0,0,0,0,0,2003
4605,Boon Lay,Samulun,NA,0,0,0,0,0,0,0,2003
4606,Boon Lay,Shipyard,NA,0,0,0,0,0,0,0,2003
4607,Boon Lay,Tukang,NA,10,0,0,0,0,0,0,2003
4608,Bukit Batok,Brickworks,West Region,0,0,0,0,0,0,0,2003
4609,Bukit Batok,Bukit Batok Central,West Region,24940,8610,1450,14910,34.48136384,5.806966036,59.71163007,2003
4610,Bukit Batok,Bukit Batok East,West Region,15130,5290,840,8990,34.98674935,5.555551881,59.45763263,2003
4611,Bukit Batok,Bukit Batok South,West Region,14090,5650,540,7900,40.09933279,3.832502603,56.06809364,2003
4612,Bukit Batok,Bukit Batok West,West Region,15410,5410,920,9080,35.10705055,5.97014538,58.92273918,2003
4613,Bukit Batok,Gombak,West Region,3590,1120,320,2170,31.02484481,8.864241373,60.11063681,2003
4614,Bukit Batok,Guilin,West Region,12290,4420,660,7220,35.93493013,5.365849296,58.69913927,2003
4615,Bukit Batok,Hillview,West Region,19290,7070,900,11320,36.65109557,4.665627441,58.68322515,2003
4616,Bukit Batok,Hong Kah,West Region,27940,10380,1380,16200,37.12445024,4.935620552,57.93989344,2003
4617,Bukit Merah,Alexandra Hill,Central Region,14850,3940,2000,8930,26.49628346,13.44989008,60.05375921,2003
4618,Bukit Merah,Alexandra North,Central Region,480,130,20,330,27.08276911,4.166579863,68.74856774,2003
4619,Bukit Merah,Bukit Ho Swee,Central Region,17330,3870,2970,10470,22.35700615,17.15770239,60.48523369,2003
4620,Bukit Merah,Bukit Merah,Central Region,1270,360,120,780,28.57120182,9.523733939,61.9042706,2003
4621,Bukit Merah,Depot Road,Central Region,4810,1310,500,3010,27.17836685,10.37342246,62.44800322,2003
4622,Bukit Merah,Everton Park,Central Region,9150,2110,1300,5760,23.00978952,14.17664757,62.81345386,2003
4623,Bukit Merah,Henderson Hill,Central Region,15560,3690,2550,9330,23.69940674,16.37763881,59.92289022,2003
4624,Bukit Merah,Kampong Tiong Bahru,Central Region,10980,2740,1540,6710,24.93173346,14.0127261,61.05544945,2003
4625,Bukit Merah,Maritime Square,Central Region,840,240,70,520,28.91531427,8.43363333,62.64984759,2003
4626,Bukit Merah,Redhill,Central Region,7300,1790,1360,4170,24.45351851,18.57920959,56.96713529,2003
4627,Bukit Merah,Singapore General Hospital,Central Region,40,0,0,0,0,0,0,2003
4628,Bukit Merah,Tanjong Pagar,Central Region,0,0,0,0,0,0,0,2003
4629,Bukit Merah,Telok Blangah Drive,Central Region,15950,4170,1970,9820,26.12780318,12.34335066,61.5287835,2003
4630,Bukit Merah,Telok Blangah Rise,Central Region,15060,4080,1680,9300,27.09161548,11.15537108,61.75294704,2003
4631,Bukit Merah,Telok Blangah Way,Central Region,10090,2350,1570,6180,23.2673037,15.54453906,61.18805823,2003
4632,Bukit Merah,Tiong Bahru,Central Region,6910,1380,1290,4250,19.94216771,18.64159156,61.41609622,2003
4633,Bukit Merah,Tiong Bahru Station,Central Region,10690,2510,1680,6490,23.50185065,15.73032235,60.76773336,2003
4634,Bukit Panjang,Bangkit,West Region,24770,8950,1650,14170,36.13240366,6.661281122,57.20627485,2003
4635,Bukit Panjang,Bukit Panjang,West Region,32570,12150,1680,18750,37.29280623,5.15653617,57.5506269,2003
4636,Bukit Panjang,Dairy Farm,West Region,3410,1290,190,1940,37.71918796,5.555539311,56.72498034,2003
4637,Bukit Panjang,Fajar,West Region,20740,7820,1020,11900,37.70489985,4.918030416,57.37702152,2003
4638,Bukit Panjang,Nature Reserve,West Region,2630,990,120,1520,37.64244242,4.562720294,57.79445706,2003
4639,Bukit Panjang,Saujana,West Region,20260,8090,850,11320,39.93087861,4.195456962,55.87361507,2003
4640,Bukit Panjang,Senja,West Region,13330,4770,520,8070,35.70356609,3.892212656,60.4041464,2003
4641,Bukit Timah,Anak Bukit,Central Region,21310,7510,1630,12180,35.22512419,7.645399791,57.12942911,2003
4642,Bukit Timah,Coronation Road,Central Region,4960,1570,530,2860,31.65316199,10.68546233,57.66117407,2003
4643,Bukit Timah,Farrer Court,Central Region,6030,1760,730,3540,29.18734795,12.10611591,58.7063703,2003
4644,Bukit Timah,Hillcrest,Central Region,7130,2220,750,4170,31.09239343,10.50418697,58.40327955,2003
4645,Bukit Timah,Holland Road,Central Region,6870,2310,590,3980,33.57553259,8.575568931,57.84875313,2003
4646,Bukit Timah,Leedon Park,Central Region,5580,1660,470,3470,29.64280421,8.392842156,61.96417506,2003
4647,Bukit Timah,Swiss Club,Central Region,4220,1330,520,2390,31.36785055,12.26412202,56.36779159,2003
4648,Bukit Timah,Ulu Pandan,Central Region,9550,3170,730,5650,33.19368252,7.643971053,59.16224171,2003
4649,Central Water Catchment,Central Water Catchment,NA,10,0,0,0,0,0,0,2003
4650,Changi,Changi Airport,East Region,0,0,0,0,0,0,0,2003
4651,Changi,Changi Point,East Region,430,130,50,270,28.88824693,11.1108642,59.9986667,2003
4652,Changi,Changi West,East Region,1020,420,40,560,41.1760669,3.921530181,54.90142254,2003
4653,Changi Bay,Changi Bay,NA,0,0,0,0,0,0,0,2003
4654,Choa Chu Kang,Central,West Region,17750,6900,820,10020,38.89513027,4.62231983,56.48249353,2003
4655,Choa Chu Kang,Keat Hong,West Region,15590,6300,610,8680,40.41049364,3.912762083,55.67668013,2003
4656,Choa Chu Kang,Kranji North,West Region,14830,6220,490,8160,41.82915815,3.29522307,54.87555153,2003
4657,Choa Chu Kang,Pang Sua,West Region,16310,6790,570,8960,41.60536666,3.492644919,54.90192714,2003
4658,Choa Chu Kang,Peng Siang,West Region,29560,11740,1230,16610,39.68896562,4.158213604,56.15278697,2003
4659,Choa Chu Kang,Teck Whye,West Region,25750,9640,1630,14490,37.42234572,6.327637295,56.24997816,2003
4660,Choa Chu Kang,Yew Tee,West Region,38020,14460,1540,22030,38.02260373,4.049433592,57.92793638,2003
4661,Clementi,Clementi Central,West Region,11810,3150,1220,7460,26.62719643,10.31275544,63.0599636,2003
4662,Clementi,Clementi North,West Region,24230,6100,2440,15690,25.175392,10.0701568,64.75440992,2003
4663,Clementi,Clementi West,West Region,16280,5010,1210,10060,30.77393687,7.432427867,61.79357384,2003
4664,Clementi,Clementi Woods,West Region,19580,5340,2050,12190,27.27271334,10.46986186,62.25737372,2003
4665,Clementi,Faber,West Region,3970,1350,240,2380,34.00495213,6.045324823,59.94947116,2003
4666,Clementi,Pandan,West Region,10,0,0,0,0,0,0,2003
4667,Clementi,Sunset Way,West Region,6490,2150,490,3850,33.12783802,7.550065408,59.32194249,2003
4668,Clementi,Toh Tuck,West Region,10,0,0,0,0,0,0,2003
4669,Clementi,West Coast,West Region,3310,1150,190,1970,34.74309745,5.740163927,59.51643651,2003
4670,Downtown Core,Anson,Central Region,40,0,0,0,0,0,0,2003
4671,Downtown Core,Bayfront Subzone,Central Region,0,0,0,0,0,0,0,2003
4672,Downtown Core,Bugis,Central Region,2810,610,470,1770,21.40343367,16.49117021,62.10504525,2003
4673,Downtown Core,Cecil,Central Region,30,0,0,0,0,0,0,2003
4674,Downtown Core,Central Subzone,Central Region,0,0,0,0,0,0,0,2003
4675,Downtown Core,City Hall,Central Region,80,0,0,0,0,0,0,2003
4676,Downtown Core,Clifford Pier,Central Region,0,0,0,0,0,0,0,2003
4677,Downtown Core,Marina Centre,Central Region,20,0,0,0,0,0,0,2003
4678,Downtown Core,Maxwell,Central Region,0,0,0,0,0,0,0,2003
4679,Downtown Core,Phillip,Central Region,0,0,0,0,0,0,0,2003
4680,Downtown Core,Raffles Place,Central Region,30,0,0,0,0,0,0,2003
4681,Downtown Core,Tanjong Pagar,Central Region,260,60,40,180,21.42780615,14.2852041,64.28341845,2003
4682,Geylang,Aljunied,Central Region,42630,11990,4890,25730,28.13892792,11.47617661,60.38487201,2003
4683,Geylang,Geylang East,Central Region,28840,8730,3270,16850,30.25995485,11.33448481,58.40552568,2003
4684,Geylang,Kallang Way,Central Region,40,0,0,0,0,0,0,2003
4685,Geylang,Kampong Ubi,Central Region,13030,5000,670,7360,38.37295597,5.1419761,56.48499119,2003
4686,Geylang,Macpherson,Central Region,27520,7530,4050,15950,27.35196972,14.71121878,57.93677518,2003
4687,Hougang,Defu Industrial Park,North East Region,20,0,0,0,0,0,0,2003
4688,Hougang,Hougang Central,North East Region,48660,16640,3670,28370,34.18240875,7.539028854,58.27854185,2003
4689,Hougang,Lorong Ah Soo,North East Region,34730,10900,3270,20570,31.37592649,9.412777947,59.21126678,2003
4690,Hougang,Rosyth,North East Region,20370,7200,1630,11540,35.34607985,8.001959744,56.65191131,2003
4691,Hougang,Sungei Serangoon,North East Region,0,0,0,0,0,0,0,2003
4692,Hougang,Tai Keng,North East Region,12130,4130,1140,6870,34.01974133,9.390437075,56.58973922,2003
4693,Hougang,Trafalgar,North East Region,89330,32620,5210,51510,36.5121965,5.831653701,57.65613861,2003
4694,Jurong East,Boon Lay,West Region,19890,6850,1350,11710,34.40480442,6.7805089,58.81463646,2003
4695,Jurong East,International Business Park,West Region,0,0,0,0,0,0,0,2003
4696,Jurong East,Jurong Lake,West Region,1090,310,70,680,29.24500712,6.603711286,64.1503382,2003
4697,Jurong East,Jurong Port,West Region,0,0,0,0,0,0,0,2003
4698,Jurong East,Jurong Regional Centre,West Region,2470,760,220,1500,30.64503772,8.870931972,60.48362708,2003
4699,Jurong East,Jurong River,West Region,10,0,0,0,0,0,0,2003
4700,Jurong East,Penjuru Crescent,West Region,20,0,0,0,0,0,0,2003
4701,Jurong East,Teban Gardens,West Region,18310,5940,1320,11020,32.49451176,7.221002614,60.28443092,2003
4702,Jurong East,Toh Guan,West Region,14870,5760,590,8510,38.7617505,3.970387638,57.26779457,2003
4703,Jurong East,Yuhua,West Region,29200,9600,2140,17480,32.8541982,7.323748349,59.82201923,2003
4704,Jurong West,Boon Lay,West Region,25130,8090,1660,15410,32.15420026,6.597771623,61.24798838,2003
4705,Jurong West,Boon Lay,North Region,25130,8090,1660,15410,32.15420026,6.597771623,61.24798838,2003
4706,Jurong West,Central,West Region,51780,18990,2010,30770,36.68146867,3.882556716,59.4359553,2003
4707,Jurong West,Central,North Region,51780,18990,2010,30770,36.68146867,3.882556716,59.4359553,2003
4708,Jurong West,Chin Bee,West Region,10,0,0,0,0,0,0,2003
4709,Jurong West,Chin Bee,North Region,10,0,0,0,0,0,0,2003
4710,Jurong West,Hong Kah,West Region,55210,19350,3030,32840,35.04164523,5.487141346,59.47119531,2003
4711,Jurong West,Hong Kah,North Region,55210,19350,3030,32840,35.04164523,5.487141346,59.47119531,2003
4712,Jurong West,Kian Teck,West Region,40,0,0,0,0,0,0,2003
4713,Jurong West,Kian Teck,North Region,40,0,0,0,0,0,0,2003
4714,Jurong West,Safti,West Region,0,0,0,0,0,0,0,2003
4715,Jurong West,Safti,North Region,0,0,0,0,0,0,0,2003
4716,Jurong West,Taman Jurong,West Region,28170,10240,1730,16220,36.32492504,6.136925812,57.53811368,2003
4717,Jurong West,Taman Jurong,North Region,28170,10240,1730,16220,36.32492504,6.136925812,57.53811368,2003
4718,Jurong West,Wenya,West Region,4460,1470,230,2790,32.73934802,5.122483023,62.13794624,2003
4719,Jurong West,Wenya,North Region,4460,1470,230,2790,32.73934802,5.122483023,62.13794624,2003
4720,Jurong West,Yunnan,West Region,64780,25560,2250,36980,39.4505264,3.472757606,57.07670056,2003
4721,Jurong West,Yunnan,North Region,64780,25560,2250,36980,39.4505264,3.472757606,57.07670056,2003
4722,Kallang,Bendemeer,Central Region,27250,7390,3340,16540,27.09936667,12.24788696,60.6527097,2003
4723,Kallang,Boon Keng,Central Region,9340,2420,1250,5680,25.88232526,13.36896966,60.74859813,2003
4724,Kallang,Crawford,Central Region,9140,1780,2020,5370,19.41110206,22.0283293,58.56045959,2003
4725,Kallang,Geylang Bahru,Central Region,13070,3510,1760,7810,26.83484187,13.45564721,59.70943447,2003
4726,Kallang,Kallang Bahru,Central Region,20,0,0,0,0,0,0,2003
4727,Kallang,Kampong Bugis,Central Region,850,280,70,530,31.81782025,7.954455063,60.22658833,2003
4728,Kallang,Kampong Java,Central Region,10690,2820,1400,6490,26.33050763,13.07188322,60.59751578,2003
4729,Kallang,Lavender,Central Region,7310,1700,1160,4460,23.22401199,15.84697289,60.92887851,2003
4730,Kallang,Tanjong Rhu,Central Region,8890,2580,790,5520,29.02133968,8.886379205,62.09216863,2003
4731,Lim Chu Kang,Lim Chu Kang,NA,60,0,0,0,0,0,0,2003
4732,Mandai,Subzone 1,North Region,0,0,0,0,0,0,0,2003
4733,Mandai,Subzone 2,North Region,0,0,0,0,0,0,0,2003
4734,Mandai,Subzone 3,North Region,1480,520,100,870,34.89909464,6.711364353,58.38886987,2003
4735,Marina East,Marina East,NA,0,0,0,0,0,0,0,2003
4736,Marina South,Marina South,NA,0,0,0,0,0,0,0,2003
4737,Marine Parade,East Coast,Central Region,0,0,0,0,0,0,0,2003
4738,Marine Parade,Katong,Central Region,7420,2270,900,4240,30.63423666,12.1457326,57.21989579,2003
4739,Marine Parade,Marina East,Central Region,0,0,0,0,0,0,0,2003
4740,Marine Parade,Marine Parade,Central Region,26710,6770,3900,16070,25.31786637,14.58488609,60.09721014,2003
4741,Marine Parade,Mountbatten,Central Region,8890,2870,810,5220,32.24715478,9.10111337,58.65161949,2003
4742,Museum,Bras Basah,Central Region,10,0,0,0,0,0,0,2003
4743,Museum,Dhoby Ghaut,Central Region,30,0,0,0,0,0,0,2003
4744,Museum,Fort Canning,Central Region,20,0,0,0,0,0,0,2003
4745,Newton,Cairnhill,Central Region,3330,880,360,2110,26.2685783,10.74623658,62.98488661,2003
4746,Newton,Goodwood Park,Central Region,610,200,30,400,31.74552785,4.761829177,63.4910557,2003
4747,Newton,Istana Negara,Central Region,40,0,0,0,0,0,0,2003
4748,Newton,Monk's Hill,Central Region,1050,250,110,700,23.58468316,10.37726059,66.03711286,2003
4749,Newton,Newton Circus,Central Region,140,40,10,90,28.5693879,7.142346975,64.28112278,2003
4750,Newton,Orange Grove,Central Region,1250,380,90,780,30.3997568,7.1999424,62.3995008,2003
4751,North Eastern Islands,North Eastern Islands,NA,90,0,0,0,0,0,0,2003
4752,Novena,Balestier,Central Region,29270,7910,3640,17740,27.00579481,12.4274454,60.56672565,2003
4753,Novena,Dunearn,Central Region,3520,1100,420,2010,31.16138481,11.89798329,56.94034861,2003
4754,Novena,Malcolm,Central Region,2230,660,260,1310,29.59627984,11.65914054,58.74413119,2003
4755,Novena,Moulmein,Central Region,5450,1620,500,3350,29.61603361,9.140751114,61.24303246,2003
4756,Novena,Mount Pleasant,Central Region,570,180,70,320,31.57839336,12.28048631,56.13936598,2003
4757,Orchard,Boulevard,Central Region,270,60,40,200,19.99933336,13.3328889,66.66444452,2003
4758,Orchard,Somerset,Central Region,100,20,0,80,19.9980002,0,79.9920008,2003
4759,Orchard,Tanglin,Central Region,220,50,20,130,24.99875006,9.999500025,64.99675016,2003
4760,Outram,China Square,Central Region,2000,420,280,1310,20.89541843,13.93027895,65.17380511,2003
4761,Outram,Chinatown,Central Region,6640,1250,1430,3970,18.79696422,21.50372706,59.69915835,2003
4762,Outram,Pearl's Hill,Central Region,6820,1210,1580,4040,17.71593307,23.13320185,59.15071867,2003
4763,Outram,People's Park,Central Region,390,90,40,260,23.07633138,10.25614728,66.66495731,2003
4764,Pasir Ris,Elias,East Region,31490,12600,1340,17560,39.9999873,4.253966904,55.74601405,2003
4765,Pasir Ris,Loyang,East Region,0,0,0,0,0,0,0,2003
4766,Pasir Ris,Loyang East,East Region,10290,3980,490,5820,38.67829089,4.761900134,56.5597118,2003
4767,Pasir Ris,Pasir Ris Drive,East Region,58290,23560,2770,31980,40.40472639,4.750470803,54.84478566,2003
4768,Pasir Ris,Pasir Ris Park,East Region,1100,450,30,640,40.17821269,2.678547513,57.14234694,2003
4769,Pasir Ris,Pasir Ris Town,East Region,20160,7980,920,11270,39.56368886,4.561227287,55.87503427,2003
4770,Pasir Ris,Pasir Ris West,East Region,10,0,0,0,0,0,0,2003
4771,Paya Lebar,Airport Road,NA,0,0,0,0,0,0,0,2003
4772,Paya Lebar,Paya Lebar East,NA,0,0,0,0,0,0,0,2003
4773,Paya Lebar,Paya Lebar North,NA,40,0,0,0,0,0,0,2003
4774,Paya Lebar,Paya Lebar West,NA,40,0,0,0,0,0,0,2003
4775,Paya Lebar,Plab,NA,0,0,0,0,0,0,0,2003
4776,Pioneer,Benoi Sector,NA,10,0,0,0,0,0,0,2003
4777,Pioneer,Gul Basin,NA,0,0,0,0,0,0,0,2003
4778,Pioneer,Gul Circle,NA,10,0,0,0,0,0,0,2003
4779,Pioneer,Joo Koon,NA,40,0,0,0,0,0,0,2003
4780,Pioneer,Pioneer Sector,NA,10,0,0,0,0,0,0,2003
4781,Punggol,Subzone 1,North East Region,220,60,10,140,28.57006809,4.761678015,66.66349221,2003
4782,Punggol,Subzone 2,North East Region,0,0,0,0,0,0,0,2003
4783,Punggol,Subzone 3,North East Region,3430,1010,170,2250,29.44597829,4.956253772,65.59747639,2003
4784,Punggol,Subzone 4,North East Region,29050,9390,1180,18490,32.31244587,4.060562952,63.62695677,2003
4785,Punggol,Subzone 5,North East Region,3670,1050,110,2530,28.45520744,2.981021732,68.56349983,2003
4786,Punggol,Subzone 6,North East Region,0,0,0,0,0,0,0,2003
4787,Queenstown,Commonwealth,Central Region,8520,1870,1660,5010,21.89692986,19.43791635,58.66503669,2003
4788,Queenstown,Dover,Central Region,11480,3290,1200,7000,28.63356951,10.44385514,60.92248832,2003
4789,Queenstown,Ghim Moh,Central Region,11630,2800,1790,7080,23.99312426,15.33846158,60.66832848,2003
4790,Queenstown,Holland Drive,Central Region,15820,3580,2320,9930,22.61527314,14.65570773,62.72895595,2003
4791,Queenstown,Kent Ridge,Central Region,1310,440,30,850,33.33308081,2.272710055,64.39345156,2003
4792,Queenstown,Margaret Drive,Central Region,6840,1730,880,4210,25.36653172,12.90320689,61.73011477,2003
4793,Queenstown,Mei Chin,Central Region,17400,4650,2480,10290,26.69344047,14.23650159,59.07000053,2003
4794,Queenstown,National University Of Singapore,Central Region,90,0,0,0,0,0,0,2003
4795,Queenstown,One North,Central Region,150,50,10,110,29.4100347,5.882006941,64.70207635,2003
4796,Queenstown,Pasir Panjang 1,Central Region,3110,1040,190,1900,33.22673091,6.070268146,60.70268146,2003
4797,Queenstown,Pasir Panjang 2,Central Region,3260,1130,150,2010,34.34640016,4.559256659,61.09403923,2003
4798,Queenstown,Port,Central Region,230,50,20,150,22.72623972,9.090495887,68.17871915,2003
4799,Queenstown,Queensway,Central Region,240,60,10,160,26.08582236,4.347637059,69.56219295,2003
4800,Queenstown,Singapore Polytechnic,Central Region,100,40,0,60,39.9960004,0,59.9940006,2003
4801,Queenstown,Tanglin Halt,Central Region,12620,2840,2190,7600,22.4861263,17.33965373,60.1741408,2003
4802,River Valley,Institution Hill,Central Region,2840,800,220,1840,27.97193017,7.692280796,64.33543939,2003
4803,River Valley,Leonie Hill,Central Region,2850,790,250,1830,27.52603649,8.710771043,63.76284403,2003
4804,River Valley,One Tree Hill,Central Region,1920,520,230,1190,26.80398555,11.85560899,61.33989,2003
4805,River Valley,Oxley,Central Region,1420,310,170,960,21.52762828,11.80547357,66.66620371,2003
4806,River Valley,Paterson,Central Region,170,40,40,100,22.22098772,22.22098772,55.55246931,2003
4807,Rochor,Bencoolen,Central Region,1540,350,260,940,22.58049948,16.77408533,60.64477003,2003
4808,Rochor,Farrer Park,Central Region,2490,640,360,1510,25.49790638,14.34257234,60.15912287,2003
4809,Rochor,Kampong Glam,Central Region,200,50,70,80,24.99875006,34.99825009,39.9980001,2003
4810,Rochor,Little India,Central Region,4190,1020,620,2540,24.4018555,14.8325004,60.76540487,2003
4811,Rochor,Mackenzie,Central Region,30,0,0,0,0,0,0,2003
4812,Rochor,Mount Emily,Central Region,860,220,80,560,25.58109789,9.302217416,65.11552191,2003
4813,Rochor,Rochor Canal,Central Region,10,0,0,0,0,0,0,2003
4814,Rochor,Selegie,Central Region,350,110,30,210,31.4276735,8.57118368,59.99828576,2003
4815,Rochor,Sungei Road,Central Region,2440,580,400,1480,23.57713993,16.2600965,60.16235706,2003
4816,Rochor,Victoria,Central Region,2600,590,370,1660,22.51899802,14.1220835,63.3585368,2003
4817,Seletar,Seletar,NA,410,100,20,320,22.72675621,4.545351242,72.72561987,2003
4818,Sembawang,Admiralty,North Region,8800,2900,520,5370,32.99199887,5.915806694,61.09208067,2003
4819,Sembawang,Sembawang Central,North Region,26490,9940,1030,15520,37.52357964,3.888258253,58.58812435,2003
4820,Sembawang,Sembawang East,North Region,110,30,0,80,27.27024816,0,72.72066176,2003
4821,Sembawang,Sembawang North,North Region,19400,6990,820,11590,36.03090926,4.226801945,59.74223725,2003
4822,Sembawang,Sembawang Springs,North Region,2440,810,240,1400,33.06108955,9.795878384,57.14262391,2003
4823,Sembawang,Sembawang Straits,North Region,530,170,70,290,32.07486651,13.20729798,54.71594876,2003
4824,Sembawang,Senoko North,North Region,10,0,0,0,0,0,0,2003
4825,Sembawang,Senoko South,North Region,40,0,0,0,0,0,0,2003
4826,Sembawang,The Wharves,North Region,0,0,0,0,0,0,0,2003
4827,Sengkang,Buangkok,North East Region,23710,7700,940,15090,32.44836391,3.961228841,63.59036511,2003
4828,Sengkang,Jalan Kayu East,North East Region,5290,1590,290,3430,29.94344643,5.461383312,64.59498193,2003
4829,Sengkang,Jalan Kayu West,North East Region,850,310,90,460,36.04609249,10.46499459,53.48775014,2003
4830,Sengkang,Sengkang Town Centre,North East Region,44510,16390,2140,25960,36.83973099,4.810068597,58.35017794,2003
4831,Sengkang,Sungei Serangoon East,North East Region,0,0,0,0,0,0,0,2003
4832,Sengkang,Sungei Serangoon West,North East Region,47880,17820,2220,27870,37.19473237,4.633687198,58.17155956,2003
4833,Sengkang,Trafalgar,North East Region,40,0,0,0,0,0,0,2003
4834,Serangoon,Seletar Hills,North East Region,11070,3820,1000,6250,34.50764724,9.033415507,56.45884692,2003
4835,Serangoon,Serangoon Central,North East Region,50110,16680,4010,29420,33.28676247,8.002393135,58.71082444,2003
4836,Serangoon,Serangoon Garden,North East Region,39340,12630,3840,22880,32.09656109,9.758574394,58.1448391,2003
4837,Serangoon,Serangoon North,North East Region,17720,6860,800,10060,38.71329644,4.514670138,56.77197699,2003
4838,Simpang,Pulau Seletar,NA,0,0,0,0,0,0,0,2003
4839,Simpang,Simpang North,NA,0,0,0,0,0,0,0,2003
4840,Simpang,Simpang South,NA,0,0,0,0,0,0,0,2003
4841,Simpang,Tanjong Irau,NA,0,0,0,0,0,0,0,2003
4842,Singapore River,Boat Quay,Central Region,170,40,20,130,21.0515236,10.5257618,68.41745171,2003
4843,Singapore River,Clarke Quay,Central Region,60,0,0,0,0,0,0,2003
4844,Singapore River,Robertson Quay,Central Region,800,190,30,590,23.45650054,3.70365798,72.83860693,2003
4845,Southern Islands,Sentosa,Central Region,0,0,0,0,0,0,0,2003
4846,Southern Islands,Southern Group,Central Region,0,0,0,0,0,0,0,2003
4847,Straits View,Straits View,NA,0,0,0,0,0,0,0,2003
4848,Sungei Kadut,Kranji,North Region,10,0,0,0,0,0,0,2003
4849,Sungei Kadut,Mandai,North Region,130,0,110,20,0,84.60887624,15.38343204,2003
4850,Sungei Kadut,Pang Sua,North Region,20,0,0,0,0,0,0,2003
4851,Sungei Kadut,Reservoir View,North Region,20,0,0,0,0,0,0,2003
4852,Sungei Kadut,Turf Club,North Region,630,180,80,370,28.57097506,12.69821114,58.72922652,2003
4853,Tampines,Simei,East Region,38380,14070,2010,22330,36.63107612,5.233010874,58.13588697,2003
4854,Tampines,Tampines East,East Region,133090,50060,7760,75270,37.61364208,5.830640482,56.55570993,2003
4855,Tampines,Tampines North,East Region,0,0,0,0,0,0,0,2003
4856,Tampines,Tampines West,East Region,75910,29230,4160,42530,38.50104867,5.479451333,56.01948683,2003
4857,Tampines,Xilin,East Region,2060,780,70,1230,37.49981971,3.365368436,59.13433108,2003
4858,Tanglin,Chatsworth,Central Region,4530,1270,390,2890,27.91202657,8.571409733,63.51634392,2003
4859,Tanglin,Nassim,Central Region,6540,2010,570,3980,30.64019719,8.689011145,60.67063922,2003
4860,Tanglin,Ridout,Central Region,1100,320,120,690,28.31833347,10.61937505,61.06140654,2003
4861,Tanglin,Tyersall,Central Region,2950,910,270,1780,30.74313938,9.121590805,60.13493198,2003
4862,Tengah,Tengah,NA,30,0,0,0,0,0,0,2003
4863,Toa Payoh,Bidadari,Central Region,10,0,0,0,0,0,0,2003
4864,Toa Payoh,Boon Teck,Central Region,16500,4210,2580,9710,25.51513605,15.63635416,58.84844918,2003
4865,Toa Payoh,Braddell,Central Region,10850,2810,1550,6480,25.92248531,14.2988798,59.77854264,2003
4866,Toa Payoh,Kallang,Central Region,8630,2290,1210,5160,26.44338748,13.97227024,59.58422681,2003
4867,Toa Payoh,Kim Keat,Central Region,8790,2650,890,5260,30.11360214,10.11362487,59.77265935,2003
4868,Toa Payoh,Marymount,Central Region,12790,3020,1890,7880,23.61217857,14.77715811,61.61058514,2003
4869,Toa Payoh,Paya Lebar,Central Region,6580,1900,790,3890,28.87533606,12.00606078,59.11845119,2003
4870,Toa Payoh,Pei Chun,Central Region,11600,3090,1520,7010,26.59205973,13.08088375,60.32697046,2003
4871,Toa Payoh,Potong Pasir,Central Region,12640,3580,1160,7920,28.27801874,9.162709982,62.55919229,2003
4872,Toa Payoh,Sennett,Central Region,3990,1130,590,2280,28.24992938,14.74996313,56.9998575,2003
4873,Toa Payoh,Toa Payoh Central,Central Region,20760,5520,2710,12550,26.56399107,13.04137967,60.39458114,2003
4874,Toa Payoh,Woodleigh,Central Region,1350,520,80,760,38.23501298,5.882309689,55.88194204,2003
4875,Tuas,Pioneer,NA,10,0,0,0,0,0,0,2003
4876,Tuas,Tengeh,NA,0,0,0,0,0,0,0,2003
4877,Tuas,Tuas Bay,NA,10,0,0,0,0,0,0,2003
4878,Tuas,Tuas Coast,NA,0,0,0,0,0,0,0,2003
4879,Tuas,Tuas Promenade,NA,0,0,0,0,0,0,0,2003
4880,Tuas,Tuas View,NA,0,0,0,0,0,0,0,2003
4881,Western Islands,Bukum,NA,0,0,0,0,0,0,0,2003
4882,Western Islands,Jurong Island,NA,0,0,0,0,0,0,0,2003
4883,Western Islands,Sudong,NA,0,0,0,0,0,0,0,2003
4884,Western Water Catchment,Western Water Catchment,NA,630,210,0,420,33.33280424,0,66.66560848,2003
4885,Woodlands,Greenwood Park,North Region,20,0,0,0,0,0,0,2003
4886,Woodlands,Midview,North Region,31420,13470,1070,16880,42.8707693,3.405473136,53.72372574,2003
4887,Woodlands,North Coast,North Region,14380,4860,1050,8480,33.77343032,7.296728772,58.92977142,2003
4888,Woodlands,Senoko West,North Region,0,0,0,0,0,0,0,2003
4889,Woodlands,Woodgrove,North Region,31260,13140,1210,16910,42.0345355,3.870760118,54.09467239,2003
4890,Woodlands,Woodlands East,North Region,85070,33190,3120,48780,39.00575402,3.66670541,57.32752881,2003
4891,Woodlands,Woodlands Regional Centre,North Region,0,0,0,0,0,0,0,2003
4892,Woodlands,Woodlands South,North Region,26950,10690,1080,15210,39.62192749,4.002963676,56.37507177,2003
4893,Woodlands,Woodlands West,North Region,28200,10210,2080,15910,36.20566092,7.375883909,56.41841971,2003
4894,Yishun,Khatib,North Region,11410,4090,590,6750,35.78299582,5.161850252,59.05506644,2003
4895,Yishun,Lower Seletar,North Region,0,0,0,0,0,0,0,2003
4896,Yishun,Nee Soon,North Region,690,210,70,420,29.99957143,9.999857145,59.99914287,2003
4897,Yishun,Northland,North Region,31100,11690,1530,17880,37.58841235,4.919612566,57.49194293,2003
4898,Yishun,Springleaf,North Region,2760,1000,220,1540,36.23175278,7.970985612,55.79689929,2003
4899,Yishun,Yishun Central,North Region,1600,610,90,910,37.88796343,5.590027391,56.52138807,2003
4900,Yishun,Yishun East,North Region,30710,11890,1170,17660,38.70441448,3.80859251,57.48696045,2003
4901,Yishun,Yishun South,North Region,39350,14250,2120,22990,36.20425909,5.386177493,58.40953801,2003
4902,Yishun,Yishun West,North Region,55510,19260,3430,32810,34.70269645,6.180179067,59.11710647,2003
4903,Planning Area,Subzone,NA,0,0,0,0,0,0,0,2003
4904,Ang Mo Kio,Cheng San,North East Region,29590,8590,2520,18500,29.01045964,8.510635424,62.47887117,2002
4905,Ang Mo Kio,Chong Boon,North East Region,29680,8470,2710,18520,28.51850892,9.124576052,62.35688136,2002
4906,Ang Mo Kio,Kebun Bahru,North East Region,25260,7330,2460,15490,28.99524169,9.731008809,61.27370994,2002
4907,Ang Mo Kio,Seletar,North East Region,0,0,0,0,0,0,0,2002
4908,Ang Mo Kio,Sembawang Hills,North East Region,6310,2140,650,3530,33.86070592,10.28479385,55.854342,2002
4909,Ang Mo Kio,Shangri-La,North East Region,20580,5710,2240,12650,27.71843315,10.87378113,61.40773718,2002
4910,Ang Mo Kio,Sindo,North East Region,7170,2720,420,4020,37.98877376,5.865913595,56.14517298,2002
4911,Ang Mo Kio,Town Centre,North East Region,3080,880,270,1950,28.3870052,8.709649324,62.90302289,2002
4912,Ang Mo Kio,Townsville,North East Region,19620,5160,2220,12260,26.27289905,11.30345657,62.42359347,2002
4913,Ang Mo Kio,Yio Chu Kang,North East Region,28740,9770,1830,17140,33.99442102,6.367429935,59.63811425,2002
4914,Bedok,Bayshore,East Region,4440,1340,180,2920,30.18011221,4.054044923,65.76561765,2002
4915,Bedok,Bedok North,East Region,83930,26960,7410,49550,32.1258303,8.829836889,59.0443209,2002
4916,Bedok,Bedok Reservoir,East Region,23760,8540,1440,13790,35.92762477,6.058053825,58.01427934,2002
4917,Bedok,Bedok South,East Region,52160,16020,5360,30770,30.71907369,10.27804213,59.002865,2002
4918,Bedok,Frankel,East Region,30180,9710,3200,17260,32.18427836,10.6065593,57.2091292,2002
4919,Bedok,Kaki Bukit,East Region,42450,15960,2450,24030,37.60602318,5.772854436,56.62109882,2002
4920,Bedok,Kembangan,East Region,34900,11440,3260,20230,32.75120734,9.332948946,57.91581508,2002
4921,Bedok,Siglap,East Region,7110,2100,730,4300,29.45297412,10.23841481,60.30847082,2002
4922,Bishan,Bishan East,Central Region,28970,9570,1920,17480,33.03416188,6.627543449,60.33826015,2002
4923,Bishan,Marymount,Central Region,27960,9950,1590,16440,35.56110237,5.682628419,58.75623347,2002
4924,Bishan,Upper Thomson,Central Region,28930,9160,3000,16770,31.662623,10.36985469,57.96748774,2002
4925,Boon Lay,Liu Fang,NA,0,0,0,0,0,0,0,2002
4926,Boon Lay,Samulun,NA,0,0,0,0,0,0,0,2002
4927,Boon Lay,Shipyard,NA,0,0,0,0,0,0,0,2002
4928,Boon Lay,Tukang,NA,10,0,0,0,0,0,0,2002
4929,Bukit Batok,Brickworks,West Region,0,0,0,0,0,0,0,2002
4930,Bukit Batok,Bukit Batok Central,West Region,24360,8590,1360,14410,35.2627113,5.582920532,59.15432711,2002
4931,Bukit Batok,Bukit Batok East,West Region,15190,5400,780,9020,35.52629242,5.131575571,59.34206622,2002
4932,Bukit Batok,Bukit Batok South,West Region,13900,5620,490,7790,40.43162559,3.52517732,56.04312515,2002
4933,Bukit Batok,Bukit Batok West,West Region,15570,5570,880,9160,35.68223211,5.637408304,58.68029553,2002
4934,Bukit Batok,Gombak,West Region,1210,450,80,680,37.18977529,6.611515607,56.19788266,2002
4935,Bukit Batok,Guilin,West Region,12050,4300,620,7140,35.65502848,5.140957595,59.20393101,2002
4936,Bukit Batok,Hillview,West Region,20170,7230,1000,11930,35.86307745,4.960315,59.17655795,2002
4937,Bukit Batok,Hong Kah,West Region,27660,10480,1310,15880,37.87494114,4.734367642,57.39065508,2002
4938,Bukit Merah,Alexandra Hill,Central Region,15060,4120,1890,9070,27.32093679,12.53314819,60.14584871,2002
4939,Bukit Merah,Alexandra North,Central Region,390,120,10,260,30.76844183,2.56403682,66.66495731,2002
4940,Bukit Merah,Bukit Ho Swee,Central Region,17400,4010,2850,10550,23.03272658,16.36989295,60.59732303,2002
4941,Bukit Merah,Bukit Merah,Central Region,1290,370,110,800,28.90602417,8.593682862,62.49951172,2002
4942,Bukit Merah,Depot Road,Central Region,4880,1360,490,3030,27.86879535,10.04096303,62.0900367,2002
4943,Bukit Merah,Everton Park,Central Region,9080,2150,1220,5700,23.70449426,13.45092233,62.84447316,2002
4944,Bukit Merah,Henderson Hill,Central Region,15570,3760,2430,9370,24.16450889,15.61695654,60.2184703,2002
4945,Bukit Merah,Kampong Tiong Bahru,Central Region,11040,2760,1470,6810,24.99997736,13.31520533,61.68472673,2002
4946,Bukit Merah,Maritime Square,Central Region,820,250,70,510,30.12011903,8.43363333,61.44504283,2002
4947,Bukit Merah,Redhill,Central Region,7250,1820,1250,4190,25.06883599,17.21760714,57.71341913,2002
4948,Bukit Merah,Singapore General Hospital,Central Region,60,0,0,0,0,0,0,2002
4949,Bukit Merah,Tanjong Pagar,Central Region,10,0,0,0,0,0,0,2002
4950,Bukit Merah,Telok Blangah Drive,Central Region,15930,4220,1870,9850,26.47426194,11.73148574,61.79418959,2002
4951,Bukit Merah,Telok Blangah Rise,Central Region,15320,4280,1570,9480,27.91909464,10.24135014,61.83948999,2002
4952,Bukit Merah,Telok Blangah Way,Central Region,9800,2310,1500,6000,23.54737661,15.29050429,61.16201716,2002
4953,Bukit Merah,Tiong Bahru,Central Region,6860,1390,1250,4220,20.26236113,18.22154778,61.51594531,2002
4954,Bukit Merah,Tiong Bahru Station,Central Region,10130,2400,1530,6210,23.66861571,15.08874252,61.24254315,2002
4955,Bukit Panjang,Bangkit,West Region,24870,9110,1550,14240,36.58633069,6.224897098,57.18873205,2002
4956,Bukit Panjang,Bukit Panjang,West Region,32230,12120,1570,18560,37.5813837,4.868215545,57.55036975,2002
4957,Bukit Panjang,Dairy Farm,West Region,3320,1270,200,1880,37.9103346,5.970131432,56.11923546,2002
4958,Bukit Panjang,Fajar,West Region,20330,7680,940,11720,37.75809353,4.621433323,57.62042398,2002
4959,Bukit Panjang,Nature Reserve,West Region,2490,930,120,1460,37.05164521,4.780857447,58.16709894,2002
4960,Bukit Panjang,Saujana,West Region,20010,8110,840,11070,40.50947027,4.1958021,55.29467767,2002
4961,Bukit Panjang,Senja,West Region,10980,3980,400,6620,36.18178529,3.636360331,60.18176347,2002
4962,Bukit Timah,Anak Bukit,Central Region,21170,7630,1480,12060,36.04155123,6.991021733,56.9673798,2002
4963,Bukit Timah,Coronation Road,Central Region,4920,1590,500,2850,32.18616966,10.121437,57.69219091,2002
4964,Bukit Timah,Farrer Court,Central Region,6020,1770,700,3550,29.40194452,11.62788766,58.97000171,2002
4965,Bukit Timah,Hillcrest,Central Region,7040,2220,700,4130,31.48931704,9.92906393,58.58147719,2002
4966,Bukit Timah,Holland Road,Central Region,6200,2100,540,3610,33.59994624,8.639986176,57.75990758,2002
4967,Bukit Timah,Leedon Park,Central Region,5570,1730,420,3410,31.11505195,7.553943248,61.33082494,2002
4968,Bukit Timah,Swiss Club,Central Region,3990,1260,490,2250,31.49992125,12.24996938,56.24985938,2002
4969,Bukit Timah,Ulu Pandan,Central Region,9240,3150,680,5400,34.12780701,7.367272625,58.50481202,2002
4970,Central Water Catchment,Central Water Catchment,NA,10,0,0,0,0,0,0,2002
4971,Changi,Changi Airport,East Region,0,0,0,0,0,0,0,2002
4972,Changi,Changi Point,East Region,430,120,60,270,26.66607409,13.33303704,59.9986667,2002
4973,Changi,Changi West,East Region,950,370,40,530,39.36128339,4.25527388,56.38237891,2002
4974,Changi Bay,Changi Bay,NA,0,0,0,0,0,0,0,2002
4975,Choa Chu Kang,Central,West Region,17700,6910,770,10010,39.06159465,4.352739201,56.58560962,2002
4976,Choa Chu Kang,Keat Hong,West Region,15620,6340,580,8700,40.58896249,3.713185843,55.69778765,2002
4977,Choa Chu Kang,Kranji North,West Region,14760,6250,450,8100,42.2297012,3.040538486,54.72969275,2002
4978,Choa Chu Kang,Pang Sua,West Region,16080,6650,540,8910,41.30432217,3.354035184,55.34158053,2002
4979,Choa Chu Kang,Peng Siang,West Region,29390,11710,1220,16470,39.82991843,4.149658452,56.02038911,2002
4980,Choa Chu Kang,Teck Whye,West Region,25780,9760,1500,14530,37.84411096,5.816205577,56.33964469,2002
4981,Choa Chu Kang,Yew Tee,West Region,35850,13760,1400,20690,38.38213713,3.905159301,57.71267567,2002
4982,Clementi,Clementi Central,West Region,11900,3250,1150,7520,27.2650778,9.647642913,63.0871954,2002
4983,Clementi,Clementi North,West Region,24460,6350,2300,15800,25.97135952,9.406949118,64.62165046,2002
4984,Clementi,Clementi West,West Region,16380,5170,1160,10050,31.56286229,7.081802758,61.3552739,2002
4985,Clementi,Clementi Woods,West Region,19530,5420,1930,12160,27.78061108,9.89235782,62.32697984,2002
4986,Clementi,Faber,West Region,3760,1260,220,2300,33.33324515,5.820090423,60.84639988,2002
4987,Clementi,Pandan,West Region,10,0,0,0,0,0,0,2002
4988,Clementi,Sunset Way,West Region,6350,2110,440,3780,33.33328067,6.951015875,59.71554547,2002
4989,Clementi,Toh Tuck,West Region,0,0,0,0,0,0,0,2002
4990,Clementi,West Coast,West Region,3420,1220,170,2010,35.88224741,4.999985294,59.11747318,2002
4991,Downtown Core,Anson,Central Region,50,0,0,0,0,0,0,2002
4992,Downtown Core,Bayfront Subzone,Central Region,0,0,0,0,0,0,0,2002
4993,Downtown Core,Bugis,Central Region,2880,630,440,1820,21.79923253,15.22486081,62.97556064,2002
4994,Downtown Core,Cecil,Central Region,30,0,0,0,0,0,0,2002
4995,Downtown Core,Central Subzone,Central Region,0,0,0,0,0,0,0,2002
4996,Downtown Core,City Hall,Central Region,90,0,0,0,0,0,0,2002
4997,Downtown Core,Clifford Pier,Central Region,0,0,0,0,0,0,0,2002
4998,Downtown Core,Marina Centre,Central Region,20,0,0,0,0,0,0,2002
4999,Downtown Core,Maxwell,Central Region,0,0,0,0,0,0,0,2002
5000,Downtown Core,Phillip,Central Region,10,0,0,0,0,0,0,2002
5001,Downtown Core,Raffles Place,Central Region,50,0,0,0,0,0,0,2002
5002,Downtown Core,Tanjong Pagar,Central Region,230,50,20,170,20.83246531,8.332986126,70.83038207,2002
5003,Geylang,Aljunied,Central Region,42610,12260,4680,25680,28.76583089,10.98075763,60.25338802,2002
5004,Geylang,Geylang East,Central Region,28760,8870,3130,16780,30.82000319,10.87560428,58.30435778,2002
5005,Geylang,Kallang Way,Central Region,50,0,0,0,0,0,0,2002
5006,Geylang,Kampong Ubi,Central Region,13170,5160,620,7410,39.12051621,4.700527141,56.17888083,2002
5007,Geylang,Macpherson,Central Region,27690,7710,3830,16170,27.82388025,13.82172002,58.35436364,2002
5008,Hougang,Defu Industrial Park,North East Region,30,0,0,0,0,0,0,2002
5009,Hougang,Hougang Central,North East Region,48270,16780,3420,28090,34.74838792,7.082210171,58.1693812,2002
5010,Hougang,Lorong Ah Soo,North East Region,34910,11200,3040,20680,32.07330124,8.705610336,59.22105979,2002
5011,Hougang,Rosyth,North East Region,20550,7360,1540,11670,35.78024512,7.486627376,56.73307889,2002
5012,Hougang,Sungei Serangoon,North East Region,0,0,0,0,0,0,0,2002
5013,Hougang,Tai Keng,North East Region,12240,4230,1080,6940,34.53058406,8.816319334,56.65301498,2002
5014,Hougang,Trafalgar,North East Region,88320,32920,4890,50530,37.26510785,5.535430662,57.19945017,2002
5015,Jurong East,Boon Lay,West Region,19850,6890,1270,11710,34.67537258,6.391541826,58.93303526,2002
5016,Jurong East,International Business Park,West Region,0,0,0,0,0,0,0,2002
5017,Jurong East,Jurong Lake,West Region,1060,320,70,690,29.62935528,6.481421468,63.88829733,2002
5018,Jurong East,Jurong Port,West Region,0,0,0,0,0,0,0,2002
5019,Jurong East,Jurong Regional Centre,West Region,2520,790,190,1550,31.22517302,7.50985174,61.26457998,2002
5020,Jurong East,Jurong River,West Region,10,0,0,0,0,0,0,2002
5021,Jurong East,Penjuru Crescent,West Region,20,0,0,0,0,0,0,2002
5022,Jurong East,Teban Gardens,West Region,18480,6100,1250,11110,33.04440247,6.771393948,60.18414941,2002
5023,Jurong East,Toh Guan,West Region,14910,5910,620,8390,39.6112335,4.155493193,56.23320628,2002
5024,Jurong East,Yuhua,West Region,29400,9800,2000,17620,33.31066169,6.798094222,59.8912101,2002
5025,Jurong West,Boon Lay,West Region,25280,8320,1540,15420,32.91137939,6.091769742,60.99681131,2002
5026,Jurong West,Boon Lay,North Region,25280,8320,1540,15420,32.91137939,6.091769742,60.99681131,2002
5027,Jurong West,Central,West Region,48990,18130,1850,29040,36.98489658,3.773969038,59.24111399,2002
5028,Jurong West,Central,North Region,48990,18130,1850,29040,36.98489658,3.773969038,59.24111399,2002
5029,Jurong West,Chin Bee,West Region,10,0,0,0,0,0,0,2002
5030,Jurong West,Chin Bee,North Region,10,0,0,0,0,0,0,2002
5031,Jurong West,Hong Kah,West Region,55400,19740,2830,32820,35.63819541,5.10922457,59.25256197,2002
5032,Jurong West,Hong Kah,North Region,55400,19740,2830,32820,35.63819541,5.10922457,59.25256197,2002
5033,Jurong West,Kian Teck,West Region,40,0,0,0,0,0,0,2002
5034,Jurong West,Kian Teck,North Region,40,0,0,0,0,0,0,2002
5035,Jurong West,Safti,West Region,0,0,0,0,0,0,0,2002
5036,Jurong West,Safti,North Region,0,0,0,0,0,0,0,2002
5037,Jurong West,Taman Jurong,West Region,28060,10320,1590,16140,36.79143073,5.668447177,57.54008644,2002
5038,Jurong West,Taman Jurong,North Region,28060,10320,1590,16140,36.79143073,5.668447177,57.54008644,2002
5039,Jurong West,Wenya,West Region,3710,1270,200,2260,34.04816609,5.36191592,60.58964989,2002
5040,Jurong West,Wenya,North Region,3710,1270,200,2260,34.04816609,5.36191592,60.58964989,2002
5041,Jurong West,Yunnan,West Region,64590,25920,2100,36580,40.1238328,3.250773491,56.62537823,2002
5042,Jurong West,Yunnan,North Region,64590,25920,2100,36580,40.1238328,3.250773491,56.62537823,2002
5043,Kallang,Bendemeer,Central Region,27770,7810,3220,16740,28.12386456,11.59524249,60.28085694,2002
5044,Kallang,Boon Keng,Central Region,9490,2540,1230,5710,26.79322068,12.97466986,60.23200397,2002
5045,Kallang,Crawford,Central Region,9150,1880,1900,5390,20.50161341,20.71971568,58.77856186,2002
5046,Kallang,Geylang Bahru,Central Region,13190,3590,1680,7930,27.19694909,12.72726309,60.07571206,2002
5047,Kallang,Kallang Bahru,Central Region,20,0,0,0,0,0,0,2002
5048,Kallang,Kampong Bugis,Central Region,860,260,60,520,30.95201248,7.14277211,61.90402495,2002
5049,Kallang,Kampong Java,Central Region,10360,2750,1320,6300,26.51877867,12.72901376,60.75211114,2002
5050,Kallang,Lavender,Central Region,7140,1690,1100,4360,23.63633058,15.38459387,60.97893569,2002
5051,Kallang,Tanjong Rhu,Central Region,8500,2510,750,5250,29.49467744,8.813150631,61.69205442,2002
5052,Lim Chu Kang,Lim Chu Kang,NA,60,0,0,0,0,0,0,2002
5053,Mandai,Subzone 1,North Region,0,0,0,0,0,0,0,2002
5054,Mandai,Subzone 2,North Region,0,0,0,0,0,0,0,2002
5055,Mandai,Subzone 3,North Region,1430,510,80,850,35.41642072,5.555516976,59.02736787,2002
5056,Marina East,Marina East,NA,0,0,0,0,0,0,0,2002
5057,Marina South,Marina South,NA,0,0,0,0,0,0,0,2002
5058,Marine Parade,East Coast,Central Region,0,0,0,0,0,0,0,2002
5059,Marine Parade,Katong,Central Region,7420,2300,890,4250,30.91393694,11.96234951,57.12357913,2002
5060,Marine Parade,Marina East,Central Region,0,0,0,0,0,0,0,2002
5061,Marine Parade,Marine Parade,Central Region,27040,7000,3670,16380,25.87799413,13.56746264,60.55450626,2002
5062,Marine Parade,Mountbatten,Central Region,8770,2870,760,5140,32.72516223,8.665896618,58.60882713,2002
5063,Museum,Bras Basah,Central Region,0,0,0,0,0,0,0,2002
5064,Museum,Dhoby Ghaut,Central Region,30,0,0,0,0,0,0,2002
5065,Museum,Fort Canning,Central Region,20,0,0,0,0,0,0,2002
5066,Newton,Cairnhill,Central Region,3230,880,340,2020,27.16041,10.49379477,62.34548659,2002
5067,Newton,Goodwood Park,Central Region,540,170,20,340,32.07486651,3.773513707,64.14973302,2002
5068,Newton,Istana Negara,Central Region,50,0,0,0,0,0,0,2002
5069,Newton,Monk's Hill,Central Region,1100,290,100,720,26.12589076,9.008927847,64.8642805,2002
5070,Newton,Newton Circus,Central Region,130,30,0,90,24.99791684,0,74.99375052,2002
5071,Newton,Orange Grove,Central Region,1150,350,90,720,30.17215369,7.758553806,62.06843044,2002
5072,North Eastern Islands,North Eastern Islands,NA,100,20,20,70,18.18016544,18.18016544,63.63057904,2002
5073,Novena,Balestier,Central Region,29240,8050,3520,17670,27.53077034,12.03829958,60.43089589,2002
5074,Novena,Dunearn,Central Region,3330,1040,400,1910,31.04468345,11.94026286,57.01475518,2002
5075,Novena,Malcolm,Central Region,2250,690,270,1290,30.66653037,11.99994667,57.33307852,2002
5076,Novena,Moulmein,Central Region,5030,1530,450,3050,30.41743456,8.946304282,60.63606235,2002
5077,Novena,Mount Pleasant,Central Region,570,180,70,330,31.03394769,12.06875744,56.89557077,2002
5078,Orchard,Boulevard,Central Region,270,60,40,170,22.22139921,14.81426614,62.96063109,2002
5079,Orchard,Somerset,Central Region,100,20,0,80,19.9980002,0,79.9920008,2002
5080,Orchard,Tanglin,Central Region,200,50,20,120,26.31440451,10.5257618,63.15457081,2002
5081,Outram,China Square,Central Region,2060,470,260,1320,22.92671743,12.68286496,64.38992981,2002
5082,Outram,Chinatown,Central Region,6850,1370,1410,4070,19.9999708,20.58391156,59.41597166,2002
5083,Outram,Pearl's Hill,Central Region,6920,1310,1510,4120,18.87605349,21.75789372,59.36590869,2002
5084,Outram,People's Park,Central Region,410,100,50,270,23.80895693,11.90447846,64.28418371,2002
5085,Pasir Ris,Elias,East Region,31390,12580,1240,17570,40.0764447,3.950301386,55.97322205,2002
5086,Pasir Ris,Loyang,East Region,0,0,0,0,0,0,0,2002
5087,Pasir Ris,Loyang East,East Region,9750,3810,450,5490,39.076883,4.615379882,56.30763456,2002
5088,Pasir Ris,Pasir Ris Drive,East Region,58410,23670,2630,32110,40.52387596,4.502652884,54.97345404,2002
5089,Pasir Ris,Pasir Ris Park,East Region,1010,410,30,570,40.59365749,2.970267621,56.4350848,2002
5090,Pasir Ris,Pasir Ris Town,East Region,20380,8120,900,11390,39.78439991,4.409600975,55.80595012,2002
5091,Pasir Ris,Pasir Ris West,East Region,10,0,0,0,0,0,0,2002
5092,Paya Lebar,Airport Road,NA,0,0,0,0,0,0,0,2002
5093,Paya Lebar,Paya Lebar East,NA,0,0,0,0,0,0,0,2002
5094,Paya Lebar,Paya Lebar North,NA,80,0,0,0,0,0,0,2002
5095,Paya Lebar,Paya Lebar West,NA,40,0,0,0,0,0,0,2002
5096,Paya Lebar,Plab,NA,0,0,0,0,0,0,0,2002
5097,Pioneer,Benoi Sector,NA,10,0,0,0,0,0,0,2002
5098,Pioneer,Gul Basin,NA,0,0,0,0,0,0,0,2002
5099,Pioneer,Gul Circle,NA,10,0,0,0,0,0,0,2002
5100,Pioneer,Joo Koon,NA,40,0,0,0,0,0,0,2002
5101,Pioneer,Pioneer Sector,NA,10,0,0,0,0,0,0,2002
5102,Punggol,Subzone 1,North East Region,200,70,0,120,36.84016631,0,63.15457081,2002
5103,Punggol,Subzone 2,North East Region,0,0,0,0,0,0,0,2002
5104,Punggol,Subzone 3,North East Region,1860,540,80,1240,29.03210198,4.301052145,66.66630825,2002
5105,Punggol,Subzone 4,North East Region,21830,6940,880,14030,31.76199919,4.027458111,64.21049693,2002
5106,Punggol,Subzone 5,North East Region,560,170,10,380,30.35660077,1.785682399,67.85593114,2002
5107,Punggol,Subzone 6,North East Region,0,0,0,0,0,0,0,2002
5108,Queenstown,Commonwealth,Central Region,8630,1970,1590,5090,22.77454015,18.38148164,58.84386261,2002
5109,Queenstown,Dover,Central Region,11330,3280,1110,6930,28.97523942,9.805645048,61.21902719,2002
5110,Queenstown,Ghim Moh,Central Region,11590,2870,1660,7080,24.72004761,14.29800663,60.98185962,2002
5111,Queenstown,Holland Drive,Central Region,16100,3800,2180,10110,23.61713883,13.54877965,62.83401937,2002
5112,Queenstown,Kent Ridge,Central Region,1280,420,30,840,32.55788715,2.325563368,65.1157743,2002
5113,Queenstown,Margaret Drive,Central Region,6600,1770,840,4010,26.73711973,12.68880258,60.57392663,2002
5114,Queenstown,Mei Chin,Central Region,17120,4630,2330,10180,27.01281971,13.59392439,59.39319755,2002
5115,Queenstown,National University Of Singapore,Central Region,80,0,0,0,0,0,0,2002
5116,Queenstown,One North,Central Region,190,60,10,140,28.57006809,4.761678015,66.66349221,2002
5117,Queenstown,Pasir Panjang 1,Central Region,3020,1050,180,1800,34.65335098,5.940574454,59.40574454,2002
5118,Queenstown,Pasir Panjang 2,Central Region,3210,1150,140,1940,35.60360494,4.334351906,60.06173356,2002
5119,Queenstown,Port,Central Region,220,60,20,150,26.08582236,8.695274119,65.21455589,2002
5120,Queenstown,Queensway,Central Region,240,60,10,160,26.08582236,4.347637059,69.56219295,2002
5121,Queenstown,Singapore Polytechnic,Central Region,90,0,0,0,0,0,0,2002
5122,Queenstown,Tanglin Halt,Central Region,12870,3070,2110,7690,23.85390532,16.39470366,59.75131332,2002
5123,River Valley,Institution Hill,Central Region,2750,800,200,1750,29.09080331,7.272700827,63.63613223,2002
5124,River Valley,Leonie Hill,Central Region,2780,790,240,1770,28.21418495,8.571397959,63.21405995,2002
5125,River Valley,One Tree Hill,Central Region,1830,520,210,1120,28.10795617,11.35128999,60.5402133,2002
5126,River Valley,Oxley,Central Region,1420,320,170,940,22.37746589,11.88802876,65.73380606,2002
5127,River Valley,Paterson,Central Region,170,50,40,90,27.77623465,22.22098772,49.99722238,2002
5128,Rochor,Bencoolen,Central Region,1680,410,270,1000,24.40461664,16.07133291,59.52345522,2002
5129,Rochor,Farrer Park,Central Region,2480,650,370,1470,26.10431283,14.85937807,59.03590749,2002
5130,Rochor,Kampong Glam,Central Region,220,50,70,110,21.7381853,30.43345941,47.82400765,2002
5131,Rochor,Little India,Central Region,4230,1040,600,2600,24.52824404,14.15091002,61.32061009,2002
5132,Rochor,Mackenzie,Central Region,30,0,0,0,0,0,0,2002
5133,Rochor,Mount Emily,Central Region,820,210,90,530,25.30089999,10.84324285,63.85465235,2002
5134,Rochor,Rochor Canal,Central Region,10,0,0,0,0,0,0,2002
5135,Rochor,Selegie,Central Region,340,110,20,220,31.4276735,5.714122454,62.85534699,2002
5136,Rochor,Sungei Road,Central Region,2420,560,380,1490,23.04517265,15.63779573,61.3166201,2002
5137,Rochor,Victoria,Central Region,2670,620,360,1700,23.13424204,13.4327857,63.43259913,2002
5138,Seletar,Seletar,NA,380,110,20,260,28.20440502,5.128073639,66.66495731,2002
5139,Sembawang,Admiralty,North Region,7770,2530,430,4800,32.60305077,5.541229973,61.85559039,2002
5140,Sembawang,Sembawang Central,North Region,25860,9730,990,15150,37.61111805,3.826824961,58.56201834,2002
5141,Sembawang,Sembawang East,North Region,120,40,20,90,26.66488901,13.3324445,59.99600027,2002
5142,Sembawang,Sembawang North,North Region,17600,6300,720,10590,35.77510745,4.088583709,60.13625205,2002
5143,Sembawang,Sembawang Springs,North Region,2370,800,220,1360,33.61330415,9.24365864,57.14261705,2002
5144,Sembawang,Sembawang Straits,North Region,530,170,70,300,31.4808985,12.96272291,55.55452677,2002
5145,Sembawang,Senoko North,North Region,10,0,0,0,0,0,0,2002
5146,Sembawang,Senoko South,North Region,50,0,0,0,0,0,0,2002
5147,Sembawang,The Wharves,North Region,10,0,0,0,0,0,0,2002
5148,Sengkang,Buangkok,North East Region,21400,6800,830,13790,31.74601693,3.874881478,64.37905491,2002
5149,Sengkang,Jalan Kayu East,North East Region,2120,630,120,1350,29.99985714,5.714258504,64.28540816,2002
5150,Sengkang,Jalan Kayu West,North East Region,920,310,70,540,33.69528592,7.60861295,58.69501418,2002
5151,Sengkang,Sengkang Town Centre,North East Region,42370,15510,1970,24910,36.58880949,4.647321385,58.76384554,2002
5152,Sengkang,Sungei Serangoon East,North East Region,0,0,0,0,0,0,0,2002
5153,Sengkang,Sungei Serangoon West,North East Region,46190,17190,2060,26940,37.21583953,4.459838827,58.32429999,2002
5154,Sengkang,Trafalgar,North East Region,40,0,0,0,0,0,0,2002
5155,Serangoon,Seletar Hills,North East Region,11010,3800,960,6240,34.54542314,8.727264793,56.72722116,2002
5156,Serangoon,Serangoon Central,North East Region,49370,16660,3740,28980,33.73834878,7.573915032,58.68771594,2002
5157,Serangoon,Serangoon Garden,North East Region,39750,13070,3650,23030,32.88049487,9.182387627,57.93709234,2002
5158,Serangoon,Serangoon North,North East Region,17770,6940,770,10070,39.03259897,4.330706226,56.63663856,2002
5159,Simpang,Pulau Seletar,NA,0,0,0,0,0,0,0,2002
5160,Simpang,Simpang North,NA,0,0,0,0,0,0,0,2002
5161,Simpang,Simpang South,NA,0,0,0,0,0,0,0,2002
5162,Simpang,Tanjong Irau,NA,0,0,0,0,0,0,0,2002
5163,Singapore River,Boat Quay,Central Region,160,40,20,110,23.52802776,11.76401388,64.70207635,2002
5164,Singapore River,Clarke Quay,Central Region,50,0,0,0,0,0,0,2002
5165,Singapore River,Robertson Quay,Central Region,720,180,30,530,24.32399562,4.05399927,71.62065377,2002
5166,Southern Islands,Sentosa,Central Region,0,0,0,0,0,0,0,2002
5167,Southern Islands,Southern Group,Central Region,0,0,0,0,0,0,0,2002
5168,Straits View,Straits View,NA,0,0,0,0,0,0,0,2002
5169,Sungei Kadut,Kranji,North Region,10,0,0,0,0,0,0,2002
5170,Sungei Kadut,Mandai,North Region,160,0,130,20,0,86.66088927,13.3324445,2002
5171,Sungei Kadut,Pang Sua,North Region,20,0,0,0,0,0,0,2002
5172,Sungei Kadut,Reservoir View,North Region,20,0,0,0,0,0,0,2002
5173,Sungei Kadut,Turf Club,North Region,630,200,80,360,31.24951173,12.49980469,56.24912111,2002
5174,Tampines,Simei,East Region,38120,14150,1910,22070,37.1098775,5.00917781,57.88091847,2002
5175,Tampines,Tampines East,East Region,133190,50950,7400,74840,38.25361977,5.555972253,56.19040047,2002
5176,Tampines,Tampines North,East Region,0,0,0,0,0,0,0,2002
5177,Tampines,Tampines West,East Region,75910,29500,3940,42480,38.85668614,5.189672657,55.95362804,2002
5178,Tampines,Xilin,East Region,2070,800,70,1210,38.46135355,3.365368436,58.17279725,2002
5179,Tanglin,Chatsworth,Central Region,4330,1220,350,2780,28.04591254,8.045958515,63.90789906,2002
5180,Tanglin,Nassim,Central Region,6230,1980,510,3740,31.78165043,8.186182687,60.03200637,2002
5181,Tanglin,Ridout,Central Region,1070,320,110,660,29.35752883,10.09165054,60.54990321,2002
5182,Tanglin,Tyersall,Central Region,2850,880,240,1750,30.66191407,8.362340201,60.9753973,2002
5183,Tengah,Tengah,NA,50,0,0,0,0,0,0,2002
5184,Toa Payoh,Bidadari,Central Region,10,0,0,0,0,0,0,2002
5185,Toa Payoh,Boon Teck,Central Region,16240,4180,2420,9660,25.70724126,14.88313968,59.40955756,2002
5186,Toa Payoh,Braddell,Central Region,11040,2950,1470,6620,26.72099029,13.31520533,59.9637138,2002
5187,Toa Payoh,Kallang,Central Region,8650,2340,1140,5190,26.98958825,13.14877376,59.86152265,2002
5188,Toa Payoh,Kim Keat,Central Region,8850,2690,820,5330,30.42982983,9.276007606,60.29404944,2002
5189,Toa Payoh,Marymount,Central Region,12810,3110,1780,7930,24.25895144,13.88454455,61.85642601,2002
5190,Toa Payoh,Paya Lebar,Central Region,6630,1940,750,3950,29.21682347,11.29516371,59.48786222,2002
5191,Toa Payoh,Pei Chun,Central Region,11540,3120,1400,7020,27.03637172,12.13170526,60.83183637,2002
5192,Toa Payoh,Potong Pasir,Central Region,12870,3770,1100,8030,29.22478355,8.527125173,62.24801376,2002
5193,Toa Payoh,Sennett,Central Region,3990,1140,600,2260,28.49992875,14.9999625,56.49985875,2002
5194,Toa Payoh,Toa Payoh Central,Central Region,20360,5480,2510,12360,26.9287337,12.33414627,60.73707089,2002
5195,Toa Payoh,Woodleigh,Central Region,1330,530,80,710,40.15121098,6.060560147,53.78747131,2002
5196,Tuas,Pioneer,NA,10,0,0,0,0,0,0,2002
5197,Tuas,Tengeh,NA,0,0,0,0,0,0,0,2002
5198,Tuas,Tuas Bay,NA,10,0,0,0,0,0,0,2002
5199,Tuas,Tuas Coast,NA,0,0,0,0,0,0,0,2002
5200,Tuas,Tuas Promenade,NA,0,0,0,0,0,0,0,2002
5201,Tuas,Tuas View,NA,0,0,0,0,0,0,0,2002
5202,Western Islands,Bukum,NA,10,0,0,0,0,0,0,2002
5203,Western Islands,Jurong Island,NA,0,0,0,0,0,0,0,2002
5204,Western Islands,Sudong,NA,0,0,0,0,0,0,0,2002
5205,Western Water Catchment,Western Water Catchment,NA,600,210,0,390,34.99941668,0,64.99891668,2002
5206,Woodlands,Greenwood Park,North Region,20,0,0,0,0,0,0,2002
5207,Woodlands,Midview,North Region,31190,13410,990,16800,42.98075545,3.173075906,53.84613659,2002
5208,Woodlands,North Coast,North Region,14460,4990,970,8490,34.53284807,6.712798123,58.7542846,2002
5209,Woodlands,Senoko West,North Region,0,0,0,0,0,0,0,2002
5210,Woodlands,Woodgrove,North Region,30310,12900,1110,16310,42.54616011,3.660948661,53.79285825,2002
5211,Woodlands,Woodlands East,North Region,82280,32120,2910,47260,39.03268453,3.536273723,57.4310296,2002
5212,Woodlands,Woodlands Regional Centre,North Region,0,0,0,0,0,0,0,2002
5213,Woodlands,Woodlands South,North Region,26110,10250,1040,14830,39.24194516,3.981621753,56.7763948,2002
5214,Woodlands,Woodlands West,North Region,28080,10350,1950,15780,36.85896123,6.944441971,56.19656118,2002
5215,Yishun,Khatib,North Region,11490,4140,540,6810,36.03130023,4.699734813,59.26887792,2002
5216,Yishun,Lower Seletar,North Region,0,0,0,0,0,0,0,2002
5217,Yishun,Nee Soon,North Region,510,170,40,300,33.33267975,7.842983471,58.82237603,2002
5218,Yishun,Northland,North Region,31280,11990,1460,17830,38.33118979,4.667517689,57.00126055,2002
5219,Yishun,Springleaf,North Region,2690,990,180,1530,36.66653086,6.666641975,56.66645679,2002
5220,Yishun,Yishun Central,North Region,1610,630,90,890,39.13019174,5.590027391,55.27915976,2002
5221,Yishun,Yishun East,North Region,30150,11820,1120,17220,39.19096844,3.71352662,57.09547179,2002
5222,Yishun,Yishun South,North Region,39410,14550,2000,22900,36.88211993,5.069707207,58.04814752,2002
5223,Yishun,Yishun West,North Region,55510,19580,3210,32730,35.26656425,5.781699247,58.95171849,2002
5224,Planning Area,Subzone,NA,0,0,0,0,0,0,0,2002
5225,Ang Mo Kio,Cheng San,North East Region,30100,8970,2480,18640,29.81055839,8.241938105,61.94747027,2001
5226,Ang Mo Kio,Chong Boon,North East Region,30610,8990,2690,18950,29.35030057,8.782236767,61.86743001,2001
5227,Ang Mo Kio,Kebun Bahru,North East Region,25870,7660,2420,15800,29.59813385,9.350846464,61.05098105,2001
5228,Ang Mo Kio,Seletar,North East Region,0,0,0,0,0,0,0,2001
5229,Ang Mo Kio,Sembawang Hills,North East Region,6000,1970,660,3370,32.83327861,10.99998167,56.16657306,2001
5230,Ang Mo Kio,Shangri-La,North East Region,21130,5970,2240,12940,28.22693701,10.59101154,61.18200417,2001
5231,Ang Mo Kio,Sindo,North East Region,7250,2770,410,4080,38.15421742,5.647375141,56.1982697,2001
5232,Ang Mo Kio,Town Centre,North East Region,3050,900,260,1900,29.41166859,8.496704259,62.09130036,2001
5233,Ang Mo Kio,Townsville,North East Region,20120,5450,2200,12490,27.06056253,10.92352983,62.01585799,2001
5234,Ang Mo Kio,Yio Chu Kang,North East Region,29430,10140,1890,17430,34.41954025,6.415476437,59.16494937,2001
5235,Bedok,Bayshore,East Region,4580,1380,210,3010,29.99993478,4.565207467,65.43464036,2001
5236,Bedok,Bedok North,East Region,85730,27830,7360,50550,32.45859197,8.584090438,58.95730593,2001
5237,Bedok,Bedok Reservoir,East Region,23510,8450,1410,13660,35.92685547,5.99489541,58.0782066,2001
5238,Bedok,Bedok South,East Region,53730,16620,5400,31720,30.92667828,10.04837922,59.02492389,2001
5239,Bedok,Frankel,East Region,31220,9940,3340,17930,31.84875622,10.70169474,57.449517,2001
5240,Bedok,Kaki Bukit,East Region,42960,16320,2450,24190,37.98881797,5.702978188,56.30818056,2001
5241,Bedok,Kembangan,East Region,36140,11920,3440,20810,32.95547886,9.510641551,57.53385194,2001
5242,Bedok,Siglap,East Region,7460,2180,740,4560,29.14434606,9.893034902,60.96248534,2001
5243,Bishan,Bishan East,Central Region,29770,9910,1900,17960,33.28853433,6.38226188,60.3291702,2001
5244,Bishan,Marymount,Central Region,28710,10280,1600,16840,35.7938594,5.571028701,58.63507708,2001
5245,Bishan,Upper Thomson,Central Region,30080,9530,3000,17570,31.66111905,9.966774097,58.37207363,2001
5246,Boon Lay,Liu Fang,NA,0,0,0,0,0,0,0,2001
5247,Boon Lay,Samulun,NA,0,0,0,0,0,0,0,2001
5248,Boon Lay,Shipyard,NA,0,0,0,0,0,0,0,2001
5249,Boon Lay,Tukang,NA,20,0,0,0,0,0,0,2001
5250,Bukit Batok,Brickworks,West Region,0,0,0,0,0,0,0,2001
5251,Bukit Batok,Bukit Batok Central,West Region,23920,8470,1320,14120,35.42449376,5.520700326,59.05476409,2001
5252,Bukit Batok,Bukit Batok East,West Region,15450,5500,770,9180,35.59868246,4.983815544,59.41743727,2001
5253,Bukit Batok,Bukit Batok South,West Region,14240,5880,530,7830,41.29210583,3.721907499,54.98591644,2001
5254,Bukit Batok,Bukit Batok West,West Region,15780,5690,860,9220,36.08114389,5.453389059,58.46540364,2001
5255,Bukit Batok,Gombak,West Region,1100,390,80,640,35.13481861,7.207142278,57.65713822,2001
5256,Bukit Batok,Guilin,West Region,12240,4380,620,7250,35.75507285,5.061220358,59.18362516,2001
5257,Bukit Batok,Hillview,West Region,18380,6540,960,10890,35.56278653,5.220225546,59.21693354,2001
5258,Bukit Batok,Hong Kah,West Region,28160,10670,1320,16190,37.86371971,4.68417151,57.4520733,2001
5259,Bukit Merah,Alexandra Hill,Central Region,15420,4160,1920,9340,26.97793322,12.45135379,60.57064814,2001
5260,Bukit Merah,Alexandra North,Central Region,340,120,0,240,33.33240743,0,66.66481487,2001
5261,Bukit Merah,Bukit Ho Swee,Central Region,18030,4270,2920,10850,23.66960994,16.1862438,60.14409083,2001
5262,Bukit Merah,Bukit Merah,Central Region,1350,410,110,840,30.14683716,8.088175822,61.76425173,2001
5263,Bukit Merah,Depot Road,Central Region,5080,1430,490,3150,28.20507257,9.664675218,62.13005497,2001
5264,Bukit Merah,Everton Park,Central Region,8920,2120,1190,5610,23.7667895,13.34079222,62.89230617,2001
5265,Bukit Merah,Henderson Hill,Central Region,16060,3910,2470,9680,24.34618658,15.37981608,60.27393507,2001
5266,Bukit Merah,Kampong Tiong Bahru,Central Region,11580,2980,1510,7100,25.71179835,13.02846158,61.25965379,2001
5267,Bukit Merah,Maritime Square,Central Region,860,240,80,550,27.58588982,9.195296606,63.21766416,2001
5268,Bukit Merah,Redhill,Central Region,7950,1990,1370,4610,24.96860104,17.18943891,57.84183458,2001
5269,Bukit Merah,Singapore General Hospital,Central Region,100,10,0,80,11.10987668,0,88.87901344,2001
5270,Bukit Merah,Tanjong Pagar,Central Region,0,0,0,0,0,0,0,2001
5271,Bukit Merah,Telok Blangah Drive,Central Region,16370,4400,1860,10100,26.89484909,11.3691862,61.73590358,2001
5272,Bukit Merah,Telok Blangah Rise,Central Region,15890,4550,1560,9790,28.6163342,9.811314584,61.57228832,2001
5273,Bukit Merah,Telok Blangah Way,Central Region,9830,2360,1520,5960,23.98371546,15.44713877,60.56904414,2001
5274,Bukit Merah,Tiong Bahru,Central Region,7190,1480,1270,4440,20.58411602,17.66339685,61.75234805,2001
5275,Bukit Merah,Tiong Bahru Station,Central Region,9850,2240,1500,6110,22.74109366,15.22841094,62.03039388,2001
5276,Bukit Panjang,Bangkit,West Region,25140,9260,1530,14360,36.81907085,6.083496587,57.0973928,2001
5277,Bukit Panjang,Bukit Panjang,West Region,32010,12090,1530,18390,37.76943525,4.779754833,57.45077868,2001
5278,Bukit Panjang,Dairy Farm,West Region,3320,1270,190,1860,38.25289683,5.722874329,56.02392764,2001
5279,Bukit Panjang,Fajar,West Region,19840,7570,910,11380,38.11679853,4.582072214,57.3010789,2001
5280,Bukit Panjang,Nature Reserve,West Region,2430,890,140,1420,36.32638234,5.714262391,57.95894711,2001
5281,Bukit Panjang,Saujana,West Region,20090,8090,860,11150,40.24873619,4.278604837,55.47260922,2001
5282,Bukit Panjang,Senja,West Region,9360,3380,350,5630,36.11107253,3.739312244,60.14950839,2001
5283,Bukit Timah,Anak Bukit,Central Region,21870,7860,1520,12500,35.92320113,6.946980372,57.12977279,2001
5284,Bukit Timah,Coronation Road,Central Region,5210,1620,560,3050,30.97508418,10.70743651,58.31728811,2001
5285,Bukit Timah,Farrer Court,Central Region,6240,1800,730,3710,28.84610762,11.6986992,59.45503292,2001
5286,Bukit Timah,Hillcrest,Central Region,7290,2240,750,4330,30.60105109,10.24588764,59.15292465,2001
5287,Bukit Timah,Holland Road,Central Region,6050,1980,540,3540,32.67321341,8.910876385,58.41574519,2001
5288,Bukit Timah,Leedon Park,Central Region,5920,1850,500,3590,31.14472871,8.417494247,60.43760869,2001
5289,Bukit Timah,Swiss Club,Central Region,4240,1320,510,2410,31.13200205,12.02827352,56.83948859,2001
5290,Bukit Timah,Ulu Pandan,Central Region,9730,3290,730,5720,33.77819941,7.494858835,58.72683909,2001
5291,Central Water Catchment,Central Water Catchment,NA,10,0,0,0,0,0,0,2001
5292,Changi,Changi Airport,East Region,0,0,0,0,0,0,0,2001
5293,Changi,Changi Point,East Region,610,210,60,360,33.33280424,9.523658355,57.14195013,2001
5294,Changi,Changi West,East Region,470,180,40,280,35.99928001,7.999840003,55.99888002,2001
5295,Changi Bay,Changi Bay,NA,0,0,0,0,0,0,0,2001
5296,Choa Chu Kang,Central,West Region,17830,6960,780,10090,39.03531181,4.374647014,56.58998509,2001
5297,Choa Chu Kang,Keat Hong,West Region,15640,6330,570,8750,40.4472585,3.642170197,55.91050741,2001
5298,Choa Chu Kang,Kranji North,West Region,14760,6160,450,8170,41.67791497,3.044652879,55.27736449,2001
5299,Choa Chu Kang,Pang Sua,West Region,15830,6480,520,8850,40.88325496,3.280755028,55.83592692,2001
5300,Choa Chu Kang,Peng Siang,West Region,29590,11820,1180,16610,39.91893282,3.985138809,56.0958946,2001
5301,Choa Chu Kang,Teck Whye,West Region,26140,9970,1470,14700,38.14076582,5.623563266,56.23563266,2001
5302,Choa Chu Kang,Yew Tee,West Region,32320,12600,1240,18480,38.98513645,3.836632476,57.17820013,2001
5303,Clementi,Clementi Central,West Region,11350,3210,1030,7110,28.28191341,9.074881872,62.64311661,2001
5304,Clementi,Clementi North,West Region,26190,6990,2300,16900,26.68956598,8.781974501,64.52842133,2001
5305,Clementi,Clementi West,West Region,16540,5350,1170,10050,32.28724666,7.060949269,60.65174372,2001
5306,Clementi,Clementi Woods,West Region,20110,5660,1940,12510,28.1451874,9.646937023,62.20782585,2001
5307,Clementi,Faber,West Region,3550,1180,220,2160,33.14597431,6.179757922,60.67398687,2001
5308,Clementi,Pandan,West Region,10,0,0,0,0,0,0,2001
5309,Clementi,Sunset Way,West Region,6470,2140,460,3880,33.02464039,7.098754477,59.87645081,2001
5310,Clementi,Toh Tuck,West Region,0,0,0,0,0,0,0,2001
5311,Clementi,West Coast,West Region,3540,1320,170,2050,37.28803026,4.802246321,57.90944093,2001
5312,Downtown Core,Anson,Central Region,50,0,0,0,0,0,0,2001
5313,Downtown Core,Bayfront Subzone,Central Region,0,0,0,0,0,0,0,2001
5314,Downtown Core,Bugis,Central Region,2970,670,450,1860,22.48314603,15.10062047,62.41589793,2001
5315,Downtown Core,Cecil,Central Region,40,0,0,0,0,0,0,2001
5316,Downtown Core,Central Subzone,Central Region,0,0,0,0,0,0,0,2001
5317,Downtown Core,City Hall,Central Region,130,30,0,90,24.99791684,0,74.99375052,2001
5318,Downtown Core,Clifford Pier,Central Region,0,0,0,0,0,0,0,2001
5319,Downtown Core,Marina Centre,Central Region,10,0,0,0,0,0,0,2001
5320,Downtown Core,Maxwell,Central Region,0,0,0,0,0,0,0,2001
5321,Downtown Core,Phillip,Central Region,10,0,0,0,0,0,0,2001
5322,Downtown Core,Raffles Place,Central Region,60,0,0,0,0,0,0,2001
5323,Downtown Core,Tanjong Pagar,Central Region,260,70,20,190,24.99910717,7.14260205,67.85471947,2001
5324,Geylang,Aljunied,Central Region,43390,12510,4770,26120,28.82487815,10.99078088,60.18431793,2001
5325,Geylang,Geylang East,Central Region,29820,9260,3240,17340,31.03216118,10.85790521,58.1099001,2001
5326,Geylang,Kallang Way,Central Region,40,0,0,0,0,0,0,2001
5327,Geylang,Kampong Ubi,Central Region,13370,5270,620,7490,39.38711556,4.633778301,55.97903141,2001
5328,Geylang,Macpherson,Central Region,28580,7970,3960,16670,27.86712312,13.846149,58.28669291,2001
5329,Hougang,Defu Industrial Park,North East Region,20,0,0,0,0,0,0,2001
5330,Hougang,Hougang Central,North East Region,49320,17280,3460,28600,35.02228719,7.012564448,57.9651281,2001
5331,Hougang,Lorong Ah Soo,North East Region,35660,11520,3030,21130,32.28698647,8.492150086,59.22083542,2001
5332,Hougang,Rosyth,North East Region,20930,7540,1570,11810,36.04204778,7.504776527,56.45312789,2001
5333,Hougang,Sungei Serangoon,North East Region,0,0,0,0,0,0,0,2001
5334,Hougang,Tai Keng,North East Region,12510,4370,1090,7060,34.90412548,8.706063334,56.38973132,2001
5335,Hougang,Trafalgar,North East Region,87530,33250,4660,49640,37.97829378,5.32267215,56.69902265,2001
5336,Jurong East,Boon Lay,West Region,20040,7000,1290,11740,34.94756118,6.440336275,58.61205262,2001
5337,Jurong East,International Business Park,West Region,0,0,0,0,0,0,0,2001
5338,Jurong East,Jurong Lake,West Region,1160,340,70,740,29.5649603,6.086903592,64.34726655,2001
5339,Jurong East,Jurong Port,West Region,0,0,0,0,0,0,0,2001
5340,Jurong East,Jurong Regional Centre,West Region,2590,820,180,1600,31.53834024,6.923050296,61.53822485,2001
5341,Jurong East,Jurong River,West Region,0,0,0,0,0,0,0,2001
5342,Jurong East,Penjuru Crescent,West Region,20,0,0,0,0,0,0,2001
5343,Jurong East,Teban Gardens,West Region,19180,6450,1260,11490,33.5937325,6.562496582,59.84371883,2001
5344,Jurong East,Toh Guan,West Region,15410,6250,630,8540,40.53175063,4.085600463,55.38258406,2001
5345,Jurong East,Yuhua,West Region,29970,10090,1980,17910,33.65575929,6.604400732,59.73980662,2001
5346,Jurong West,Boon Lay,West Region,25900,8670,1540,15700,33.46197088,5.943648806,60.59434172,2001
5347,Jurong West,Boon Lay,North Region,25900,8670,1540,15700,33.46197088,5.943648806,60.59434172,2001
5348,Jurong West,Central,West Region,46270,17330,1730,27210,37.45406582,3.738922901,58.80698967,2001
5349,Jurong West,Central,North Region,46270,17330,1730,27210,37.45406582,3.738922901,58.80698967,2001
5350,Jurong West,Chin Bee,West Region,10,0,0,0,0,0,0,2001
5351,Jurong West,Chin Bee,North Region,10,0,0,0,0,0,0,2001
5352,Jurong West,Hong Kah,West Region,56230,20220,2820,33200,35.95305193,5.014223859,59.03270643,2001
5353,Jurong West,Hong Kah,North Region,56230,20220,2820,33200,35.95305193,5.014223859,59.03270643,2001
5354,Jurong West,Kian Teck,West Region,40,0,0,0,0,0,0,2001
5355,Jurong West,Kian Teck,North Region,40,0,0,0,0,0,0,2001
5356,Jurong West,Safti,West Region,0,0,0,0,0,0,0,2001
5357,Jurong West,Safti,North Region,0,0,0,0,0,0,0,2001
5358,Jurong West,Taman Jurong,West Region,28420,10550,1570,16310,37.10867495,5.522333619,57.36895625,2001
5359,Jurong West,Taman Jurong,North Region,28420,10550,1570,16310,37.10867495,5.522333619,57.36895625,2001
5360,Jurong West,Wenya,West Region,2570,890,160,1520,34.63021545,6.22565671,59.14373874,2001
5361,Jurong West,Wenya,North Region,2570,890,160,1520,34.63021545,6.22565671,59.14373874,2001
5362,Jurong West,Yunnan,West Region,64930,26280,2090,36570,40.46811819,3.218354909,56.3135115,2001
5363,Jurong West,Yunnan,North Region,64930,26280,2090,36570,40.46811819,3.218354909,56.3135115,2001
5364,Kallang,Bendemeer,Central Region,28920,8210,3340,17370,28.38864855,11.54909697,60.0622199,2001
5365,Kallang,Boon Keng,Central Region,9880,2660,1280,5940,26.92304967,12.95545247,60.12139664,2001
5366,Kallang,Crawford,Central Region,9770,2000,2080,5690,20.47080812,21.28964044,58.23944909,2001
5367,Kallang,Geylang Bahru,Central Region,13530,3710,1730,8100,27.40027518,12.77694773,59.82270323,2001
5368,Kallang,Kallang Bahru,Central Region,20,0,0,0,0,0,0,2001
5369,Kallang,Kampong Bugis,Central Region,890,270,80,540,30.33673779,8.988663049,60.67347558,2001
5370,Kallang,Kampong Java,Central Region,9850,2760,1180,5940,27.9351944,11.94330775,60.12139664,2001
5371,Kallang,Lavender,Central Region,7570,1780,1280,4500,23.5449424,16.93119454,59.52373079,2001
5372,Kallang,Tanjong Rhu,Central Region,8590,2560,760,5280,29.76740725,8.837199027,61.39527745,2001
5373,Lim Chu Kang,Lim Chu Kang,NA,60,0,0,0,0,0,0,2001
5374,Mandai,Subzone 1,North Region,0,0,0,0,0,0,0,2001
5375,Mandai,Subzone 2,North Region,0,0,0,0,0,0,0,2001
5376,Mandai,Subzone 3,North Region,1230,430,80,730,34.6771397,6.451560875,58.87049298,2001
5377,Marina East,Marina East,NA,0,0,0,0,0,0,0,2001
5378,Marina South,Marina South,NA,0,0,0,0,0,0,0,2001
5379,Marine Parade,East Coast,Central Region,0,0,0,0,0,0,0,2001
5380,Marine Parade,Katong,Central Region,7750,2320,980,4460,29.89686869,12.62884971,57.47415274,2001
5381,Marine Parade,Marina East,Central Region,0,0,0,0,0,0,0,2001
5382,Marine Parade,Marine Parade,Central Region,28390,7390,3760,17250,26.0211176,13.23943196,60.73941523,2001
5383,Marine Parade,Mountbatten,Central Region,9090,2900,810,5390,31.86809685,8.90108912,59.23070414,2001
5384,Museum,Bras Basah,Central Region,10,0,0,0,0,0,0,2001
5385,Museum,Dhoby Ghaut,Central Region,40,0,0,0,0,0,0,2001
5386,Museum,Fort Canning,Central Region,50,0,0,0,0,0,0,2001
5387,Newton,Cairnhill,Central Region,3470,890,380,2210,25.57463915,10.91950885,63.50556464,2001
5388,Newton,Goodwood Park,Central Region,530,160,50,320,30.18810966,9.433784268,60.37621932,2001
5389,Newton,Istana Negara,Central Region,50,0,0,0,0,0,0,2001
5390,Newton,Monk's Hill,Central Region,1220,310,140,800,24.7998016,11.1999104,63.999488,2001
5391,Newton,Newton Circus,Central Region,140,50,10,110,29.4100347,5.882006941,64.70207635,2001
5392,Newton,Orange Grove,Central Region,1190,370,110,740,30.32762027,9.016319538,60.65524053,2001
5393,North Eastern Islands,North Eastern Islands,NA,100,10,30,60,9.9990001,29.9970003,59.9940006,2001
5394,Novena,Balestier,Central Region,29960,8290,3610,18050,27.67945653,12.05341835,60.26709173,2001
5395,Novena,Dunearn,Central Region,3400,1010,420,1980,29.61868147,12.31667942,58.06434585,2001
5396,Novena,Malcolm,Central Region,2490,740,310,1450,29.5998816,12.3999504,57.999768,2001
5397,Novena,Moulmein,Central Region,5160,1540,500,3130,29.78717643,9.671161178,60.54146897,2001
5398,Novena,Mount Pleasant,Central Region,580,190,90,320,31.6661389,14.99975,53.33244446,2001
5399,Orchard,Boulevard,Central Region,330,70,40,220,21.21147844,12.12084482,66.66464653,2001
5400,Orchard,Somerset,Central Region,120,20,0,100,16.66527789,0,83.32638947,2001
5401,Orchard,Tanglin,Central Region,190,50,10,120,27.77623465,5.555246931,66.66296317,2001
5402,Outram,China Square,Central Region,2140,510,270,1350,23.94354956,12.67599683,63.37998413,2001
5403,Outram,Chinatown,Central Region,7440,1470,1590,4370,19.78463017,21.39970202,58.81553322,2001
5404,Outram,Pearl's Hill,Central Region,7490,1390,1670,4430,18.55805266,22.29636543,59.1454484,2001
5405,Outram,People's Park,Central Region,440,110,40,290,24.99943183,9.090702484,65.90759301,2001
5406,Pasir Ris,Elias,East Region,31420,12530,1210,17670,39.89174152,3.852275119,56.25595153,2001
5407,Pasir Ris,Loyang,East Region,10,0,0,0,0,0,0,2001
5408,Pasir Ris,Loyang East,East Region,9380,3660,440,5290,38.97759427,4.685831006,56.33646823,2001
5409,Pasir Ris,Pasir Ris Drive,East Region,59150,23870,2640,32650,40.34820143,4.462473891,55.18930778,2001
5410,Pasir Ris,Pasir Ris Park,East Region,950,390,30,550,40.20577107,3.092751621,56.70044639,2001
5411,Pasir Ris,Pasir Ris Town,East Region,20660,8160,900,11610,39.47748453,4.354134323,56.16833277,2001
5412,Pasir Ris,Pasir Ris West,East Region,10,0,0,0,0,0,0,2001
5413,Paya Lebar,Airport Road,NA,0,0,0,0,0,0,0,2001
5414,Paya Lebar,Paya Lebar East,NA,10,0,0,0,0,0,0,2001
5415,Paya Lebar,Paya Lebar North,NA,30,0,0,0,0,0,0,2001
5416,Paya Lebar,Paya Lebar West,NA,70,0,0,0,0,0,0,2001
5417,Paya Lebar,Plab,NA,0,0,0,0,0,0,0,2001
5418,Pioneer,Benoi Sector,NA,10,0,0,0,0,0,0,2001
5419,Pioneer,Gul Basin,NA,0,0,0,0,0,0,0,2001
5420,Pioneer,Gul Circle,NA,10,0,0,0,0,0,0,2001
5421,Pioneer,Joo Koon,NA,40,0,0,0,0,0,0,2001
5422,Pioneer,Pioneer Sector,NA,10,0,0,0,0,0,0,2001
5423,Punggol,Subzone 1,North East Region,210,70,0,120,36.84016631,0,63.15457081,2001
5424,Punggol,Subzone 2,North East Region,0,0,0,0,0,0,0,2001
5425,Punggol,Subzone 3,North East Region,260,70,10,170,27.99888004,3.999840006,67.99728011,2001
5426,Punggol,Subzone 4,North East Region,12390,4050,510,7840,32.66126398,4.112899909,63.22575546,2001
5427,Punggol,Subzone 5,North East Region,0,0,0,0,0,0,0,2001
5428,Punggol,Subzone 6,North East Region,0,0,0,0,0,0,0,2001
5429,Queenstown,Commonwealth,Central Region,8850,2020,1570,5290,22.74772213,17.68016027,59.57200499,2001
5430,Queenstown,Dover,Central Region,11770,3410,1130,7260,28.89828059,9.576263071,61.52537159,2001
5431,Queenstown,Ghim Moh,Central Region,11970,3050,1610,7290,25.52299119,13.47279207,61.00413305,2001
5432,Queenstown,Holland Drive,Central Region,16780,3990,2260,10560,23.73585738,13.44437035,62.81971278,2001
5433,Queenstown,Kent Ridge,Central Region,1280,450,40,800,34.88345052,3.100751157,62.01502314,2001
5434,Queenstown,Margaret Drive,Central Region,6690,1770,840,4110,26.33924652,12.4999814,61.16062327,2001
5435,Queenstown,Mei Chin,Central Region,17060,4530,2330,10200,26.55332558,13.65767078,59.78894502,2001
5436,Queenstown,National University Of Singapore,Central Region,130,50,0,90,35.71173488,0,64.28112278,2001
5437,Queenstown,One North,Central Region,240,70,20,170,26.92204146,7.692011846,65.38210069,2001
5438,Queenstown,Pasir Panjang 1,Central Region,3130,1060,200,1870,33.8657065,6.389755943,59.74421807,2001
5439,Queenstown,Pasir Panjang 2,Central Region,3270,1170,160,1950,35.67062296,4.878033908,59.45103826,2001
5440,Queenstown,Port,Central Region,260,70,30,160,26.92204146,11.53801777,61.53609477,2001
5441,Queenstown,Queensway,Central Region,250,80,10,160,31.99872005,3.999840006,63.9974401,2001
5442,Queenstown,Singapore Polytechnic,Central Region,100,0,0,0,0,0,0,2001
5443,Queenstown,Tanglin Halt,Central Region,13310,3260,2130,7940,24.45609568,15.97898276,59.56484654,2001
5444,River Valley,Institution Hill,Central Region,2930,810,240,1890,27.5509267,8.16323754,64.28549563,2001
5445,River Valley,Leonie Hill,Central Region,2960,840,290,1850,28.18782487,9.731510968,62.08032859,2001
5446,River Valley,One Tree Hill,Central Region,1900,530,220,1150,27.89459003,11.57888643,60.52599723,2001
5447,River Valley,Oxley,Central Region,1480,310,200,970,20.94580442,13.51342221,65.5400977,2001
5448,River Valley,Paterson,Central Region,180,40,40,100,22.22098772,22.22098772,55.55246931,2001
5449,Rochor,Bencoolen,Central Region,2740,570,540,1650,20.65209909,19.5651465,59.78239209,2001
5450,Rochor,Farrer Park,Central Region,2640,650,460,1530,24.62111886,17.42417642,57.95432593,2001
5451,Rochor,Kampong Glam,Central Region,350,50,160,150,13.8885031,44.44320991,41.66550929,2001
5452,Rochor,Little India,Central Region,4860,1130,910,2810,23.29892103,18.76284791,57.93802487,2001
5453,Rochor,Mackenzie,Central Region,40,0,0,0,0,0,0,2001
5454,Rochor,Mount Emily,Central Region,860,220,100,550,25.28706567,11.49412076,63.21766416,2001
5455,Rochor,Rochor Canal,Central Region,10,0,0,0,0,0,0,2001
5456,Rochor,Selegie,Central Region,380,130,30,220,34.20962606,7.894529091,57.89321334,2001
5457,Rochor,Sungei Road,Central Region,2470,570,390,1510,23.07682965,15.78940976,61.13335574,2001
5458,Rochor,Victoria,Central Region,2790,660,390,1740,23.65582919,13.97844452,62.36536787,2001
5459,Seletar,Seletar,NA,440,130,20,290,29.54478307,4.545351242,65.90759301,2001
5460,Sembawang,Admiralty,North Region,7040,2290,430,4320,32.52836289,6.107945869,61.3635492,2001
5461,Sembawang,Sembawang Central,North Region,25230,9410,960,14860,37.29685402,3.804992547,58.89811379,2001
5462,Sembawang,Sembawang East,North Region,130,40,10,90,28.5693879,7.142346975,64.28112278,2001
5463,Sembawang,Sembawang North,North Region,15250,5470,650,9110,35.91593177,4.267889516,59.81611306,2001
5464,Sembawang,Sembawang Springs,North Region,2330,770,230,1350,32.76581802,9.787192395,57.44656406,2001
5465,Sembawang,Sembawang Straits,North Region,570,180,90,330,29.99950001,14.99975,54.99908335,2001
5466,Sembawang,Senoko North,North Region,20,0,0,0,0,0,0,2001
5467,Sembawang,Senoko South,North Region,90,0,0,0,0,0,0,2001
5468,Sembawang,The Wharves,North Region,10,0,0,0,0,0,0,2001
5469,Sengkang,Buangkok,North East Region,17100,5610,700,10810,32.76867245,4.088782658,63.14248648,2001
5470,Sengkang,Jalan Kayu East,North East Region,360,120,30,210,33.33240743,8.333101858,58.33171301,2001
5471,Sengkang,Jalan Kayu West,North East Region,1250,420,110,740,33.07060574,8.661349123,58.26725774,2001
5472,Sengkang,Sengkang Town Centre,North East Region,40580,14690,1880,24030,36.1822571,4.630540731,59.18717754,2001
5473,Sengkang,Sungei Serangoon East,North East Region,0,0,0,0,0,0,0,2001
5474,Sengkang,Sungei Serangoon West,North East Region,43000,16110,1930,24970,37.45639678,4.487327485,58.05625249,2001
5475,Sengkang,Trafalgar,North East Region,370,0,150,210,0,41.66550929,58.33171301,2001
5476,Serangoon,Seletar Hills,North East Region,11550,3970,950,6640,34.34253085,8.217985971,57.43939668,2001
5477,Serangoon,Serangoon Central,North East Region,50600,17160,3730,29730,33.89963771,7.368627545,58.73171499,2001
5478,Serangoon,Serangoon Garden,North East Region,40770,13510,3680,23590,33.12897667,9.024029175,57.84696963,2001
5479,Serangoon,Serangoon North,North East Region,17960,7020,770,10160,39.10861331,4.289691204,56.60163978,2001
5480,Simpang,Pulau Seletar,NA,0,0,0,0,0,0,0,2001
5481,Simpang,Simpang North,NA,0,0,0,0,0,0,0,2001
5482,Simpang,Simpang South,NA,0,0,0,0,0,0,0,2001
5483,Simpang,Tanjong Irau,NA,0,0,0,0,0,0,0,2001
5484,Singapore River,Boat Quay,Central Region,240,60,20,170,23.99904004,7.999680013,67.99728011,2001
5485,Singapore River,Clarke Quay,Central Region,50,0,0,0,0,0,0,2001
5486,Singapore River,Robertson Quay,Central Region,730,180,30,510,24.99965278,4.166608797,70.83234955,2001
5487,Southern Islands,Sentosa,Central Region,0,0,0,0,0,0,0,2001
5488,Southern Islands,Southern Group,Central Region,0,0,0,0,0,0,0,2001
5489,Straits View,Straits View,NA,0,0,0,0,0,0,0,2001
5490,Sungei Kadut,Kranji,North Region,20,0,0,0,0,0,0,2001
5491,Sungei Kadut,Mandai,North Region,170,10,130,10,6.666222252,86.66088927,6.666222252,2001
5492,Sungei Kadut,Pang Sua,North Region,20,0,0,0,0,0,0,2001
5493,Sungei Kadut,Reservoir View,North Region,30,0,0,0,0,0,0,2001
5494,Sungei Kadut,Turf Club,North Region,680,210,80,390,30.8818988,11.76453287,57.35209776,2001
5495,Tampines,Simei,East Region,38000,14130,1890,21970,37.19398863,4.97499211,57.83099294,2001
5496,Tampines,Tampines East,East Region,135440,52010,7480,75960,38.39792998,5.522332556,56.07973008,2001
5497,Tampines,Tampines North,East Region,0,0,0,0,0,0,0,2001
5498,Tampines,Tampines West,East Region,77000,30090,3940,42980,39.07284261,5.116218009,55.8109264,2001
5499,Tampines,Xilin,East Region,2100,790,80,1250,37.26397517,3.773567106,58.96198603,2001
5500,Tanglin,Chatsworth,Central Region,4450,1240,410,2820,27.74043011,9.172238988,63.08710719,2001
5501,Tanglin,Nassim,Central Region,6590,2050,620,3920,31.10769179,9.408179957,59.4839765,2001
5502,Tanglin,Ridout,Central Region,1150,320,140,710,27.35019359,11.96570969,60.68324202,2001
5503,Tanglin,Tyersall,Central Region,2910,870,260,1800,29.69273142,8.873689851,61.43323743,2001
5504,Tengah,Tengah,NA,60,0,0,0,0,0,0,2001
5505,Toa Payoh,Bidadari,Central Region,10,0,0,0,0,0,0,2001
5506,Toa Payoh,Boon Teck,Central Region,16560,4280,2380,9900,25.84539502,14.371972,59.7825726,2001
5507,Toa Payoh,Braddell,Central Region,11450,3080,1510,6870,26.8760673,13.17625377,59.94759167,2001
5508,Toa Payoh,Kallang,Central Region,8910,2430,1160,5360,27.15080765,12.96087937,59.88820124,2001
5509,Toa Payoh,Kim Keat,Central Region,9050,2800,820,5450,30.87096927,9.040783858,60.08813662,2001
5510,Toa Payoh,Marymount,Central Region,13080,3230,1720,8140,24.67530582,13.13979134,62.18482644,2001
5511,Toa Payoh,Paya Lebar,Central Region,6890,2070,750,4070,30.04349776,10.88532528,59.07103183,2001
5512,Toa Payoh,Pei Chun,Central Region,11890,3290,1390,7230,27.62382231,11.67085502,60.7052387,2001
5513,Toa Payoh,Potong Pasir,Central Region,13320,3990,1080,8260,29.93246067,8.102019428,61.96544489,2001
5514,Toa Payoh,Sennett,Central Region,4190,1180,630,2360,28.29729425,15.10787744,56.5945885,2001
5515,Toa Payoh,Toa Payoh Central,Central Region,20980,5680,2560,12730,27.08630086,12.20791025,60.7057412,2001
5516,Toa Payoh,Woodleigh,Central Region,1410,550,90,780,38.7321216,6.337983535,54.92919064,2001
5517,Tuas,Pioneer,NA,30,0,0,0,0,0,0,2001
5518,Tuas,Tengeh,NA,0,0,0,0,0,0,0,2001
5519,Tuas,Tuas Bay,NA,20,0,0,0,0,0,0,2001
5520,Tuas,Tuas Coast,NA,0,0,0,0,0,0,0,2001
5521,Tuas,Tuas Promenade,NA,10,0,0,0,0,0,0,2001
5522,Tuas,Tuas View,NA,0,0,0,0,0,0,0,2001
5523,Western Islands,Bukum,NA,10,0,0,0,0,0,0,2001
5524,Western Islands,Jurong Island,NA,0,0,0,0,0,0,0,2001
5525,Western Islands,Sudong,NA,0,0,0,0,0,0,0,2001
5526,Western Water Catchment,Western Water Catchment,NA,580,180,0,380,32.14228317,0,67.85593114,2001
5527,Woodlands,Greenwood Park,North Region,40,0,0,0,0,0,0,2001
5528,Woodlands,Midview,North Region,31080,13240,980,16870,42.58602683,3.152137938,54.26180307,2001
5529,Woodlands,North Coast,North Region,14980,5310,980,8700,35.42359211,6.537687433,58.03865374,2001
5530,Woodlands,Senoko West,North Region,0,0,0,0,0,0,0,2001
5531,Woodlands,Woodgrove,North Region,30370,12900,1090,16390,42.46213217,3.587885587,53.94994933,2001
5532,Woodlands,Woodlands East,North Region,77620,30370,2870,44390,39.12146862,3.69702387,57.18149463,2001
5533,Woodlands,Woodlands Regional Centre,North Region,10,0,0,0,0,0,0,2001
5534,Woodlands,Woodlands South,North Region,25770,9970,1060,14770,38.64339587,4.108525539,57.24803983,2001
5535,Woodlands,Woodlands West,North Region,28360,10530,1910,15950,37.09051177,6.727718659,56.18173435,2001
5536,Yishun,Khatib,North Region,11850,4350,570,6940,36.67787801,4.806066774,58.5159709,2001
5537,Yishun,Lower Seletar,North Region,0,0,0,0,0,0,0,2001
5538,Yishun,Nee Soon,North Region,560,190,60,320,33.33274855,10.52613112,56.13936598,2001
5539,Yishun,Northland,North Region,31800,12180,1450,18160,38.31392315,4.561181327,57.12486407,2001
5540,Yishun,Springleaf,North Region,2750,1040,170,1550,37.68102289,6.159397973,56.15921681,2001
5541,Yishun,Yishun Central,North Region,1640,650,70,910,39.87705597,4.294452181,55.82787836,2001
5542,Yishun,Yishun East,North Region,30550,12070,1110,17360,39.5219255,3.634576413,56.84346534,2001
5543,Yishun,Yishun South,North Region,40160,14920,2020,23240,37.1328927,5.027375553,57.83970686,2001
5544,Yishun,Yishun West,North Region,55720,19860,3280,32570,35.64888967,5.887631325,58.46346105,2001
5545,Planning Area,Subzone,NA,0,0,0,0,0,0,0,2001
5546,Ang Mo Kio,Cheng San,North East Region,30390,9380,2430,18620,30.82483377,7.985537961,61.1895954,2000
5547,Ang Mo Kio,Chong Boon,North East Region,31750,9800,2620,19340,30.85641346,8.24936768,60.89418738,2000
5548,Ang Mo Kio,Kebun Bahru,North East Region,26230,8050,2330,15860,30.67834197,8.879569787,60.44205014,2000
5549,Ang Mo Kio,Seletar,North East Region,0,0,0,0,0,0,0,2000
5550,Ang Mo Kio,Sembawang Hills,North East Region,6080,2030,650,3420,33.27863397,10.65572024,56.06548186,2000
5551,Ang Mo Kio,Shangri-La,North East Region,21360,6210,2190,12940,29.10026753,10.26241319,60.63727243,2000
5552,Ang Mo Kio,Sindo,North East Region,7230,2810,380,4050,38.81210109,5.248611535,55.93914926,2000
5553,Ang Mo Kio,Town Centre,North East Region,2910,890,250,1790,30.37532295,8.532394087,61.09194167,2000
5554,Ang Mo Kio,Townsville,North East Region,20700,5870,2160,12670,28.35747422,10.43477757,61.2076999,2000
5555,Ang Mo Kio,Yio Chu Kang,North East Region,29620,10410,1840,17390,35.12144564,6.207825166,58.67069546,2000
5556,Bedok,Bayshore,East Region,4360,1330,180,2870,30.36522748,4.109579658,65.52496455,2000
5557,Bedok,Bedok North,East Region,86170,28770,7070,50340,33.38361181,8.203758621,58.41261796,2000
5558,Bedok,Bedok Reservoir,East Region,21770,7890,1310,12560,36.25917451,6.020217822,57.72056171,2000
5559,Bedok,Bedok South,East Region,54100,17070,5280,31750,31.55267439,9.759702447,58.68760468,2000
5560,Bedok,Frankel,East Region,31220,10120,3280,17840,32.39435583,10.49935643,57.10625573,2000
5561,Bedok,Kaki Bukit,East Region,43290,16800,2410,24090,38.79906725,5.565818576,55.63509108,2000
5562,Bedok,Kembangan,East Region,36510,12410,3360,20750,33.98137076,9.200435597,56.81816626,2000
5563,Bedok,Siglap,East Region,7370,2250,690,4460,30.40536432,9.324311724,60.27018882,2000
5564,Bishan,Bishan East,Central Region,30120,10310,1830,18000,34.20702249,6.071663546,59.72128078,2000
5565,Bishan,Marymount,Central Region,28680,10430,1570,16680,36.36679346,5.474196139,58.15897554,2000
5566,Bishan,Upper Thomson,Central Region,30420,9800,2920,17720,32.19447037,9.59263811,58.21285867,2000
5567,Boon Lay,Liu Fang,NA,0,0,0,0,0,0,0,2000
5568,Boon Lay,Samulun,NA,10,0,0,0,0,0,0,2000
5569,Boon Lay,Shipyard,NA,0,0,0,0,0,0,0,2000
5570,Boon Lay,Tukang,NA,10,0,0,0,0,0,0,2000
5571,Bukit Batok,Brickworks,West Region,0,0,0,0,0,0,0,2000
5572,Bukit Batok,Bukit Batok Central,West Region,23710,8560,1320,13830,36.10289494,5.567268846,58.32979404,2000
5573,Bukit Batok,Bukit Batok East,West Region,15290,5570,740,8990,36.40520496,4.836598146,58.75813153,2000
5574,Bukit Batok,Bukit Batok South,West Region,14140,5800,530,7810,41.01835854,3.748229315,55.23334142,2000
5575,Bukit Batok,Bukit Batok West,West Region,15580,5740,840,9010,36.81844976,5.388065819,57.79342027,2000
5576,Bukit Batok,Gombak,West Region,990,360,70,580,35.64321145,6.930624449,57.42517401,2000
5577,Bukit Batok,Guilin,West Region,11990,4330,610,7060,36.08330326,5.083329097,58.83328431,2000
5578,Bukit Batok,Hillview,West Region,17160,6090,960,10130,35.44817494,5.587889646,58.9638772,2000
5579,Bukit Batok,Hong Kah,West Region,27990,10730,1290,15960,38.34880688,4.610434378,57.040723,2000
5580,Bukit Merah,Alexandra Hill,Central Region,15410,4260,1870,9270,27.6623197,12.14284926,60.19476611,2000
5581,Bukit Merah,Alexandra North,Central Region,190,50,0,160,23.80839008,0,76.18684825,2000
5582,Bukit Merah,Bukit Ho Swee,Central Region,18820,4560,2960,11320,24.20380881,15.71124431,60.0848938,2000
5583,Bukit Merah,Bukit Merah,Central Region,1420,450,120,880,31.03426873,8.275804994,60.68923663,2000
5584,Bukit Merah,Depot Road,Central Region,5140,1460,470,3180,28.57137266,9.197633664,62.23079798,2000
5585,Bukit Merah,Everton Park,Central Region,7790,1860,1020,4900,23.90742428,13.11052299,62.98192419,2000
5586,Bukit Merah,Henderson Hill,Central Region,16400,4130,2390,9900,25.15223803,14.55541135,60.29228971,2000
5587,Bukit Merah,Kampong Tiong Bahru,Central Region,12510,3310,1560,7640,26.45881178,12.47001401,61.07109427,2000
5588,Bukit Merah,Maritime Square,Central Region,850,240,80,540,27.90665225,9.302217416,62.78996756,2000
5589,Bukit Merah,Redhill,Central Region,10050,2400,1730,5920,23.88057325,17.21391322,58.90541402,2000
5590,Bukit Merah,Singapore General Hospital,Central Region,90,0,0,0,0,0,0,2000
5591,Bukit Merah,Tanjong Pagar,Central Region,10,0,0,0,0,0,0,2000
5592,Bukit Merah,Telok Blangah Drive,Central Region,16530,4600,1820,10120,27.81134957,11.00362092,61.18496905,2000
5593,Bukit Merah,Telok Blangah Rise,Central Region,16060,4750,1520,9780,29.59499714,9.470399084,60.93454147,2000
5594,Bukit Merah,Telok Blangah Way,Central Region,9850,2450,1470,5940,24.84784498,14.90870699,60.24334661,2000
5595,Bukit Merah,Tiong Bahru,Central Region,7660,1630,1370,4670,21.25160202,17.86177593,60.88649167,2000
5596,Bukit Merah,Tiong Bahru Station,Central Region,6510,1660,870,3980,25.49919278,13.36403477,61.13661884,2000
5597,Bukit Panjang,Bangkit,West Region,25180,9370,1520,14300,37.19728575,6.034138137,56.76853642,2000
5598,Bukit Panjang,Bukit Panjang,West Region,30200,11510,1420,17280,38.09995429,4.700428765,57.19958385,2000
5599,Bukit Panjang,Dairy Farm,West Region,3250,1260,170,1850,38.41451703,5.182911028,56.40226707,2000
5600,Bukit Panjang,Fajar,West Region,18510,7260,860,10410,39.17968744,4.641119999,56.1791386,2000
5601,Bukit Panjang,Nature Reserve,West Region,2250,810,120,1330,35.84054938,5.309711019,58.84929713,2000
5602,Bukit Panjang,Saujana,West Region,19500,7740,850,10920,39.67194276,4.3567379,55.97126808,2000
5603,Bukit Panjang,Senja,West Region,8270,2960,310,4990,35.83530771,3.753022091,60.41154914,2000
5604,Bukit Timah,Anak Bukit,Central Region,21790,7850,1490,12450,36.02568333,6.837995944,57.13627483,2000
5605,Bukit Timah,Coronation Road,Central Region,5240,1660,510,3050,31.80070536,9.770096226,58.42900684,2000
5606,Bukit Timah,Farrer Court,Central Region,6220,1830,670,3740,29.32687608,10.73716228,59.93580138,2000
5607,Bukit Timah,Hillcrest,Central Region,7040,2180,700,4160,30.96586511,9.943167694,59.09082516,2000
5608,Bukit Timah,Holland Road,Central Region,5950,1930,530,3490,32.43692027,8.907548055,58.6553636,2000
5609,Bukit Timah,Leedon Park,Central Region,5740,1840,480,3430,31.99994435,8.347811569,59.65207017,2000
5610,Bukit Timah,Swiss Club,Central Region,4150,1310,510,2350,31.41479277,12.2301865,56.35478092,2000
5611,Bukit Timah,Ulu Pandan,Central Region,9760,3360,690,5750,34.2856793,7.040809142,58.67340952,2000
5612,Central Water Catchment,Central Water Catchment,NA,10,0,0,0,0,0,0,2000
5613,Changi,Changi Airport,East Region,0,0,0,0,0,0,0,2000
5614,Changi,Changi Point,East Region,620,210,60,360,33.33280424,9.523658355,57.14195013,2000
5615,Changi,Changi West,East Region,470,190,30,260,39.5825087,6.249869794,54.16553822,2000
5616,Changi Bay,Changi Bay,NA,0,0,0,0,0,0,0,2000
5617,Choa Chu Kang,Central,West Region,17760,7070,770,9920,39.80853614,4.335583144,55.85582441,2000
5618,Choa Chu Kang,Keat Hong,West Region,15280,6250,550,8490,40.87636306,3.59711995,55.52645159,2000
5619,Choa Chu Kang,Kranji North,West Region,14620,6100,430,8090,41.72363767,2.941174459,55.33511947,2000
5620,Choa Chu Kang,Pang Sua,West Region,14850,5980,470,8410,40.24223402,3.162851169,56.59484751,2000
5621,Choa Chu Kang,Peng Siang,West Region,28980,11600,1100,16280,40.02759143,3.795719877,56.17665418,2000
5622,Choa Chu Kang,Teck Whye,West Region,26120,10060,1430,14630,38.51453349,5.47472991,56.01069831,2000
5623,Choa Chu Kang,Yew Tee,West Region,28070,10990,1060,16030,39.1381627,3.774927431,57.08687426,2000
5624,Clementi,Clementi Central,West Region,11300,3310,980,7030,29.24025685,8.657236169,62.10241864,2000
5625,Clementi,Clementi North,West Region,26350,7320,2200,16850,27.75880631,8.34281064,63.89834513,2000
5626,Clementi,Clementi West,West Region,16440,5420,1120,9900,32.96834978,6.812647924,60.21894147,2000
5627,Clementi,Clementi Woods,West Region,20360,5980,1870,12490,29.4001822,9.193702461,61.40606617,2000
5628,Clementi,Faber,West Region,3120,1070,190,1860,34.29476188,6.089724071,59.61519354,2000
5629,Clementi,Pandan,West Region,10,0,0,0,0,0,0,2000
5630,Clementi,Sunset Way,West Region,6370,2150,430,3790,33.75190934,6.750381868,59.49755181,2000
5631,Clementi,Toh Tuck,West Region,0,0,0,0,0,0,0,2000
5632,Clementi,West Coast,West Region,3510,1350,170,2000,38.35216377,4.829531734,56.8180204,2000
5633,Downtown Core,Anson,Central Region,60,0,0,0,0,0,0,2000
5634,Downtown Core,Bayfront Subzone,Central Region,0,0,0,0,0,0,0,2000
5635,Downtown Core,Bugis,Central Region,3030,700,450,1900,22.95074442,14.75404999,62.29487772,2000
5636,Downtown Core,Cecil,Central Region,40,0,0,0,0,0,0,2000
5637,Downtown Core,Central Subzone,Central Region,0,0,0,0,0,0,0,2000
5638,Downtown Core,City Hall,Central Region,130,30,0,90,24.99791684,0,74.99375052,2000
5639,Downtown Core,Clifford Pier,Central Region,0,0,0,0,0,0,0,2000
5640,Downtown Core,Marina Centre,Central Region,10,0,0,0,0,0,0,2000
5641,Downtown Core,Maxwell,Central Region,0,0,0,0,0,0,0,2000
5642,Downtown Core,Phillip,Central Region,10,0,0,0,0,0,0,2000
5643,Downtown Core,Raffles Place,Central Region,60,0,0,0,0,0,0,2000
5644,Downtown Core,Tanjong Pagar,Central Region,260,60,20,180,23.07603554,7.692011846,69.22810661,2000
5645,Geylang,Aljunied,Central Region,43750,12810,4810,26150,29.26661429,10.98925954,59.74410333,2000
5646,Geylang,Geylang East,Central Region,30340,9680,3220,17480,31.86305732,10.59907485,57.53783491,2000
5647,Geylang,Kallang Way,Central Region,40,0,0,0,0,0,0,2000
5648,Geylang,Kampong Ubi,Central Region,13440,5340,630,7480,39.70257271,4.684011387,55.61334155,2000
5649,Geylang,Macpherson,Central Region,28870,8130,3870,16880,28.15095978,13.40027237,58.44873322,2000
5650,Hougang,Defu Industrial Park,North East Region,20,0,0,0,0,0,0,2000
5651,Hougang,Hougang Central,North East Region,50100,17950,3410,28750,35.82118623,6.805027578,57.37376624,2000
5652,Hougang,Lorong Ah Soo,North East Region,36280,11860,3000,21420,32.69017842,8.269016464,59.04077755,2000
5653,Hougang,Rosyth,North East Region,20920,7670,1520,11730,36.6634624,7.265770905,56.0707189,2000
5654,Hougang,Sungei Serangoon,North East Region,20,0,0,0,0,0,0,2000
5655,Hougang,Tai Keng,North East Region,12740,4490,1100,7160,35.21565865,8.627444214,56.1568187,2000
5656,Hougang,Trafalgar,North East Region,85120,32550,4470,48110,38.23563512,5.250792288,56.51356085,2000
5657,Jurong East,Boon Lay,West Region,19560,7010,1180,11390,35.80182033,6.026554634,58.17157397,2000
5658,Jurong East,International Business Park,West Region,0,0,0,0,0,0,0,2000
5659,Jurong East,Jurong Lake,West Region,1190,370,70,740,31.35566648,5.932153117,62.71133295,2000
5660,Jurong East,Jurong Port,West Region,0,0,0,0,0,0,0,2000
5661,Jurong East,Jurong Regional Centre,West Region,2610,840,190,1590,32.06094633,7.251880718,60.68679127,2000
5662,Jurong East,Jurong River,West Region,10,0,0,0,0,0,0,2000
5663,Jurong East,Penjuru Crescent,West Region,20,0,0,0,0,0,0,2000
5664,Jurong East,Teban Gardens,West Region,19480,6790,1220,11480,34.83836078,6.259617106,58.9019708,2000
5665,Jurong East,Toh Guan,West Region,14960,6010,600,8360,40.14693377,4.008013355,55.84498608,2000
5666,Jurong East,Yuhua,West Region,30050,10360,1970,17730,34.46439306,6.553557367,58.98201631,2000
5667,Jurong West,Boon Lay,West Region,25820,8870,1470,15510,34.31333295,5.686651572,59.99997679,2000
5668,Jurong West,Boon Lay,North Region,25820,8870,1470,15510,34.31333295,5.686651572,59.99997679,2000
5669,Jurong West,Central,West Region,41500,15650,1560,24300,37.70174953,3.758129666,58.54009671,2000
5670,Jurong West,Central,North Region,41500,15650,1560,24300,37.70174953,3.758129666,58.54009671,2000
5671,Jurong West,Chin Bee,West Region,10,0,0,0,0,0,0,2000
5672,Jurong West,Chin Bee,North Region,10,0,0,0,0,0,0,2000
5673,Jurong West,Hong Kah,West Region,55880,20430,2770,32670,36.56702406,4.957937183,58.47502086,2000
5674,Jurong West,Hong Kah,North Region,55880,20430,2770,32670,36.56702406,4.957937183,58.47502086,2000
5675,Jurong West,Kian Teck,West Region,40,0,0,0,0,0,0,2000
5676,Jurong West,Kian Teck,North Region,40,0,0,0,0,0,0,2000
5677,Jurong West,Safti,West Region,0,0,0,0,0,0,0,2000
5678,Jurong West,Safti,North Region,0,0,0,0,0,0,0,2000
5679,Jurong West,Taman Jurong,West Region,28610,10660,1570,16380,37.25968638,5.487589833,57.25268883,2000
5680,Jurong West,Taman Jurong,North Region,28610,10660,1570,16380,37.25968638,5.487589833,57.25268883,2000
5681,Jurong West,Wenya,West Region,1760,640,130,990,36.36342975,7.386321669,56.2496804,2000
5682,Jurong West,Wenya,North Region,1760,640,130,990,36.36342975,7.386321669,56.2496804,2000
5683,Jurong West,Yunnan,West Region,63660,26160,2050,35480,41.07394551,3.218715149,55.70732364,2000
5684,Jurong West,Yunnan,North Region,63660,26160,2050,35480,41.07394551,3.218715149,55.70732364,2000
5685,Kallang,Bendemeer,Central Region,29700,8690,3410,17620,29.23955948,11.47375119,59.28665569,2000
5686,Kallang,Boon Keng,Central Region,10020,2780,1270,5980,27.71682182,12.66200133,59.62107715,2000
5687,Kallang,Crawford,Central Region,10130,2170,2020,5940,21.42149909,19.94075031,58.63765189,2000
5688,Kallang,Geylang Bahru,Central Region,13620,3760,1730,8150,27.5659622,12.68327516,59.75068933,2000
5689,Kallang,Kallang Bahru,Central Region,30,0,0,0,0,0,0,2000
5690,Kallang,Kampong Bugis,Central Region,890,290,70,530,32.58390355,7.865080168,59.5498927,2000
5691,Kallang,Kampong Java,Central Region,9870,2810,1160,5910,28.44126676,11.7408788,59.81775322,2000
5692,Kallang,Lavender,Central Region,7630,1850,1270,4500,24.27818336,16.66664479,59.05504061,2000
5693,Kallang,Tanjong Rhu,Central Region,8380,2490,730,5160,29.71356836,8.711206789,61.57510552,2000
5694,Lim Chu Kang,Lim Chu Kang,NA,110,40,0,50,44.43950672,0,55.5493834,2000
5695,Mandai,Subzone 1,North Region,0,0,0,0,0,0,0,2000
5696,Mandai,Subzone 2,North Region,0,0,0,0,0,0,0,2000
5697,Mandai,Subzone 3,North Region,930,350,80,520,36.84171746,8.42096399,54.73626593,2000
5698,Marina East,Marina East,NA,0,0,0,0,0,0,0,2000
5699,Marina South,Marina South,NA,0,0,0,0,0,0,0,2000
5700,Marine Parade,East Coast,Central Region,0,0,0,0,0,0,0,2000
5701,Marine Parade,Katong,Central Region,7770,2350,970,4480,30.1281665,12.43588149,57.4358238,2000
5702,Marine Parade,Marina East,Central Region,0,0,0,0,0,0,0,2000
5703,Marine Parade,Marine Parade,Central Region,29020,7850,3670,17510,27.04098276,12.64209003,60.31689276,2000
5704,Marine Parade,Mountbatten,Central Region,8950,2940,800,5220,32.81246338,8.928561464,58.25886355,2000
5705,Museum,Bras Basah,Central Region,20,0,0,0,0,0,0,2000
5706,Museum,Dhoby Ghaut,Central Region,40,0,0,0,0,0,0,2000
5707,Museum,Fort Canning,Central Region,50,0,0,0,0,0,0,2000
5708,Newton,Cairnhill,Central Region,3470,900,380,2190,25.93652468,10.95097709,63.11221005,2000
5709,Newton,Goodwood Park,Central Region,490,160,50,290,31.99936001,9.999800004,57.99884002,2000
5710,Newton,Istana Negara,Central Region,50,0,0,0,0,0,0,2000
5711,Newton,Monk's Hill,Central Region,1240,290,150,810,23.1998144,11.999904,64.7994816,2000
5712,Newton,Newton Circus,Central Region,130,40,10,90,28.5693879,7.142346975,64.28112278,2000
5713,Newton,Orange Grove,Central Region,890,250,100,550,27.77746914,11.11098766,61.11043211,2000
5714,North Eastern Islands,North Eastern Islands,NA,120,30,30,80,21.42704093,21.42704093,57.1387758,2000
5715,Novena,Balestier,Central Region,30480,8650,3590,18250,28.36994806,11.77434838,59.85567076,2000
5716,Novena,Dunearn,Central Region,3330,1000,390,1950,29.94003012,11.67661175,58.38305873,2000
5717,Novena,Malcolm,Central Region,2530,780,320,1440,30.70854052,12.5983756,56.69269019,2000
5718,Novena,Moulmein,Central Region,5120,1550,500,3090,30.15558335,9.727607534,60.11661456,2000
5719,Novena,Mount Pleasant,Central Region,550,170,80,310,30.35660077,14.28545919,55.35615435,2000
5720,Orchard,Boulevard,Central Region,320,80,30,210,24.99921877,9.37470704,65.62294928,2000
5721,Orchard,Somerset,Central Region,110,20,0,70,22.21975336,0,77.76913676,2000
5722,Orchard,Tanglin,Central Region,200,70,20,130,31.8167356,9.090495887,59.08822326,2000
5723,Outram,China Square,Central Region,2210,550,290,1380,24.77466318,13.06300422,62.16188215,2000
5724,Outram,Chinatown,Central Region,7780,1600,1620,4570,20.53912639,20.79586547,58.66487976,2000
5725,Outram,Pearl's Hill,Central Region,9210,1970,1880,5370,21.36657119,20.39043342,58.24288694,2000
5726,Outram,People's Park,Central Region,430,90,30,290,21.95068413,7.31689471,70.7299822,2000
5727,Pasir Ris,Elias,East Region,30680,12160,1190,17340,39.62201381,3.877483259,56.50047035,2000
5728,Pasir Ris,Loyang,East Region,10,0,0,0,0,0,0,2000
5729,Pasir Ris,Loyang East,East Region,8600,3390,410,4810,39.37277657,4.761899231,55.86520805,2000
5730,Pasir Ris,Pasir Ris Drive,East Region,59050,24020,2550,32500,40.66361255,4.316911407,55.01945911,2000
5731,Pasir Ris,Pasir Ris Park,East Region,880,360,30,510,39.99955556,3.333296297,56.66603704,2000
5732,Pasir Ris,Pasir Ris Town,East Region,20500,8090,880,11540,39.44415434,4.290587864,56.26520904,2000
5733,Pasir Ris,Pasir Ris West,East Region,10,0,0,0,0,0,0,2000
5734,Paya Lebar,Airport Road,NA,0,0,0,0,0,0,0,2000
5735,Paya Lebar,Paya Lebar East,NA,10,0,0,0,0,0,0,2000
5736,Paya Lebar,Paya Lebar North,NA,30,0,0,0,0,0,0,2000
5737,Paya Lebar,Paya Lebar West,NA,90,0,0,0,0,0,0,2000
5738,Paya Lebar,Plab,NA,0,0,0,0,0,0,0,2000
5739,Pioneer,Benoi Sector,NA,10,0,0,0,0,0,0,2000
5740,Pioneer,Gul Basin,NA,10,0,0,0,0,0,0,2000
5741,Pioneer,Gul Circle,NA,20,0,0,0,0,0,0,2000
5742,Pioneer,Joo Koon,NA,40,0,0,0,0,0,0,2000
5743,Pioneer,Pioneer Sector,NA,10,0,0,0,0,0,0,2000
5744,Punggol,Subzone 1,North East Region,220,70,10,150,30.43345941,4.347637059,65.21455589,2000
5745,Punggol,Subzone 2,North East Region,0,0,0,0,0,0,0,2000
5746,Punggol,Subzone 3,North East Region,0,0,0,0,0,0,0,2000
5747,Punggol,Subzone 4,North East Region,490,160,0,330,32.65239485,0,67.34556438,2000
5748,Punggol,Subzone 5,North East Region,0,0,0,0,0,0,0,2000
5749,Punggol,Subzone 6,North East Region,0,0,0,0,0,0,0,2000
5750,Queenstown,Commonwealth,Central Region,8980,2100,1570,5320,23.35926211,17.46382929,59.17679736,2000
5751,Queenstown,Dover,Central Region,11810,3410,1070,7330,28.87381128,9.060110872,62.06599317,2000
5752,Queenstown,Ghim Moh,Central Region,12130,3220,1530,7400,26.5020358,12.59258223,60.90529967,2000
5753,Queenstown,Holland Drive,Central Region,16990,4170,2200,10630,24.52939734,12.94116886,62.52937498,2000
5754,Queenstown,Kent Ridge,Central Region,1270,460,40,780,35.93721924,3.124975586,60.93702393,2000
5755,Queenstown,Margaret Drive,Central Region,6750,1860,790,4110,27.5147522,11.68637325,60.79872663,2000
5756,Queenstown,Mei Chin,Central Region,17310,4660,2340,10320,26.90529624,13.51038481,59.58426121,2000
5757,Queenstown,National University Of Singapore,Central Region,90,0,0,0,0,0,0,2000
5758,Queenstown,One North,Central Region,230,70,10,150,30.43345941,4.347637059,65.21455589,2000
5759,Queenstown,Pasir Panjang 1,Central Region,3110,1090,200,1830,34.93578546,6.410235865,58.65365816,2000
5760,Queenstown,Pasir Panjang 2,Central Region,3210,1160,160,1900,36.02473284,4.968928668,59.00602793,2000
5761,Queenstown,Port,Central Region,290,80,30,170,28.5704082,10.71390307,60.71211742,2000
5762,Queenstown,Queensway,Central Region,260,80,10,150,33.3319445,4.166493063,62.49739594,2000
5763,Queenstown,Singapore Polytechnic,Central Region,100,0,0,0,0,0,0,2000
5764,Queenstown,Tanglin Halt,Central Region,13480,3390,2060,8020,25.16701918,15.29323289,59.53967369,2000
5765,River Valley,Institution Hill,Central Region,2840,820,240,1780,28.87313777,8.450674469,62.67583565,2000
5766,River Valley,Leonie Hill,Central Region,2910,820,290,1780,28.37360424,10.03456735,61.59148238,2000
5767,River Valley,One Tree Hill,Central Region,1890,560,210,1130,29.47352909,11.05257341,59.47337119,2000
5768,River Valley,Oxley,Central Region,1520,370,200,970,24.02581801,12.98692866,62.98660398,2000
5769,River Valley,Paterson,Central Region,220,50,50,140,20.83246531,20.83246531,58.33090288,2000
5770,Rochor,Bencoolen,Central Region,2750,600,540,1620,21.73905167,19.5651465,58.69543951,2000
5771,Rochor,Farrer Park,Central Region,2610,680,440,1470,26.25472489,16.9883514,56.75653762,2000
5772,Rochor,Kampong Glam,Central Region,410,60,160,190,14.63378942,39.02343845,46.34033316,2000
5773,Rochor,Little India,Central Region,5110,1240,970,2920,24.17149284,18.90834521,56.91996702,2000
5774,Rochor,Mackenzie,Central Region,60,0,0,0,0,0,0,2000
5775,Rochor,Mount Emily,Central Region,860,200,90,570,23.25554354,10.46499459,66.27829909,2000
5776,Rochor,Rochor Canal,Central Region,190,20,100,70,10.5257618,52.62880901,36.84016631,2000
5777,Rochor,Selegie,Central Region,390,140,30,230,34.99912502,7.499812505,57.49856254,2000
5778,Rochor,Sungei Road,Central Region,2540,610,410,1550,23.7353162,15.95324532,60.31104937,2000
5779,Rochor,Victoria,Central Region,2830,740,370,1750,25.87403541,12.9370177,61.18859724,2000
5780,Seletar,Seletar,NA,440,120,20,300,27.27210745,4.545351242,68.18026863,2000
5781,Sembawang,Admiralty,North Region,5180,1640,340,3200,31.66017054,6.563693892,61.77594252,2000
5782,Sembawang,Sembawang Central,North Region,23450,8670,870,13900,36.98803883,3.711602512,59.300316,2000
5783,Sembawang,Sembawang East,North Region,140,40,10,90,28.5693879,7.142346975,64.28112278,2000
5784,Sembawang,Sembawang North,North Region,13590,4790,570,8240,35.22056234,4.191173389,60.58819074,2000
5785,Sembawang,Sembawang Springs,North Region,1850,610,180,1060,32.97279474,9.729677137,57.29698758,2000
5786,Sembawang,Sembawang Straits,North Region,580,190,70,330,32.20284402,11.86420569,55.9312554,2000
5787,Sembawang,Senoko North,North Region,20,0,0,0,0,0,0,2000
5788,Sembawang,Senoko South,North Region,10,0,0,0,0,0,0,2000
5789,Sembawang,The Wharves,North Region,10,0,0,0,0,0,0,2000
5790,Sengkang,Buangkok,North East Region,9550,3220,400,5930,33.71724218,4.18847729,62.09417582,2000
5791,Sengkang,Jalan Kayu East,North East Region,360,110,30,210,31.4276735,8.57118368,59.99828576,2000
5792,Sengkang,Jalan Kayu West,North East Region,1310,430,110,770,32.82417691,8.396882467,58.77817727,2000
5793,Sengkang,Sengkang Town Centre,North East Region,37910,13580,1740,22620,35.7933485,4.58618751,59.62043763,2000
5794,Sengkang,Sungei Serangoon East,North East Region,0,0,0,0,0,0,0,2000
5795,Sengkang,Sungei Serangoon West,North East Region,38070,14170,1720,22180,37.22089908,4.517991984,58.26108267,2000
5796,Sengkang,Trafalgar,North East Region,360,0,160,210,0,43.24207454,56.75522283,2000
5797,Serangoon,Seletar Hills,North East Region,11510,4010,900,6600,34.83923993,7.819280783,57.34139241,2000
5798,Serangoon,Serangoon Central,North East Region,50550,17420,3610,29530,34.45410711,7.140030233,58.40584288,2000
5799,Serangoon,Serangoon Garden,North East Region,41140,13890,3590,23670,33.7545483,8.72417771,57.52124969,2000
5800,Serangoon,Serangoon North,North East Region,17860,7050,730,10090,39.45157277,4.085056472,56.46331479,2000
5801,Simpang,Pulau Seletar,NA,0,0,0,0,0,0,0,2000
5802,Simpang,Simpang North,NA,0,0,0,0,0,0,0,2000
5803,Simpang,Simpang South,NA,0,0,0,0,0,0,0,2000
5804,Simpang,Tanjong Irau,NA,0,0,0,0,0,0,0,2000
5805,Singapore River,Boat Quay,Central Region,340,70,70,210,19.99942859,19.99942859,59.99828576,2000
5806,Singapore River,Clarke Quay,Central Region,50,0,0,0,0,0,0,2000
5807,Singapore River,Robertson Quay,Central Region,660,170,30,470,25.37275563,4.477545111,70.14820674,2000
5808,Southern Islands,Sentosa,Central Region,0,0,0,0,0,0,0,2000
5809,Southern Islands,Southern Group,Central Region,0,0,0,0,0,0,0,2000
5810,Straits View,Straits View,NA,0,0,0,0,0,0,0,2000
5811,Sungei Kadut,Kranji,North Region,30,0,0,0,0,0,0,2000
5812,Sungei Kadut,Mandai,North Region,170,20,140,10,11.76401388,82.34809717,5.882006941,2000
5813,Sungei Kadut,Pang Sua,North Region,10,0,0,0,0,0,0,2000
5814,Sungei Kadut,Reservoir View,North Region,40,0,0,0,0,0,0,2000
5815,Sungei Kadut,Turf Club,North Region,650,200,60,390,30.7687574,9.230627221,59.99907694,2000
5816,Tampines,Simei,East Region,37620,14280,1870,21510,37.91820554,4.965479298,57.1162886,2000
5817,Tampines,Tampines East,East Region,136190,52870,7390,75970,38.80936366,5.424649092,55.7659799,2000
5818,Tampines,Tampines North,East Region,0,0,0,0,0,0,0,2000
5819,Tampines,Tampines West,East Region,76520,30230,3830,42460,39.50600634,5.005226737,55.48875386,2000
5820,Tampines,Xilin,East Region,1950,730,80,1160,37.05564946,4.060893092,58.88294983,2000
5821,Tanglin,Chatsworth,Central Region,4300,1200,390,2710,27.90691184,9.069746349,63.02310925,2000
5822,Tanglin,Nassim,Central Region,6350,2020,610,3740,31.71109621,9.576123114,58.71262369,2000
5823,Tanglin,Ridout,Central Region,1110,290,140,670,26.3633967,12.72715703,60.9085372,2000
5824,Tanglin,Tyersall,Central Region,2780,870,250,1660,31.29485146,8.992773407,59.71201542,2000
5825,Tengah,Tengah,NA,70,0,0,0,0,0,0,2000
5826,Toa Payoh,Bidadari,Central Region,10,0,0,0,0,0,0,2000
5827,Toa Payoh,Boon Teck,Central Region,16730,4530,2270,9950,27.04475997,13.55223072,59.40294961,2000
5828,Toa Payoh,Braddell,Central Region,11670,3220,1470,6980,27.59209289,12.59639023,59.81143118,2000
5829,Toa Payoh,Kallang,Central Region,8950,2460,1130,5360,27.48600281,12.62568422,59.88820124,2000
5830,Toa Payoh,Kim Keat,Central Region,9170,2900,790,5500,31.55600484,8.596290972,59.84759538,2000
5831,Toa Payoh,Marymount,Central Region,12910,3300,1660,7950,25.56156037,12.85823946,61.58012271,2000
5832,Toa Payoh,Paya Lebar,Central Region,7070,2200,740,4150,31.02957542,10.43722082,58.53306272,2000
5833,Toa Payoh,Pei Chun,Central Region,12040,3350,1400,7290,27.82389716,11.62789732,60.54812247,2000
5834,Toa Payoh,Potong Pasir,Central Region,13590,4200,1070,8330,30.88233023,7.867641274,61.24995496,2000
5835,Toa Payoh,Sennett,Central Region,4280,1220,660,2420,28.37202704,15.34880151,56.27893889,2000
5836,Toa Payoh,Toa Payoh Central,Central Region,21390,5950,2470,12960,27.82973441,11.55284773,60.61737109,2000
5837,Toa Payoh,Woodleigh,Central Region,1420,550,90,780,38.7321216,6.337983535,54.92919064,2000
5838,Tuas,Pioneer,NA,20,0,0,0,0,0,0,2000
5839,Tuas,Tengeh,NA,0,0,0,0,0,0,0,2000
5840,Tuas,Tuas Bay,NA,10,0,0,0,0,0,0,2000
5841,Tuas,Tuas Coast,NA,0,0,0,0,0,0,0,2000
5842,Tuas,Tuas Promenade,NA,10,0,0,0,0,0,0,2000
5843,Tuas,Tuas View,NA,0,0,0,0,0,0,0,2000
5844,Western Islands,Bukum,NA,10,0,0,0,0,0,0,2000
5845,Western Islands,Jurong Island,NA,0,0,0,0,0,0,0,2000
5846,Western Islands,Sudong,NA,0,0,0,0,0,0,0,2000
5847,Western Water Catchment,Western Water Catchment,NA,490,170,0,320,34.69316953,0,65.3047897,2000
5848,Woodlands,Greenwood Park,North Region,50,0,0,0,0,0,0,2000
5849,Woodlands,Midview,North Region,30310,12710,940,16660,41.93334149,3.101285681,54.96533983,2000
5850,Woodlands,North Coast,North Region,14970,5390,960,8620,36.00531997,6.412821368,57.58179186,2000
5851,Woodlands,Senoko West,North Region,0,0,0,0,0,0,0,2000
5852,Woodlands,Woodgrove,North Region,29670,12540,1050,16090,42.25065962,3.537734657,54.21157203,2000
5853,Woodlands,Woodlands East,North Region,71590,27910,2680,41020,38.97499805,3.742493542,57.28249444,2000
5854,Woodlands,Woodlands Regional Centre,North Region,0,0,0,0,0,0,0,2000
5855,Woodlands,Woodlands South,North Region,24400,9290,1020,14110,38.04257246,4.176902466,57.78048412,2000
5856,Woodlands,Woodlands West,North Region,28280,10660,1810,15810,37.69447041,6.400280622,55.90521361,2000
5857,Yishun,Khatib,North Region,11880,4450,570,6860,37.45788093,4.797975759,57.74405914,2000
5858,Yishun,Lower Seletar,North Region,0,0,0,0,0,0,0,2000
5859,Yishun,Nee Soon,North Region,580,190,60,340,32.20284402,10.16931916,57.62614193,2000
5860,Yishun,Northland,North Region,31750,12330,1430,18000,38.82240591,4.502517474,56.67504513,2000
5861,Yishun,Springleaf,North Region,2760,1040,160,1570,37.54499081,5.776152433,56.67849575,2000
5862,Yishun,Yishun Central,North Region,1650,670,80,900,40.60581451,4.848455464,54.54512397,2000
5863,Yishun,Yishun East,North Region,30500,12210,1090,17210,40.01965257,3.572597977,56.40771668,2000
5864,Yishun,Yishun South,North Region,40470,15370,1970,23150,37.95998075,4.865397662,57.17459689,2000
5865,Yishun,Yishun West,North Region,55010,20030,3130,31870,36.39832157,5.687805617,57.91385464,2000
5866,Planning Area,Subzone,NA,0,0,0,0,0,0,0,2000
